clip_id,genre,genre_id,track_path,track_name,clip_path,start_sec,end_sec,duration_sec,segment_idx,track_idx,lyrics_text,lyrics_status,split
blues_000_0,blues,0,/Users/ashfaquesami/425_project/data/raw_gtzan/genres_original/blues/blues.00000.wav,blues.00000,/Users/ashfaquesami/425_project/data/clips_10s/blues_000_0.wav,0.0,10.0,10.0,0,0,,pending,train
blues_000_1,blues,0,/Users/ashfaquesami/425_project/data/raw_gtzan/genres_original/blues/blues.00000.wav,blues.00000,/Users/ashfaquesami/425_project/data/clips_10s/blues_000_1.wav,10.0,20.0,10.0,1,0,,pending,train
blues_000_2,blues,0,/Users/ashfaquesami/425_project/data/raw_gtzan/genres_original/blues/blues.00000.wav,blues.00000,/Users/ashfaquesami/425_project/data/clips_10s/blues_000_2.wav,20.0,30.0,10.0,2,0,,pending,train
blues_001_0,blues,0,/Users/ashfaquesami/425_project/data/raw_gtzan/genres_original/blues/blues.00001.wav,blues.00001,/Users/ashfaquesami/425_project/data/clips_10s/blues_001_0.wav,0.0,10.0,10.0,0,1,,pending,test
blues_001_1,blues,0,/Users/ashfaquesami/425_project/data/raw_gtzan/genres_original/blues/blues.00001.wav,blues.00001,/Users/ashfaquesami/425_project/data/clips_10s/blues_001_1.wav,10.0,20.0,10.0,1,1,,pending,test
blues_001_2,blues,0,/Users/ashfaquesami/425_project/data/raw_gtzan/genres_original/blues/blues.00001.wav,blues.00001,/Users/ashfaquesami/425_project/data/clips_10s/blues_001_2.wav,20.0,30.0,10.0,2,1,,pending,test
blues_002_0,blues,0,/Users/ashfaquesami/425_project/data/raw_gtzan/genres_original/blues/blues.00002.wav,blues.00002,/Users/ashfaquesami/425_project/data/clips_10s/blues_002_0.wav,0.0,10.0,10.0,0,2,,pending,train
blues_002_1,blues,0,/Users/ashfaquesami/425_project/data/raw_gtzan/genres_original/blues/blues.00002.wav,blues.00002,/Users/ashfaquesami/425_project/data/clips_10s/blues_002_1.wav,10.0,20.0,10.0,1,2,,pending,train
blues_002_2,blues,0,/Users/ashfaquesami/425_project/data/raw_gtzan/genres_original/blues/blues.00002.wav,blues.00002,/Users/ashfaquesami/425_project/data/clips_10s/blues_002_2.wav,20.0,30.0,10.0,2,2,,pending,train
blues_003_0,blues,0,/Users/ashfaquesami/425_project/data/raw_gtzan/genres_original/blues/blues.00003.wav,blues.00003,/Users/ashfaquesami/425_project/data/clips_10s/blues_003_0.wav,0.0,10.0,10.0,0,3,,pending,train
blues_003_1,blues,0,/Users/ashfaquesami/425_project/data/raw_gtzan/genres_original/blues/blues.00003.wav,blues.00003,/Users/ashfaquesami/425_project/data/clips_10s/blues_003_1.wav,10.0,20.0,10.0,1,3,,pending,train
blues_003_2,blues,0,/Users/ashfaquesami/425_project/data/raw_gtzan/genres_original/blues/blues.00003.wav,blues.00003,/Users/ashfaquesami/425_project/data/clips_10s/blues_003_2.wav,20.0,30.0,10.0,2,3,,pending,train
blues_004_0,blues,0,/Users/ashfaquesami/425_project/data/raw_gtzan/genres_original/blues/blues.00004.wav,blues.00004,/Users/ashfaquesami/425_project/data/clips_10s/blues_004_0.wav,0.0,10.0,10.0,0,4,,pending,val
blues_004_1,blues,0,/Users/ashfaquesami/425_project/data/raw_gtzan/genres_original/blues/blues.00004.wav,blues.00004,/Users/ashfaquesami/425_project/data/clips_10s/blues_004_1.wav,10.0,20.0,10.0,1,4,,pending,val
blues_004_2,blues,0,/Users/ashfaquesami/425_project/data/raw_gtzan/genres_original/blues/blues.00004.wav,blues.00004,/Users/ashfaquesami/425_project/data/clips_10s/blues_004_2.wav,20.0,30.0,10.0,2,4,,pending,val
blues_005_0,blues,0,/Users/ashfaquesami/425_project/data/raw_gtzan/genres_original/blues/blues.00005.wav,blues.00005,/Users/ashfaquesami/425_project/data/clips_10s/blues_005_0.wav,0.0,10.0,10.0,0,5,,pending,train
blues_005_1,blues,0,/Users/ashfaquesami/425_project/data/raw_gtzan/genres_original/blues/blues.00005.wav,blues.00005,/Users/ashfaquesami/425_project/data/clips_10s/blues_005_1.wav,10.0,20.0,10.0,1,5,,pending,train
blues_005_2,blues,0,/Users/ashfaquesami/425_project/data/raw_gtzan/genres_original/blues/blues.00005.wav,blues.00005,/Users/ashfaquesami/425_project/data/clips_10s/blues_005_2.wav,20.0,30.0,10.0,2,5,,pending,train
blues_006_0,blues,0,/Users/ashfaquesami/425_project/data/raw_gtzan/genres_original/blues/blues.00006.wav,blues.00006,/Users/ashfaquesami/425_project/data/clips_10s/blues_006_0.wav,0.0,10.0,10.0,0,6,,pending,train
blues_006_1,blues,0,/Users/ashfaquesami/425_project/data/raw_gtzan/genres_original/blues/blues.00006.wav,blues.00006,/Users/ashfaquesami/425_project/data/clips_10s/blues_006_1.wav,10.0,20.0,10.0,1,6,,pending,train
blues_006_2,blues,0,/Users/ashfaquesami/425_project/data/raw_gtzan/genres_original/blues/blues.00006.wav,blues.00006,/Users/ashfaquesami/425_project/data/clips_10s/blues_006_2.wav,20.0,30.0,10.0,2,6,,pending,train
blues_007_0,blues,0,/Users/ashfaquesami/425_project/data/raw_gtzan/genres_original/blues/blues.00007.wav,blues.00007,/Users/ashfaquesami/425_project/data/clips_10s/blues_007_0.wav,0.0,10.0,10.0,0,7,,pending,train
blues_007_1,blues,0,/Users/ashfaquesami/425_project/data/raw_gtzan/genres_original/blues/blues.00007.wav,blues.00007,/Users/ashfaquesami/425_project/data/clips_10s/blues_007_1.wav,10.0,20.0,10.0,1,7,,pending,train
blues_007_2,blues,0,/Users/ashfaquesami/425_project/data/raw_gtzan/genres_original/blues/blues.00007.wav,blues.00007,/Users/ashfaquesami/425_project/data/clips_10s/blues_007_2.wav,20.0,30.0,10.0,2,7,,pending,train
blues_008_0,blues,0,/Users/ashfaquesami/425_project/data/raw_gtzan/genres_original/blues/blues.00008.wav,blues.00008,/Users/ashfaquesami/425_project/data/clips_10s/blues_008_0.wav,0.0,10.0,10.0,0,8,,pending,train
blues_008_1,blues,0,/Users/ashfaquesami/425_project/data/raw_gtzan/genres_original/blues/blues.00008.wav,blues.00008,/Users/ashfaquesami/425_project/data/clips_10s/blues_008_1.wav,10.0,20.0,10.0,1,8,,pending,train
blues_008_2,blues,0,/Users/ashfaquesami/425_project/data/raw_gtzan/genres_original/blues/blues.00008.wav,blues.00008,/Users/ashfaquesami/425_project/data/clips_10s/blues_008_2.wav,20.0,30.0,10.0,2,8,,pending,train
blues_009_0,blues,0,/Users/ashfaquesami/425_project/data/raw_gtzan/genres_original/blues/blues.00009.wav,blues.00009,/Users/ashfaquesami/425_project/data/clips_10s/blues_009_0.wav,0.0,10.0,10.0,0,9,,pending,train
blues_009_1,blues,0,/Users/ashfaquesami/425_project/data/raw_gtzan/genres_original/blues/blues.00009.wav,blues.00009,/Users/ashfaquesami/425_project/data/clips_10s/blues_009_1.wav,10.0,20.0,10.0,1,9,,pending,train
blues_009_2,blues,0,/Users/ashfaquesami/425_project/data/raw_gtzan/genres_original/blues/blues.00009.wav,blues.00009,/Users/ashfaquesami/425_project/data/clips_10s/blues_009_2.wav,20.0,30.0,10.0,2,9,,pending,train
blues_010_0,blues,0,/Users/ashfaquesami/425_project/data/raw_gtzan/genres_original/blues/blues.00010.wav,blues.00010,/Users/ashfaquesami/425_project/data/clips_10s/blues_010_0.wav,0.0,10.0,10.0,0,10,,pending,train
blues_010_1,blues,0,/Users/ashfaquesami/425_project/data/raw_gtzan/genres_original/blues/blues.00010.wav,blues.00010,/Users/ashfaquesami/425_project/data/clips_10s/blues_010_1.wav,10.0,20.0,10.0,1,10,,pending,train
blues_010_2,blues,0,/Users/ashfaquesami/425_project/data/raw_gtzan/genres_original/blues/blues.00010.wav,blues.00010,/Users/ashfaquesami/425_project/data/clips_10s/blues_010_2.wav,20.0,30.0,10.0,2,10,,pending,train
blues_011_0,blues,0,/Users/ashfaquesami/425_project/data/raw_gtzan/genres_original/blues/blues.00011.wav,blues.00011,/Users/ashfaquesami/425_project/data/clips_10s/blues_011_0.wav,0.0,10.0,10.0,0,11,,pending,train
blues_011_1,blues,0,/Users/ashfaquesami/425_project/data/raw_gtzan/genres_original/blues/blues.00011.wav,blues.00011,/Users/ashfaquesami/425_project/data/clips_10s/blues_011_1.wav,10.0,20.0,10.0,1,11,,pending,train
blues_011_2,blues,0,/Users/ashfaquesami/425_project/data/raw_gtzan/genres_original/blues/blues.00011.wav,blues.00011,/Users/ashfaquesami/425_project/data/clips_10s/blues_011_2.wav,20.0,30.0,10.0,2,11,,pending,train
blues_012_0,blues,0,/Users/ashfaquesami/425_project/data/raw_gtzan/genres_original/blues/blues.00012.wav,blues.00012,/Users/ashfaquesami/425_project/data/clips_10s/blues_012_0.wav,0.0,10.0,10.0,0,12,,pending,train
blues_012_1,blues,0,/Users/ashfaquesami/425_project/data/raw_gtzan/genres_original/blues/blues.00012.wav,blues.00012,/Users/ashfaquesami/425_project/data/clips_10s/blues_012_1.wav,10.0,20.0,10.0,1,12,,pending,train
blues_012_2,blues,0,/Users/ashfaquesami/425_project/data/raw_gtzan/genres_original/blues/blues.00012.wav,blues.00012,/Users/ashfaquesami/425_project/data/clips_10s/blues_012_2.wav,20.0,30.0,10.0,2,12,,pending,train
blues_013_0,blues,0,/Users/ashfaquesami/425_project/data/raw_gtzan/genres_original/blues/blues.00013.wav,blues.00013,/Users/ashfaquesami/425_project/data/clips_10s/blues_013_0.wav,0.0,10.0,10.0,0,13,,pending,test
blues_013_1,blues,0,/Users/ashfaquesami/425_project/data/raw_gtzan/genres_original/blues/blues.00013.wav,blues.00013,/Users/ashfaquesami/425_project/data/clips_10s/blues_013_1.wav,10.0,20.0,10.0,1,13,,pending,test
blues_013_2,blues,0,/Users/ashfaquesami/425_project/data/raw_gtzan/genres_original/blues/blues.00013.wav,blues.00013,/Users/ashfaquesami/425_project/data/clips_10s/blues_013_2.wav,20.0,30.0,10.0,2,13,,pending,test
blues_014_0,blues,0,/Users/ashfaquesami/425_project/data/raw_gtzan/genres_original/blues/blues.00014.wav,blues.00014,/Users/ashfaquesami/425_project/data/clips_10s/blues_014_0.wav,0.0,10.0,10.0,0,14,,pending,val
blues_014_1,blues,0,/Users/ashfaquesami/425_project/data/raw_gtzan/genres_original/blues/blues.00014.wav,blues.00014,/Users/ashfaquesami/425_project/data/clips_10s/blues_014_1.wav,10.0,20.0,10.0,1,14,,pending,val
blues_014_2,blues,0,/Users/ashfaquesami/425_project/data/raw_gtzan/genres_original/blues/blues.00014.wav,blues.00014,/Users/ashfaquesami/425_project/data/clips_10s/blues_014_2.wav,20.0,30.0,10.0,2,14,,pending,val
blues_015_0,blues,0,/Users/ashfaquesami/425_project/data/raw_gtzan/genres_original/blues/blues.00015.wav,blues.00015,/Users/ashfaquesami/425_project/data/clips_10s/blues_015_0.wav,0.0,10.0,10.0,0,15,,pending,train
blues_015_1,blues,0,/Users/ashfaquesami/425_project/data/raw_gtzan/genres_original/blues/blues.00015.wav,blues.00015,/Users/ashfaquesami/425_project/data/clips_10s/blues_015_1.wav,10.0,20.0,10.0,1,15,,pending,train
blues_015_2,blues,0,/Users/ashfaquesami/425_project/data/raw_gtzan/genres_original/blues/blues.00015.wav,blues.00015,/Users/ashfaquesami/425_project/data/clips_10s/blues_015_2.wav,20.0,30.0,10.0,2,15,,pending,train
blues_016_0,blues,0,/Users/ashfaquesami/425_project/data/raw_gtzan/genres_original/blues/blues.00016.wav,blues.00016,/Users/ashfaquesami/425_project/data/clips_10s/blues_016_0.wav,0.0,10.0,10.0,0,16,,pending,train
blues_016_1,blues,0,/Users/ashfaquesami/425_project/data/raw_gtzan/genres_original/blues/blues.00016.wav,blues.00016,/Users/ashfaquesami/425_project/data/clips_10s/blues_016_1.wav,10.0,20.0,10.0,1,16,,pending,train
blues_016_2,blues,0,/Users/ashfaquesami/425_project/data/raw_gtzan/genres_original/blues/blues.00016.wav,blues.00016,/Users/ashfaquesami/425_project/data/clips_10s/blues_016_2.wav,20.0,30.0,10.0,2,16,,pending,train
blues_017_0,blues,0,/Users/ashfaquesami/425_project/data/raw_gtzan/genres_original/blues/blues.00017.wav,blues.00017,/Users/ashfaquesami/425_project/data/clips_10s/blues_017_0.wav,0.0,10.0,10.0,0,17,,pending,train
blues_017_1,blues,0,/Users/ashfaquesami/425_project/data/raw_gtzan/genres_original/blues/blues.00017.wav,blues.00017,/Users/ashfaquesami/425_project/data/clips_10s/blues_017_1.wav,10.0,20.0,10.0,1,17,,pending,train
blues_017_2,blues,0,/Users/ashfaquesami/425_project/data/raw_gtzan/genres_original/blues/blues.00017.wav,blues.00017,/Users/ashfaquesami/425_project/data/clips_10s/blues_017_2.wav,20.0,30.0,10.0,2,17,,pending,train
blues_018_0,blues,0,/Users/ashfaquesami/425_project/data/raw_gtzan/genres_original/blues/blues.00018.wav,blues.00018,/Users/ashfaquesami/425_project/data/clips_10s/blues_018_0.wav,0.0,10.0,10.0,0,18,,pending,train
blues_018_1,blues,0,/Users/ashfaquesami/425_project/data/raw_gtzan/genres_original/blues/blues.00018.wav,blues.00018,/Users/ashfaquesami/425_project/data/clips_10s/blues_018_1.wav,10.0,20.0,10.0,1,18,,pending,train
blues_018_2,blues,0,/Users/ashfaquesami/425_project/data/raw_gtzan/genres_original/blues/blues.00018.wav,blues.00018,/Users/ashfaquesami/425_project/data/clips_10s/blues_018_2.wav,20.0,30.0,10.0,2,18,,pending,train
blues_019_0,blues,0,/Users/ashfaquesami/425_project/data/raw_gtzan/genres_original/blues/blues.00019.wav,blues.00019,/Users/ashfaquesami/425_project/data/clips_10s/blues_019_0.wav,0.0,10.0,10.0,0,19,,pending,train
blues_019_1,blues,0,/Users/ashfaquesami/425_project/data/raw_gtzan/genres_original/blues/blues.00019.wav,blues.00019,/Users/ashfaquesami/425_project/data/clips_10s/blues_019_1.wav,10.0,20.0,10.0,1,19,,pending,train
blues_019_2,blues,0,/Users/ashfaquesami/425_project/data/raw_gtzan/genres_original/blues/blues.00019.wav,blues.00019,/Users/ashfaquesami/425_project/data/clips_10s/blues_019_2.wav,20.0,30.0,10.0,2,19,,pending,train
blues_020_0,blues,0,/Users/ashfaquesami/425_project/data/raw_gtzan/genres_original/blues/blues.00020.wav,blues.00020,/Users/ashfaquesami/425_project/data/clips_10s/blues_020_0.wav,0.0,10.0,10.0,0,20,,pending,test
blues_020_1,blues,0,/Users/ashfaquesami/425_project/data/raw_gtzan/genres_original/blues/blues.00020.wav,blues.00020,/Users/ashfaquesami/425_project/data/clips_10s/blues_020_1.wav,10.0,20.0,10.0,1,20,,pending,test
blues_020_2,blues,0,/Users/ashfaquesami/425_project/data/raw_gtzan/genres_original/blues/blues.00020.wav,blues.00020,/Users/ashfaquesami/425_project/data/clips_10s/blues_020_2.wav,20.0,30.0,10.0,2,20,,pending,test
blues_021_0,blues,0,/Users/ashfaquesami/425_project/data/raw_gtzan/genres_original/blues/blues.00021.wav,blues.00021,/Users/ashfaquesami/425_project/data/clips_10s/blues_021_0.wav,0.0,10.0,10.0,0,21,,pending,test
blues_021_1,blues,0,/Users/ashfaquesami/425_project/data/raw_gtzan/genres_original/blues/blues.00021.wav,blues.00021,/Users/ashfaquesami/425_project/data/clips_10s/blues_021_1.wav,10.0,20.0,10.0,1,21,,pending,test
blues_021_2,blues,0,/Users/ashfaquesami/425_project/data/raw_gtzan/genres_original/blues/blues.00021.wav,blues.00021,/Users/ashfaquesami/425_project/data/clips_10s/blues_021_2.wav,20.0,30.0,10.0,2,21,,pending,test
blues_022_0,blues,0,/Users/ashfaquesami/425_project/data/raw_gtzan/genres_original/blues/blues.00022.wav,blues.00022,/Users/ashfaquesami/425_project/data/clips_10s/blues_022_0.wav,0.0,10.0,10.0,0,22,,pending,train
blues_022_1,blues,0,/Users/ashfaquesami/425_project/data/raw_gtzan/genres_original/blues/blues.00022.wav,blues.00022,/Users/ashfaquesami/425_project/data/clips_10s/blues_022_1.wav,10.0,20.0,10.0,1,22,,pending,train
blues_022_2,blues,0,/Users/ashfaquesami/425_project/data/raw_gtzan/genres_original/blues/blues.00022.wav,blues.00022,/Users/ashfaquesami/425_project/data/clips_10s/blues_022_2.wav,20.0,30.0,10.0,2,22,,pending,train
blues_023_0,blues,0,/Users/ashfaquesami/425_project/data/raw_gtzan/genres_original/blues/blues.00023.wav,blues.00023,/Users/ashfaquesami/425_project/data/clips_10s/blues_023_0.wav,0.0,10.0,10.0,0,23,,pending,train
blues_023_1,blues,0,/Users/ashfaquesami/425_project/data/raw_gtzan/genres_original/blues/blues.00023.wav,blues.00023,/Users/ashfaquesami/425_project/data/clips_10s/blues_023_1.wav,10.0,20.0,10.0,1,23,,pending,train
blues_023_2,blues,0,/Users/ashfaquesami/425_project/data/raw_gtzan/genres_original/blues/blues.00023.wav,blues.00023,/Users/ashfaquesami/425_project/data/clips_10s/blues_023_2.wav,20.0,30.0,10.0,2,23,,pending,train
blues_024_0,blues,0,/Users/ashfaquesami/425_project/data/raw_gtzan/genres_original/blues/blues.00024.wav,blues.00024,/Users/ashfaquesami/425_project/data/clips_10s/blues_024_0.wav,0.0,10.0,10.0,0,24,,pending,train
blues_024_1,blues,0,/Users/ashfaquesami/425_project/data/raw_gtzan/genres_original/blues/blues.00024.wav,blues.00024,/Users/ashfaquesami/425_project/data/clips_10s/blues_024_1.wav,10.0,20.0,10.0,1,24,,pending,train
blues_024_2,blues,0,/Users/ashfaquesami/425_project/data/raw_gtzan/genres_original/blues/blues.00024.wav,blues.00024,/Users/ashfaquesami/425_project/data/clips_10s/blues_024_2.wav,20.0,30.0,10.0,2,24,,pending,train
blues_025_0,blues,0,/Users/ashfaquesami/425_project/data/raw_gtzan/genres_original/blues/blues.00025.wav,blues.00025,/Users/ashfaquesami/425_project/data/clips_10s/blues_025_0.wav,0.0,10.0,10.0,0,25,,pending,train
blues_025_1,blues,0,/Users/ashfaquesami/425_project/data/raw_gtzan/genres_original/blues/blues.00025.wav,blues.00025,/Users/ashfaquesami/425_project/data/clips_10s/blues_025_1.wav,10.0,20.0,10.0,1,25,,pending,train
blues_025_2,blues,0,/Users/ashfaquesami/425_project/data/raw_gtzan/genres_original/blues/blues.00025.wav,blues.00025,/Users/ashfaquesami/425_project/data/clips_10s/blues_025_2.wav,20.0,30.0,10.0,2,25,,pending,train
blues_026_0,blues,0,/Users/ashfaquesami/425_project/data/raw_gtzan/genres_original/blues/blues.00026.wav,blues.00026,/Users/ashfaquesami/425_project/data/clips_10s/blues_026_0.wav,0.0,10.0,10.0,0,26,,pending,train
blues_026_1,blues,0,/Users/ashfaquesami/425_project/data/raw_gtzan/genres_original/blues/blues.00026.wav,blues.00026,/Users/ashfaquesami/425_project/data/clips_10s/blues_026_1.wav,10.0,20.0,10.0,1,26,,pending,train
blues_026_2,blues,0,/Users/ashfaquesami/425_project/data/raw_gtzan/genres_original/blues/blues.00026.wav,blues.00026,/Users/ashfaquesami/425_project/data/clips_10s/blues_026_2.wav,20.0,30.0,10.0,2,26,,pending,train
blues_027_0,blues,0,/Users/ashfaquesami/425_project/data/raw_gtzan/genres_original/blues/blues.00027.wav,blues.00027,/Users/ashfaquesami/425_project/data/clips_10s/blues_027_0.wav,0.0,10.0,10.0,0,27,,pending,val
blues_027_1,blues,0,/Users/ashfaquesami/425_project/data/raw_gtzan/genres_original/blues/blues.00027.wav,blues.00027,/Users/ashfaquesami/425_project/data/clips_10s/blues_027_1.wav,10.0,20.0,10.0,1,27,,pending,val
blues_027_2,blues,0,/Users/ashfaquesami/425_project/data/raw_gtzan/genres_original/blues/blues.00027.wav,blues.00027,/Users/ashfaquesami/425_project/data/clips_10s/blues_027_2.wav,20.0,30.0,10.0,2,27,,pending,val
blues_028_0,blues,0,/Users/ashfaquesami/425_project/data/raw_gtzan/genres_original/blues/blues.00028.wav,blues.00028,/Users/ashfaquesami/425_project/data/clips_10s/blues_028_0.wav,0.0,10.0,10.0,0,28,,pending,train
blues_028_1,blues,0,/Users/ashfaquesami/425_project/data/raw_gtzan/genres_original/blues/blues.00028.wav,blues.00028,/Users/ashfaquesami/425_project/data/clips_10s/blues_028_1.wav,10.0,20.0,10.0,1,28,,pending,train
blues_028_2,blues,0,/Users/ashfaquesami/425_project/data/raw_gtzan/genres_original/blues/blues.00028.wav,blues.00028,/Users/ashfaquesami/425_project/data/clips_10s/blues_028_2.wav,20.0,30.0,10.0,2,28,,pending,train
blues_029_0,blues,0,/Users/ashfaquesami/425_project/data/raw_gtzan/genres_original/blues/blues.00029.wav,blues.00029,/Users/ashfaquesami/425_project/data/clips_10s/blues_029_0.wav,0.0,10.0,10.0,0,29,,pending,train
blues_029_1,blues,0,/Users/ashfaquesami/425_project/data/raw_gtzan/genres_original/blues/blues.00029.wav,blues.00029,/Users/ashfaquesami/425_project/data/clips_10s/blues_029_1.wav,10.0,20.0,10.0,1,29,,pending,train
blues_029_2,blues,0,/Users/ashfaquesami/425_project/data/raw_gtzan/genres_original/blues/blues.00029.wav,blues.00029,/Users/ashfaquesami/425_project/data/clips_10s/blues_029_2.wav,20.0,30.0,10.0,2,29,,pending,train
blues_030_0,blues,0,/Users/ashfaquesami/425_project/data/raw_gtzan/genres_original/blues/blues.00030.wav,blues.00030,/Users/ashfaquesami/425_project/data/clips_10s/blues_030_0.wav,0.0,10.0,10.0,0,30,,pending,train
blues_030_1,blues,0,/Users/ashfaquesami/425_project/data/raw_gtzan/genres_original/blues/blues.00030.wav,blues.00030,/Users/ashfaquesami/425_project/data/clips_10s/blues_030_1.wav,10.0,20.0,10.0,1,30,,pending,train
blues_030_2,blues,0,/Users/ashfaquesami/425_project/data/raw_gtzan/genres_original/blues/blues.00030.wav,blues.00030,/Users/ashfaquesami/425_project/data/clips_10s/blues_030_2.wav,20.0,30.0,10.0,2,30,,pending,train
blues_031_0,blues,0,/Users/ashfaquesami/425_project/data/raw_gtzan/genres_original/blues/blues.00031.wav,blues.00031,/Users/ashfaquesami/425_project/data/clips_10s/blues_031_0.wav,0.0,10.0,10.0,0,31,,pending,train
blues_031_1,blues,0,/Users/ashfaquesami/425_project/data/raw_gtzan/genres_original/blues/blues.00031.wav,blues.00031,/Users/ashfaquesami/425_project/data/clips_10s/blues_031_1.wav,10.0,20.0,10.0,1,31,,pending,train
blues_031_2,blues,0,/Users/ashfaquesami/425_project/data/raw_gtzan/genres_original/blues/blues.00031.wav,blues.00031,/Users/ashfaquesami/425_project/data/clips_10s/blues_031_2.wav,20.0,30.0,10.0,2,31,,pending,train
blues_032_0,blues,0,/Users/ashfaquesami/425_project/data/raw_gtzan/genres_original/blues/blues.00032.wav,blues.00032,/Users/ashfaquesami/425_project/data/clips_10s/blues_032_0.wav,0.0,10.0,10.0,0,32,,pending,val
blues_032_1,blues,0,/Users/ashfaquesami/425_project/data/raw_gtzan/genres_original/blues/blues.00032.wav,blues.00032,/Users/ashfaquesami/425_project/data/clips_10s/blues_032_1.wav,10.0,20.0,10.0,1,32,,pending,val
blues_032_2,blues,0,/Users/ashfaquesami/425_project/data/raw_gtzan/genres_original/blues/blues.00032.wav,blues.00032,/Users/ashfaquesami/425_project/data/clips_10s/blues_032_2.wav,20.0,30.0,10.0,2,32,,pending,val
blues_033_0,blues,0,/Users/ashfaquesami/425_project/data/raw_gtzan/genres_original/blues/blues.00033.wav,blues.00033,/Users/ashfaquesami/425_project/data/clips_10s/blues_033_0.wav,0.0,10.0,10.0,0,33,,pending,train
blues_033_1,blues,0,/Users/ashfaquesami/425_project/data/raw_gtzan/genres_original/blues/blues.00033.wav,blues.00033,/Users/ashfaquesami/425_project/data/clips_10s/blues_033_1.wav,10.0,20.0,10.0,1,33,,pending,train
blues_033_2,blues,0,/Users/ashfaquesami/425_project/data/raw_gtzan/genres_original/blues/blues.00033.wav,blues.00033,/Users/ashfaquesami/425_project/data/clips_10s/blues_033_2.wav,20.0,30.0,10.0,2,33,,pending,train
blues_034_0,blues,0,/Users/ashfaquesami/425_project/data/raw_gtzan/genres_original/blues/blues.00034.wav,blues.00034,/Users/ashfaquesami/425_project/data/clips_10s/blues_034_0.wav,0.0,10.0,10.0,0,34,,pending,test
blues_034_1,blues,0,/Users/ashfaquesami/425_project/data/raw_gtzan/genres_original/blues/blues.00034.wav,blues.00034,/Users/ashfaquesami/425_project/data/clips_10s/blues_034_1.wav,10.0,20.0,10.0,1,34,,pending,test
blues_034_2,blues,0,/Users/ashfaquesami/425_project/data/raw_gtzan/genres_original/blues/blues.00034.wav,blues.00034,/Users/ashfaquesami/425_project/data/clips_10s/blues_034_2.wav,20.0,30.0,10.0,2,34,,pending,test
blues_035_0,blues,0,/Users/ashfaquesami/425_project/data/raw_gtzan/genres_original/blues/blues.00035.wav,blues.00035,/Users/ashfaquesami/425_project/data/clips_10s/blues_035_0.wav,0.0,10.0,10.0,0,35,,pending,val
blues_035_1,blues,0,/Users/ashfaquesami/425_project/data/raw_gtzan/genres_original/blues/blues.00035.wav,blues.00035,/Users/ashfaquesami/425_project/data/clips_10s/blues_035_1.wav,10.0,20.0,10.0,1,35,,pending,val
blues_035_2,blues,0,/Users/ashfaquesami/425_project/data/raw_gtzan/genres_original/blues/blues.00035.wav,blues.00035,/Users/ashfaquesami/425_project/data/clips_10s/blues_035_2.wav,20.0,30.0,10.0,2,35,,pending,val
blues_036_0,blues,0,/Users/ashfaquesami/425_project/data/raw_gtzan/genres_original/blues/blues.00036.wav,blues.00036,/Users/ashfaquesami/425_project/data/clips_10s/blues_036_0.wav,0.0,10.0,10.0,0,36,,pending,train
blues_036_1,blues,0,/Users/ashfaquesami/425_project/data/raw_gtzan/genres_original/blues/blues.00036.wav,blues.00036,/Users/ashfaquesami/425_project/data/clips_10s/blues_036_1.wav,10.0,20.0,10.0,1,36,,pending,train
blues_036_2,blues,0,/Users/ashfaquesami/425_project/data/raw_gtzan/genres_original/blues/blues.00036.wav,blues.00036,/Users/ashfaquesami/425_project/data/clips_10s/blues_036_2.wav,20.0,30.0,10.0,2,36,,pending,train
blues_037_0,blues,0,/Users/ashfaquesami/425_project/data/raw_gtzan/genres_original/blues/blues.00037.wav,blues.00037,/Users/ashfaquesami/425_project/data/clips_10s/blues_037_0.wav,0.0,10.0,10.0,0,37,,pending,train
blues_037_1,blues,0,/Users/ashfaquesami/425_project/data/raw_gtzan/genres_original/blues/blues.00037.wav,blues.00037,/Users/ashfaquesami/425_project/data/clips_10s/blues_037_1.wav,10.0,20.0,10.0,1,37,,pending,train
blues_037_2,blues,0,/Users/ashfaquesami/425_project/data/raw_gtzan/genres_original/blues/blues.00037.wav,blues.00037,/Users/ashfaquesami/425_project/data/clips_10s/blues_037_2.wav,20.0,30.0,10.0,2,37,,pending,train
blues_038_0,blues,0,/Users/ashfaquesami/425_project/data/raw_gtzan/genres_original/blues/blues.00038.wav,blues.00038,/Users/ashfaquesami/425_project/data/clips_10s/blues_038_0.wav,0.0,10.0,10.0,0,38,,pending,train
blues_038_1,blues,0,/Users/ashfaquesami/425_project/data/raw_gtzan/genres_original/blues/blues.00038.wav,blues.00038,/Users/ashfaquesami/425_project/data/clips_10s/blues_038_1.wav,10.0,20.0,10.0,1,38,,pending,train
blues_038_2,blues,0,/Users/ashfaquesami/425_project/data/raw_gtzan/genres_original/blues/blues.00038.wav,blues.00038,/Users/ashfaquesami/425_project/data/clips_10s/blues_038_2.wav,20.0,30.0,10.0,2,38,,pending,train
blues_039_0,blues,0,/Users/ashfaquesami/425_project/data/raw_gtzan/genres_original/blues/blues.00039.wav,blues.00039,/Users/ashfaquesami/425_project/data/clips_10s/blues_039_0.wav,0.0,10.0,10.0,0,39,,pending,train
blues_039_1,blues,0,/Users/ashfaquesami/425_project/data/raw_gtzan/genres_original/blues/blues.00039.wav,blues.00039,/Users/ashfaquesami/425_project/data/clips_10s/blues_039_1.wav,10.0,20.0,10.0,1,39,,pending,train
blues_039_2,blues,0,/Users/ashfaquesami/425_project/data/raw_gtzan/genres_original/blues/blues.00039.wav,blues.00039,/Users/ashfaquesami/425_project/data/clips_10s/blues_039_2.wav,20.0,30.0,10.0,2,39,,pending,train
blues_040_0,blues,0,/Users/ashfaquesami/425_project/data/raw_gtzan/genres_original/blues/blues.00040.wav,blues.00040,/Users/ashfaquesami/425_project/data/clips_10s/blues_040_0.wav,0.0,10.0,10.0,0,40,,pending,val
blues_040_1,blues,0,/Users/ashfaquesami/425_project/data/raw_gtzan/genres_original/blues/blues.00040.wav,blues.00040,/Users/ashfaquesami/425_project/data/clips_10s/blues_040_1.wav,10.0,20.0,10.0,1,40,,pending,val
blues_040_2,blues,0,/Users/ashfaquesami/425_project/data/raw_gtzan/genres_original/blues/blues.00040.wav,blues.00040,/Users/ashfaquesami/425_project/data/clips_10s/blues_040_2.wav,20.0,30.0,10.0,2,40,,pending,val
blues_041_0,blues,0,/Users/ashfaquesami/425_project/data/raw_gtzan/genres_original/blues/blues.00041.wav,blues.00041,/Users/ashfaquesami/425_project/data/clips_10s/blues_041_0.wav,0.0,10.0,10.0,0,41,,pending,train
blues_041_1,blues,0,/Users/ashfaquesami/425_project/data/raw_gtzan/genres_original/blues/blues.00041.wav,blues.00041,/Users/ashfaquesami/425_project/data/clips_10s/blues_041_1.wav,10.0,20.0,10.0,1,41,,pending,train
blues_041_2,blues,0,/Users/ashfaquesami/425_project/data/raw_gtzan/genres_original/blues/blues.00041.wav,blues.00041,/Users/ashfaquesami/425_project/data/clips_10s/blues_041_2.wav,20.0,30.0,10.0,2,41,,pending,train
blues_042_0,blues,0,/Users/ashfaquesami/425_project/data/raw_gtzan/genres_original/blues/blues.00042.wav,blues.00042,/Users/ashfaquesami/425_project/data/clips_10s/blues_042_0.wav,0.0,10.0,10.0,0,42,,pending,train
blues_042_1,blues,0,/Users/ashfaquesami/425_project/data/raw_gtzan/genres_original/blues/blues.00042.wav,blues.00042,/Users/ashfaquesami/425_project/data/clips_10s/blues_042_1.wav,10.0,20.0,10.0,1,42,,pending,train
blues_042_2,blues,0,/Users/ashfaquesami/425_project/data/raw_gtzan/genres_original/blues/blues.00042.wav,blues.00042,/Users/ashfaquesami/425_project/data/clips_10s/blues_042_2.wav,20.0,30.0,10.0,2,42,,pending,train
blues_043_0,blues,0,/Users/ashfaquesami/425_project/data/raw_gtzan/genres_original/blues/blues.00043.wav,blues.00043,/Users/ashfaquesami/425_project/data/clips_10s/blues_043_0.wav,0.0,10.0,10.0,0,43,,pending,train
blues_043_1,blues,0,/Users/ashfaquesami/425_project/data/raw_gtzan/genres_original/blues/blues.00043.wav,blues.00043,/Users/ashfaquesami/425_project/data/clips_10s/blues_043_1.wav,10.0,20.0,10.0,1,43,,pending,train
blues_043_2,blues,0,/Users/ashfaquesami/425_project/data/raw_gtzan/genres_original/blues/blues.00043.wav,blues.00043,/Users/ashfaquesami/425_project/data/clips_10s/blues_043_2.wav,20.0,30.0,10.0,2,43,,pending,train
blues_044_0,blues,0,/Users/ashfaquesami/425_project/data/raw_gtzan/genres_original/blues/blues.00044.wav,blues.00044,/Users/ashfaquesami/425_project/data/clips_10s/blues_044_0.wav,0.0,10.0,10.0,0,44,,pending,train
blues_044_1,blues,0,/Users/ashfaquesami/425_project/data/raw_gtzan/genres_original/blues/blues.00044.wav,blues.00044,/Users/ashfaquesami/425_project/data/clips_10s/blues_044_1.wav,10.0,20.0,10.0,1,44,,pending,train
blues_044_2,blues,0,/Users/ashfaquesami/425_project/data/raw_gtzan/genres_original/blues/blues.00044.wav,blues.00044,/Users/ashfaquesami/425_project/data/clips_10s/blues_044_2.wav,20.0,30.0,10.0,2,44,,pending,train
blues_045_0,blues,0,/Users/ashfaquesami/425_project/data/raw_gtzan/genres_original/blues/blues.00045.wav,blues.00045,/Users/ashfaquesami/425_project/data/clips_10s/blues_045_0.wav,0.0,10.0,10.0,0,45,,pending,train
blues_045_1,blues,0,/Users/ashfaquesami/425_project/data/raw_gtzan/genres_original/blues/blues.00045.wav,blues.00045,/Users/ashfaquesami/425_project/data/clips_10s/blues_045_1.wav,10.0,20.0,10.0,1,45,,pending,train
blues_045_2,blues,0,/Users/ashfaquesami/425_project/data/raw_gtzan/genres_original/blues/blues.00045.wav,blues.00045,/Users/ashfaquesami/425_project/data/clips_10s/blues_045_2.wav,20.0,30.0,10.0,2,45,,pending,train
blues_046_0,blues,0,/Users/ashfaquesami/425_project/data/raw_gtzan/genres_original/blues/blues.00046.wav,blues.00046,/Users/ashfaquesami/425_project/data/clips_10s/blues_046_0.wav,0.0,10.0,10.0,0,46,,pending,train
blues_046_1,blues,0,/Users/ashfaquesami/425_project/data/raw_gtzan/genres_original/blues/blues.00046.wav,blues.00046,/Users/ashfaquesami/425_project/data/clips_10s/blues_046_1.wav,10.0,20.0,10.0,1,46,,pending,train
blues_046_2,blues,0,/Users/ashfaquesami/425_project/data/raw_gtzan/genres_original/blues/blues.00046.wav,blues.00046,/Users/ashfaquesami/425_project/data/clips_10s/blues_046_2.wav,20.0,30.0,10.0,2,46,,pending,train
blues_047_0,blues,0,/Users/ashfaquesami/425_project/data/raw_gtzan/genres_original/blues/blues.00047.wav,blues.00047,/Users/ashfaquesami/425_project/data/clips_10s/blues_047_0.wav,0.0,10.0,10.0,0,47,,pending,val
blues_047_1,blues,0,/Users/ashfaquesami/425_project/data/raw_gtzan/genres_original/blues/blues.00047.wav,blues.00047,/Users/ashfaquesami/425_project/data/clips_10s/blues_047_1.wav,10.0,20.0,10.0,1,47,,pending,val
blues_047_2,blues,0,/Users/ashfaquesami/425_project/data/raw_gtzan/genres_original/blues/blues.00047.wav,blues.00047,/Users/ashfaquesami/425_project/data/clips_10s/blues_047_2.wav,20.0,30.0,10.0,2,47,,pending,val
blues_048_0,blues,0,/Users/ashfaquesami/425_project/data/raw_gtzan/genres_original/blues/blues.00048.wav,blues.00048,/Users/ashfaquesami/425_project/data/clips_10s/blues_048_0.wav,0.0,10.0,10.0,0,48,,pending,train
blues_048_1,blues,0,/Users/ashfaquesami/425_project/data/raw_gtzan/genres_original/blues/blues.00048.wav,blues.00048,/Users/ashfaquesami/425_project/data/clips_10s/blues_048_1.wav,10.0,20.0,10.0,1,48,,pending,train
blues_048_2,blues,0,/Users/ashfaquesami/425_project/data/raw_gtzan/genres_original/blues/blues.00048.wav,blues.00048,/Users/ashfaquesami/425_project/data/clips_10s/blues_048_2.wav,20.0,30.0,10.0,2,48,,pending,train
blues_049_0,blues,0,/Users/ashfaquesami/425_project/data/raw_gtzan/genres_original/blues/blues.00049.wav,blues.00049,/Users/ashfaquesami/425_project/data/clips_10s/blues_049_0.wav,0.0,10.0,10.0,0,49,,pending,train
blues_049_1,blues,0,/Users/ashfaquesami/425_project/data/raw_gtzan/genres_original/blues/blues.00049.wav,blues.00049,/Users/ashfaquesami/425_project/data/clips_10s/blues_049_1.wav,10.0,20.0,10.0,1,49,,pending,train
blues_049_2,blues,0,/Users/ashfaquesami/425_project/data/raw_gtzan/genres_original/blues/blues.00049.wav,blues.00049,/Users/ashfaquesami/425_project/data/clips_10s/blues_049_2.wav,20.0,30.0,10.0,2,49,,pending,train
blues_050_0,blues,0,/Users/ashfaquesami/425_project/data/raw_gtzan/genres_original/blues/blues.00050.wav,blues.00050,/Users/ashfaquesami/425_project/data/clips_10s/blues_050_0.wav,0.0,10.0,10.0,0,50,,pending,train
blues_050_1,blues,0,/Users/ashfaquesami/425_project/data/raw_gtzan/genres_original/blues/blues.00050.wav,blues.00050,/Users/ashfaquesami/425_project/data/clips_10s/blues_050_1.wav,10.0,20.0,10.0,1,50,,pending,train
blues_050_2,blues,0,/Users/ashfaquesami/425_project/data/raw_gtzan/genres_original/blues/blues.00050.wav,blues.00050,/Users/ashfaquesami/425_project/data/clips_10s/blues_050_2.wav,20.0,30.0,10.0,2,50,,pending,train
blues_051_0,blues,0,/Users/ashfaquesami/425_project/data/raw_gtzan/genres_original/blues/blues.00051.wav,blues.00051,/Users/ashfaquesami/425_project/data/clips_10s/blues_051_0.wav,0.0,10.0,10.0,0,51,,pending,train
blues_051_1,blues,0,/Users/ashfaquesami/425_project/data/raw_gtzan/genres_original/blues/blues.00051.wav,blues.00051,/Users/ashfaquesami/425_project/data/clips_10s/blues_051_1.wav,10.0,20.0,10.0,1,51,,pending,train
blues_051_2,blues,0,/Users/ashfaquesami/425_project/data/raw_gtzan/genres_original/blues/blues.00051.wav,blues.00051,/Users/ashfaquesami/425_project/data/clips_10s/blues_051_2.wav,20.0,30.0,10.0,2,51,,pending,train
blues_052_0,blues,0,/Users/ashfaquesami/425_project/data/raw_gtzan/genres_original/blues/blues.00052.wav,blues.00052,/Users/ashfaquesami/425_project/data/clips_10s/blues_052_0.wav,0.0,10.0,10.0,0,52,,pending,val
blues_052_1,blues,0,/Users/ashfaquesami/425_project/data/raw_gtzan/genres_original/blues/blues.00052.wav,blues.00052,/Users/ashfaquesami/425_project/data/clips_10s/blues_052_1.wav,10.0,20.0,10.0,1,52,,pending,val
blues_052_2,blues,0,/Users/ashfaquesami/425_project/data/raw_gtzan/genres_original/blues/blues.00052.wav,blues.00052,/Users/ashfaquesami/425_project/data/clips_10s/blues_052_2.wav,20.0,30.0,10.0,2,52,,pending,val
blues_053_0,blues,0,/Users/ashfaquesami/425_project/data/raw_gtzan/genres_original/blues/blues.00053.wav,blues.00053,/Users/ashfaquesami/425_project/data/clips_10s/blues_053_0.wav,0.0,10.0,10.0,0,53,,pending,train
blues_053_1,blues,0,/Users/ashfaquesami/425_project/data/raw_gtzan/genres_original/blues/blues.00053.wav,blues.00053,/Users/ashfaquesami/425_project/data/clips_10s/blues_053_1.wav,10.0,20.0,10.0,1,53,,pending,train
blues_053_2,blues,0,/Users/ashfaquesami/425_project/data/raw_gtzan/genres_original/blues/blues.00053.wav,blues.00053,/Users/ashfaquesami/425_project/data/clips_10s/blues_053_2.wav,20.0,30.0,10.0,2,53,,pending,train
blues_054_0,blues,0,/Users/ashfaquesami/425_project/data/raw_gtzan/genres_original/blues/blues.00054.wav,blues.00054,/Users/ashfaquesami/425_project/data/clips_10s/blues_054_0.wav,0.0,10.0,10.0,0,54,,pending,train
blues_054_1,blues,0,/Users/ashfaquesami/425_project/data/raw_gtzan/genres_original/blues/blues.00054.wav,blues.00054,/Users/ashfaquesami/425_project/data/clips_10s/blues_054_1.wav,10.0,20.0,10.0,1,54,,pending,train
blues_054_2,blues,0,/Users/ashfaquesami/425_project/data/raw_gtzan/genres_original/blues/blues.00054.wav,blues.00054,/Users/ashfaquesami/425_project/data/clips_10s/blues_054_2.wav,20.0,30.0,10.0,2,54,,pending,train
blues_055_0,blues,0,/Users/ashfaquesami/425_project/data/raw_gtzan/genres_original/blues/blues.00055.wav,blues.00055,/Users/ashfaquesami/425_project/data/clips_10s/blues_055_0.wav,0.0,10.0,10.0,0,55,,pending,train
blues_055_1,blues,0,/Users/ashfaquesami/425_project/data/raw_gtzan/genres_original/blues/blues.00055.wav,blues.00055,/Users/ashfaquesami/425_project/data/clips_10s/blues_055_1.wav,10.0,20.0,10.0,1,55,,pending,train
blues_055_2,blues,0,/Users/ashfaquesami/425_project/data/raw_gtzan/genres_original/blues/blues.00055.wav,blues.00055,/Users/ashfaquesami/425_project/data/clips_10s/blues_055_2.wav,20.0,30.0,10.0,2,55,,pending,train
blues_056_0,blues,0,/Users/ashfaquesami/425_project/data/raw_gtzan/genres_original/blues/blues.00056.wav,blues.00056,/Users/ashfaquesami/425_project/data/clips_10s/blues_056_0.wav,0.0,10.0,10.0,0,56,,pending,train
blues_056_1,blues,0,/Users/ashfaquesami/425_project/data/raw_gtzan/genres_original/blues/blues.00056.wav,blues.00056,/Users/ashfaquesami/425_project/data/clips_10s/blues_056_1.wav,10.0,20.0,10.0,1,56,,pending,train
blues_056_2,blues,0,/Users/ashfaquesami/425_project/data/raw_gtzan/genres_original/blues/blues.00056.wav,blues.00056,/Users/ashfaquesami/425_project/data/clips_10s/blues_056_2.wav,20.0,30.0,10.0,2,56,,pending,train
blues_057_0,blues,0,/Users/ashfaquesami/425_project/data/raw_gtzan/genres_original/blues/blues.00057.wav,blues.00057,/Users/ashfaquesami/425_project/data/clips_10s/blues_057_0.wav,0.0,10.0,10.0,0,57,,pending,train
blues_057_1,blues,0,/Users/ashfaquesami/425_project/data/raw_gtzan/genres_original/blues/blues.00057.wav,blues.00057,/Users/ashfaquesami/425_project/data/clips_10s/blues_057_1.wav,10.0,20.0,10.0,1,57,,pending,train
blues_057_2,blues,0,/Users/ashfaquesami/425_project/data/raw_gtzan/genres_original/blues/blues.00057.wav,blues.00057,/Users/ashfaquesami/425_project/data/clips_10s/blues_057_2.wav,20.0,30.0,10.0,2,57,,pending,train
blues_058_0,blues,0,/Users/ashfaquesami/425_project/data/raw_gtzan/genres_original/blues/blues.00058.wav,blues.00058,/Users/ashfaquesami/425_project/data/clips_10s/blues_058_0.wav,0.0,10.0,10.0,0,58,,pending,test
blues_058_1,blues,0,/Users/ashfaquesami/425_project/data/raw_gtzan/genres_original/blues/blues.00058.wav,blues.00058,/Users/ashfaquesami/425_project/data/clips_10s/blues_058_1.wav,10.0,20.0,10.0,1,58,,pending,test
blues_058_2,blues,0,/Users/ashfaquesami/425_project/data/raw_gtzan/genres_original/blues/blues.00058.wav,blues.00058,/Users/ashfaquesami/425_project/data/clips_10s/blues_058_2.wav,20.0,30.0,10.0,2,58,,pending,test
blues_059_0,blues,0,/Users/ashfaquesami/425_project/data/raw_gtzan/genres_original/blues/blues.00059.wav,blues.00059,/Users/ashfaquesami/425_project/data/clips_10s/blues_059_0.wav,0.0,10.0,10.0,0,59,,pending,train
blues_059_1,blues,0,/Users/ashfaquesami/425_project/data/raw_gtzan/genres_original/blues/blues.00059.wav,blues.00059,/Users/ashfaquesami/425_project/data/clips_10s/blues_059_1.wav,10.0,20.0,10.0,1,59,,pending,train
blues_059_2,blues,0,/Users/ashfaquesami/425_project/data/raw_gtzan/genres_original/blues/blues.00059.wav,blues.00059,/Users/ashfaquesami/425_project/data/clips_10s/blues_059_2.wav,20.0,30.0,10.0,2,59,,pending,train
blues_060_0,blues,0,/Users/ashfaquesami/425_project/data/raw_gtzan/genres_original/blues/blues.00060.wav,blues.00060,/Users/ashfaquesami/425_project/data/clips_10s/blues_060_0.wav,0.0,10.0,10.0,0,60,,pending,train
blues_060_1,blues,0,/Users/ashfaquesami/425_project/data/raw_gtzan/genres_original/blues/blues.00060.wav,blues.00060,/Users/ashfaquesami/425_project/data/clips_10s/blues_060_1.wav,10.0,20.0,10.0,1,60,,pending,train
blues_060_2,blues,0,/Users/ashfaquesami/425_project/data/raw_gtzan/genres_original/blues/blues.00060.wav,blues.00060,/Users/ashfaquesami/425_project/data/clips_10s/blues_060_2.wav,20.0,30.0,10.0,2,60,,pending,train
blues_061_0,blues,0,/Users/ashfaquesami/425_project/data/raw_gtzan/genres_original/blues/blues.00061.wav,blues.00061,/Users/ashfaquesami/425_project/data/clips_10s/blues_061_0.wav,0.0,10.0,10.0,0,61,,pending,train
blues_061_1,blues,0,/Users/ashfaquesami/425_project/data/raw_gtzan/genres_original/blues/blues.00061.wav,blues.00061,/Users/ashfaquesami/425_project/data/clips_10s/blues_061_1.wav,10.0,20.0,10.0,1,61,,pending,train
blues_061_2,blues,0,/Users/ashfaquesami/425_project/data/raw_gtzan/genres_original/blues/blues.00061.wav,blues.00061,/Users/ashfaquesami/425_project/data/clips_10s/blues_061_2.wav,20.0,30.0,10.0,2,61,,pending,train
blues_062_0,blues,0,/Users/ashfaquesami/425_project/data/raw_gtzan/genres_original/blues/blues.00062.wav,blues.00062,/Users/ashfaquesami/425_project/data/clips_10s/blues_062_0.wav,0.0,10.0,10.0,0,62,,pending,val
blues_062_1,blues,0,/Users/ashfaquesami/425_project/data/raw_gtzan/genres_original/blues/blues.00062.wav,blues.00062,/Users/ashfaquesami/425_project/data/clips_10s/blues_062_1.wav,10.0,20.0,10.0,1,62,,pending,val
blues_062_2,blues,0,/Users/ashfaquesami/425_project/data/raw_gtzan/genres_original/blues/blues.00062.wav,blues.00062,/Users/ashfaquesami/425_project/data/clips_10s/blues_062_2.wav,20.0,30.0,10.0,2,62,,pending,val
blues_063_0,blues,0,/Users/ashfaquesami/425_project/data/raw_gtzan/genres_original/blues/blues.00063.wav,blues.00063,/Users/ashfaquesami/425_project/data/clips_10s/blues_063_0.wav,0.0,10.0,10.0,0,63,,pending,train
blues_063_1,blues,0,/Users/ashfaquesami/425_project/data/raw_gtzan/genres_original/blues/blues.00063.wav,blues.00063,/Users/ashfaquesami/425_project/data/clips_10s/blues_063_1.wav,10.0,20.0,10.0,1,63,,pending,train
blues_063_2,blues,0,/Users/ashfaquesami/425_project/data/raw_gtzan/genres_original/blues/blues.00063.wav,blues.00063,/Users/ashfaquesami/425_project/data/clips_10s/blues_063_2.wav,20.0,30.0,10.0,2,63,,pending,train
blues_064_0,blues,0,/Users/ashfaquesami/425_project/data/raw_gtzan/genres_original/blues/blues.00064.wav,blues.00064,/Users/ashfaquesami/425_project/data/clips_10s/blues_064_0.wav,0.0,10.0,10.0,0,64,,pending,val
blues_064_1,blues,0,/Users/ashfaquesami/425_project/data/raw_gtzan/genres_original/blues/blues.00064.wav,blues.00064,/Users/ashfaquesami/425_project/data/clips_10s/blues_064_1.wav,10.0,20.0,10.0,1,64,,pending,val
blues_064_2,blues,0,/Users/ashfaquesami/425_project/data/raw_gtzan/genres_original/blues/blues.00064.wav,blues.00064,/Users/ashfaquesami/425_project/data/clips_10s/blues_064_2.wav,20.0,30.0,10.0,2,64,,pending,val
blues_065_0,blues,0,/Users/ashfaquesami/425_project/data/raw_gtzan/genres_original/blues/blues.00065.wav,blues.00065,/Users/ashfaquesami/425_project/data/clips_10s/blues_065_0.wav,0.0,10.0,10.0,0,65,,pending,train
blues_065_1,blues,0,/Users/ashfaquesami/425_project/data/raw_gtzan/genres_original/blues/blues.00065.wav,blues.00065,/Users/ashfaquesami/425_project/data/clips_10s/blues_065_1.wav,10.0,20.0,10.0,1,65,,pending,train
blues_065_2,blues,0,/Users/ashfaquesami/425_project/data/raw_gtzan/genres_original/blues/blues.00065.wav,blues.00065,/Users/ashfaquesami/425_project/data/clips_10s/blues_065_2.wav,20.0,30.0,10.0,2,65,,pending,train
blues_066_0,blues,0,/Users/ashfaquesami/425_project/data/raw_gtzan/genres_original/blues/blues.00066.wav,blues.00066,/Users/ashfaquesami/425_project/data/clips_10s/blues_066_0.wav,0.0,10.0,10.0,0,66,,pending,train
blues_066_1,blues,0,/Users/ashfaquesami/425_project/data/raw_gtzan/genres_original/blues/blues.00066.wav,blues.00066,/Users/ashfaquesami/425_project/data/clips_10s/blues_066_1.wav,10.0,20.0,10.0,1,66,,pending,train
blues_066_2,blues,0,/Users/ashfaquesami/425_project/data/raw_gtzan/genres_original/blues/blues.00066.wav,blues.00066,/Users/ashfaquesami/425_project/data/clips_10s/blues_066_2.wav,20.0,30.0,10.0,2,66,,pending,train
blues_067_0,blues,0,/Users/ashfaquesami/425_project/data/raw_gtzan/genres_original/blues/blues.00067.wav,blues.00067,/Users/ashfaquesami/425_project/data/clips_10s/blues_067_0.wav,0.0,10.0,10.0,0,67,,pending,train
blues_067_1,blues,0,/Users/ashfaquesami/425_project/data/raw_gtzan/genres_original/blues/blues.00067.wav,blues.00067,/Users/ashfaquesami/425_project/data/clips_10s/blues_067_1.wav,10.0,20.0,10.0,1,67,,pending,train
blues_067_2,blues,0,/Users/ashfaquesami/425_project/data/raw_gtzan/genres_original/blues/blues.00067.wav,blues.00067,/Users/ashfaquesami/425_project/data/clips_10s/blues_067_2.wav,20.0,30.0,10.0,2,67,,pending,train
blues_068_0,blues,0,/Users/ashfaquesami/425_project/data/raw_gtzan/genres_original/blues/blues.00068.wav,blues.00068,/Users/ashfaquesami/425_project/data/clips_10s/blues_068_0.wav,0.0,10.0,10.0,0,68,,pending,train
blues_068_1,blues,0,/Users/ashfaquesami/425_project/data/raw_gtzan/genres_original/blues/blues.00068.wav,blues.00068,/Users/ashfaquesami/425_project/data/clips_10s/blues_068_1.wav,10.0,20.0,10.0,1,68,,pending,train
blues_068_2,blues,0,/Users/ashfaquesami/425_project/data/raw_gtzan/genres_original/blues/blues.00068.wav,blues.00068,/Users/ashfaquesami/425_project/data/clips_10s/blues_068_2.wav,20.0,30.0,10.0,2,68,,pending,train
blues_069_0,blues,0,/Users/ashfaquesami/425_project/data/raw_gtzan/genres_original/blues/blues.00069.wav,blues.00069,/Users/ashfaquesami/425_project/data/clips_10s/blues_069_0.wav,0.0,10.0,10.0,0,69,,pending,train
blues_069_1,blues,0,/Users/ashfaquesami/425_project/data/raw_gtzan/genres_original/blues/blues.00069.wav,blues.00069,/Users/ashfaquesami/425_project/data/clips_10s/blues_069_1.wav,10.0,20.0,10.0,1,69,,pending,train
blues_069_2,blues,0,/Users/ashfaquesami/425_project/data/raw_gtzan/genres_original/blues/blues.00069.wav,blues.00069,/Users/ashfaquesami/425_project/data/clips_10s/blues_069_2.wav,20.0,30.0,10.0,2,69,,pending,train
blues_070_0,blues,0,/Users/ashfaquesami/425_project/data/raw_gtzan/genres_original/blues/blues.00070.wav,blues.00070,/Users/ashfaquesami/425_project/data/clips_10s/blues_070_0.wav,0.0,10.0,10.0,0,70,,pending,train
blues_070_1,blues,0,/Users/ashfaquesami/425_project/data/raw_gtzan/genres_original/blues/blues.00070.wav,blues.00070,/Users/ashfaquesami/425_project/data/clips_10s/blues_070_1.wav,10.0,20.0,10.0,1,70,,pending,train
blues_070_2,blues,0,/Users/ashfaquesami/425_project/data/raw_gtzan/genres_original/blues/blues.00070.wav,blues.00070,/Users/ashfaquesami/425_project/data/clips_10s/blues_070_2.wav,20.0,30.0,10.0,2,70,,pending,train
blues_071_0,blues,0,/Users/ashfaquesami/425_project/data/raw_gtzan/genres_original/blues/blues.00071.wav,blues.00071,/Users/ashfaquesami/425_project/data/clips_10s/blues_071_0.wav,0.0,10.0,10.0,0,71,,pending,test
blues_071_1,blues,0,/Users/ashfaquesami/425_project/data/raw_gtzan/genres_original/blues/blues.00071.wav,blues.00071,/Users/ashfaquesami/425_project/data/clips_10s/blues_071_1.wav,10.0,20.0,10.0,1,71,,pending,test
blues_071_2,blues,0,/Users/ashfaquesami/425_project/data/raw_gtzan/genres_original/blues/blues.00071.wav,blues.00071,/Users/ashfaquesami/425_project/data/clips_10s/blues_071_2.wav,20.0,30.0,10.0,2,71,,pending,test
blues_072_0,blues,0,/Users/ashfaquesami/425_project/data/raw_gtzan/genres_original/blues/blues.00072.wav,blues.00072,/Users/ashfaquesami/425_project/data/clips_10s/blues_072_0.wav,0.0,10.0,10.0,0,72,,pending,train
blues_072_1,blues,0,/Users/ashfaquesami/425_project/data/raw_gtzan/genres_original/blues/blues.00072.wav,blues.00072,/Users/ashfaquesami/425_project/data/clips_10s/blues_072_1.wav,10.0,20.0,10.0,1,72,,pending,train
blues_072_2,blues,0,/Users/ashfaquesami/425_project/data/raw_gtzan/genres_original/blues/blues.00072.wav,blues.00072,/Users/ashfaquesami/425_project/data/clips_10s/blues_072_2.wav,20.0,30.0,10.0,2,72,,pending,train
blues_073_0,blues,0,/Users/ashfaquesami/425_project/data/raw_gtzan/genres_original/blues/blues.00073.wav,blues.00073,/Users/ashfaquesami/425_project/data/clips_10s/blues_073_0.wav,0.0,10.0,10.0,0,73,,pending,train
blues_073_1,blues,0,/Users/ashfaquesami/425_project/data/raw_gtzan/genres_original/blues/blues.00073.wav,blues.00073,/Users/ashfaquesami/425_project/data/clips_10s/blues_073_1.wav,10.0,20.0,10.0,1,73,,pending,train
blues_073_2,blues,0,/Users/ashfaquesami/425_project/data/raw_gtzan/genres_original/blues/blues.00073.wav,blues.00073,/Users/ashfaquesami/425_project/data/clips_10s/blues_073_2.wav,20.0,30.0,10.0,2,73,,pending,train
blues_074_0,blues,0,/Users/ashfaquesami/425_project/data/raw_gtzan/genres_original/blues/blues.00074.wav,blues.00074,/Users/ashfaquesami/425_project/data/clips_10s/blues_074_0.wav,0.0,10.0,10.0,0,74,,pending,train
blues_074_1,blues,0,/Users/ashfaquesami/425_project/data/raw_gtzan/genres_original/blues/blues.00074.wav,blues.00074,/Users/ashfaquesami/425_project/data/clips_10s/blues_074_1.wav,10.0,20.0,10.0,1,74,,pending,train
blues_074_2,blues,0,/Users/ashfaquesami/425_project/data/raw_gtzan/genres_original/blues/blues.00074.wav,blues.00074,/Users/ashfaquesami/425_project/data/clips_10s/blues_074_2.wav,20.0,30.0,10.0,2,74,,pending,train
blues_075_0,blues,0,/Users/ashfaquesami/425_project/data/raw_gtzan/genres_original/blues/blues.00075.wav,blues.00075,/Users/ashfaquesami/425_project/data/clips_10s/blues_075_0.wav,0.0,10.0,10.0,0,75,,pending,train
blues_075_1,blues,0,/Users/ashfaquesami/425_project/data/raw_gtzan/genres_original/blues/blues.00075.wav,blues.00075,/Users/ashfaquesami/425_project/data/clips_10s/blues_075_1.wav,10.0,20.0,10.0,1,75,,pending,train
blues_075_2,blues,0,/Users/ashfaquesami/425_project/data/raw_gtzan/genres_original/blues/blues.00075.wav,blues.00075,/Users/ashfaquesami/425_project/data/clips_10s/blues_075_2.wav,20.0,30.0,10.0,2,75,,pending,train
blues_076_0,blues,0,/Users/ashfaquesami/425_project/data/raw_gtzan/genres_original/blues/blues.00076.wav,blues.00076,/Users/ashfaquesami/425_project/data/clips_10s/blues_076_0.wav,0.0,10.0,10.0,0,76,,pending,train
blues_076_1,blues,0,/Users/ashfaquesami/425_project/data/raw_gtzan/genres_original/blues/blues.00076.wav,blues.00076,/Users/ashfaquesami/425_project/data/clips_10s/blues_076_1.wav,10.0,20.0,10.0,1,76,,pending,train
blues_076_2,blues,0,/Users/ashfaquesami/425_project/data/raw_gtzan/genres_original/blues/blues.00076.wav,blues.00076,/Users/ashfaquesami/425_project/data/clips_10s/blues_076_2.wav,20.0,30.0,10.0,2,76,,pending,train
blues_077_0,blues,0,/Users/ashfaquesami/425_project/data/raw_gtzan/genres_original/blues/blues.00077.wav,blues.00077,/Users/ashfaquesami/425_project/data/clips_10s/blues_077_0.wav,0.0,10.0,10.0,0,77,,pending,train
blues_077_1,blues,0,/Users/ashfaquesami/425_project/data/raw_gtzan/genres_original/blues/blues.00077.wav,blues.00077,/Users/ashfaquesami/425_project/data/clips_10s/blues_077_1.wav,10.0,20.0,10.0,1,77,,pending,train
blues_077_2,blues,0,/Users/ashfaquesami/425_project/data/raw_gtzan/genres_original/blues/blues.00077.wav,blues.00077,/Users/ashfaquesami/425_project/data/clips_10s/blues_077_2.wav,20.0,30.0,10.0,2,77,,pending,train
blues_078_0,blues,0,/Users/ashfaquesami/425_project/data/raw_gtzan/genres_original/blues/blues.00078.wav,blues.00078,/Users/ashfaquesami/425_project/data/clips_10s/blues_078_0.wav,0.0,10.0,10.0,0,78,,pending,train
blues_078_1,blues,0,/Users/ashfaquesami/425_project/data/raw_gtzan/genres_original/blues/blues.00078.wav,blues.00078,/Users/ashfaquesami/425_project/data/clips_10s/blues_078_1.wav,10.0,20.0,10.0,1,78,,pending,train
blues_078_2,blues,0,/Users/ashfaquesami/425_project/data/raw_gtzan/genres_original/blues/blues.00078.wav,blues.00078,/Users/ashfaquesami/425_project/data/clips_10s/blues_078_2.wav,20.0,30.0,10.0,2,78,,pending,train
blues_079_0,blues,0,/Users/ashfaquesami/425_project/data/raw_gtzan/genres_original/blues/blues.00079.wav,blues.00079,/Users/ashfaquesami/425_project/data/clips_10s/blues_079_0.wav,0.0,10.0,10.0,0,79,,pending,train
blues_079_1,blues,0,/Users/ashfaquesami/425_project/data/raw_gtzan/genres_original/blues/blues.00079.wav,blues.00079,/Users/ashfaquesami/425_project/data/clips_10s/blues_079_1.wav,10.0,20.0,10.0,1,79,,pending,train
blues_079_2,blues,0,/Users/ashfaquesami/425_project/data/raw_gtzan/genres_original/blues/blues.00079.wav,blues.00079,/Users/ashfaquesami/425_project/data/clips_10s/blues_079_2.wav,20.0,30.0,10.0,2,79,,pending,train
blues_080_0,blues,0,/Users/ashfaquesami/425_project/data/raw_gtzan/genres_original/blues/blues.00080.wav,blues.00080,/Users/ashfaquesami/425_project/data/clips_10s/blues_080_0.wav,0.0,10.0,10.0,0,80,,pending,test
blues_080_1,blues,0,/Users/ashfaquesami/425_project/data/raw_gtzan/genres_original/blues/blues.00080.wav,blues.00080,/Users/ashfaquesami/425_project/data/clips_10s/blues_080_1.wav,10.0,20.0,10.0,1,80,,pending,test
blues_080_2,blues,0,/Users/ashfaquesami/425_project/data/raw_gtzan/genres_original/blues/blues.00080.wav,blues.00080,/Users/ashfaquesami/425_project/data/clips_10s/blues_080_2.wav,20.0,30.0,10.0,2,80,,pending,test
blues_081_0,blues,0,/Users/ashfaquesami/425_project/data/raw_gtzan/genres_original/blues/blues.00081.wav,blues.00081,/Users/ashfaquesami/425_project/data/clips_10s/blues_081_0.wav,0.0,10.0,10.0,0,81,,pending,train
blues_081_1,blues,0,/Users/ashfaquesami/425_project/data/raw_gtzan/genres_original/blues/blues.00081.wav,blues.00081,/Users/ashfaquesami/425_project/data/clips_10s/blues_081_1.wav,10.0,20.0,10.0,1,81,,pending,train
blues_081_2,blues,0,/Users/ashfaquesami/425_project/data/raw_gtzan/genres_original/blues/blues.00081.wav,blues.00081,/Users/ashfaquesami/425_project/data/clips_10s/blues_081_2.wav,20.0,30.0,10.0,2,81,,pending,train
blues_082_0,blues,0,/Users/ashfaquesami/425_project/data/raw_gtzan/genres_original/blues/blues.00082.wav,blues.00082,/Users/ashfaquesami/425_project/data/clips_10s/blues_082_0.wav,0.0,10.0,10.0,0,82,,pending,train
blues_082_1,blues,0,/Users/ashfaquesami/425_project/data/raw_gtzan/genres_original/blues/blues.00082.wav,blues.00082,/Users/ashfaquesami/425_project/data/clips_10s/blues_082_1.wav,10.0,20.0,10.0,1,82,,pending,train
blues_082_2,blues,0,/Users/ashfaquesami/425_project/data/raw_gtzan/genres_original/blues/blues.00082.wav,blues.00082,/Users/ashfaquesami/425_project/data/clips_10s/blues_082_2.wav,20.0,30.0,10.0,2,82,,pending,train
blues_083_0,blues,0,/Users/ashfaquesami/425_project/data/raw_gtzan/genres_original/blues/blues.00083.wav,blues.00083,/Users/ashfaquesami/425_project/data/clips_10s/blues_083_0.wav,0.0,10.0,10.0,0,83,,pending,train
blues_083_1,blues,0,/Users/ashfaquesami/425_project/data/raw_gtzan/genres_original/blues/blues.00083.wav,blues.00083,/Users/ashfaquesami/425_project/data/clips_10s/blues_083_1.wav,10.0,20.0,10.0,1,83,,pending,train
blues_083_2,blues,0,/Users/ashfaquesami/425_project/data/raw_gtzan/genres_original/blues/blues.00083.wav,blues.00083,/Users/ashfaquesami/425_project/data/clips_10s/blues_083_2.wav,20.0,30.0,10.0,2,83,,pending,train
blues_084_0,blues,0,/Users/ashfaquesami/425_project/data/raw_gtzan/genres_original/blues/blues.00084.wav,blues.00084,/Users/ashfaquesami/425_project/data/clips_10s/blues_084_0.wav,0.0,10.0,10.0,0,84,,pending,train
blues_084_1,blues,0,/Users/ashfaquesami/425_project/data/raw_gtzan/genres_original/blues/blues.00084.wav,blues.00084,/Users/ashfaquesami/425_project/data/clips_10s/blues_084_1.wav,10.0,20.0,10.0,1,84,,pending,train
blues_084_2,blues,0,/Users/ashfaquesami/425_project/data/raw_gtzan/genres_original/blues/blues.00084.wav,blues.00084,/Users/ashfaquesami/425_project/data/clips_10s/blues_084_2.wav,20.0,30.0,10.0,2,84,,pending,train
blues_085_0,blues,0,/Users/ashfaquesami/425_project/data/raw_gtzan/genres_original/blues/blues.00085.wav,blues.00085,/Users/ashfaquesami/425_project/data/clips_10s/blues_085_0.wav,0.0,10.0,10.0,0,85,,pending,val
blues_085_1,blues,0,/Users/ashfaquesami/425_project/data/raw_gtzan/genres_original/blues/blues.00085.wav,blues.00085,/Users/ashfaquesami/425_project/data/clips_10s/blues_085_1.wav,10.0,20.0,10.0,1,85,,pending,val
blues_085_2,blues,0,/Users/ashfaquesami/425_project/data/raw_gtzan/genres_original/blues/blues.00085.wav,blues.00085,/Users/ashfaquesami/425_project/data/clips_10s/blues_085_2.wav,20.0,30.0,10.0,2,85,,pending,val
blues_086_0,blues,0,/Users/ashfaquesami/425_project/data/raw_gtzan/genres_original/blues/blues.00086.wav,blues.00086,/Users/ashfaquesami/425_project/data/clips_10s/blues_086_0.wav,0.0,10.0,10.0,0,86,,pending,train
blues_086_1,blues,0,/Users/ashfaquesami/425_project/data/raw_gtzan/genres_original/blues/blues.00086.wav,blues.00086,/Users/ashfaquesami/425_project/data/clips_10s/blues_086_1.wav,10.0,20.0,10.0,1,86,,pending,train
blues_086_2,blues,0,/Users/ashfaquesami/425_project/data/raw_gtzan/genres_original/blues/blues.00086.wav,blues.00086,/Users/ashfaquesami/425_project/data/clips_10s/blues_086_2.wav,20.0,30.0,10.0,2,86,,pending,train
blues_087_0,blues,0,/Users/ashfaquesami/425_project/data/raw_gtzan/genres_original/blues/blues.00087.wav,blues.00087,/Users/ashfaquesami/425_project/data/clips_10s/blues_087_0.wav,0.0,10.0,10.0,0,87,,pending,test
blues_087_1,blues,0,/Users/ashfaquesami/425_project/data/raw_gtzan/genres_original/blues/blues.00087.wav,blues.00087,/Users/ashfaquesami/425_project/data/clips_10s/blues_087_1.wav,10.0,20.0,10.0,1,87,,pending,test
blues_087_2,blues,0,/Users/ashfaquesami/425_project/data/raw_gtzan/genres_original/blues/blues.00087.wav,blues.00087,/Users/ashfaquesami/425_project/data/clips_10s/blues_087_2.wav,20.0,30.0,10.0,2,87,,pending,test
blues_088_0,blues,0,/Users/ashfaquesami/425_project/data/raw_gtzan/genres_original/blues/blues.00088.wav,blues.00088,/Users/ashfaquesami/425_project/data/clips_10s/blues_088_0.wav,0.0,10.0,10.0,0,88,,pending,train
blues_088_1,blues,0,/Users/ashfaquesami/425_project/data/raw_gtzan/genres_original/blues/blues.00088.wav,blues.00088,/Users/ashfaquesami/425_project/data/clips_10s/blues_088_1.wav,10.0,20.0,10.0,1,88,,pending,train
blues_088_2,blues,0,/Users/ashfaquesami/425_project/data/raw_gtzan/genres_original/blues/blues.00088.wav,blues.00088,/Users/ashfaquesami/425_project/data/clips_10s/blues_088_2.wav,20.0,30.0,10.0,2,88,,pending,train
blues_089_0,blues,0,/Users/ashfaquesami/425_project/data/raw_gtzan/genres_original/blues/blues.00089.wav,blues.00089,/Users/ashfaquesami/425_project/data/clips_10s/blues_089_0.wav,0.0,10.0,10.0,0,89,,pending,train
blues_089_1,blues,0,/Users/ashfaquesami/425_project/data/raw_gtzan/genres_original/blues/blues.00089.wav,blues.00089,/Users/ashfaquesami/425_project/data/clips_10s/blues_089_1.wav,10.0,20.0,10.0,1,89,,pending,train
blues_089_2,blues,0,/Users/ashfaquesami/425_project/data/raw_gtzan/genres_original/blues/blues.00089.wav,blues.00089,/Users/ashfaquesami/425_project/data/clips_10s/blues_089_2.wav,20.0,30.0,10.0,2,89,,pending,train
blues_090_0,blues,0,/Users/ashfaquesami/425_project/data/raw_gtzan/genres_original/blues/blues.00090.wav,blues.00090,/Users/ashfaquesami/425_project/data/clips_10s/blues_090_0.wav,0.0,10.0,10.0,0,90,,pending,train
blues_090_1,blues,0,/Users/ashfaquesami/425_project/data/raw_gtzan/genres_original/blues/blues.00090.wav,blues.00090,/Users/ashfaquesami/425_project/data/clips_10s/blues_090_1.wav,10.0,20.0,10.0,1,90,,pending,train
blues_090_2,blues,0,/Users/ashfaquesami/425_project/data/raw_gtzan/genres_original/blues/blues.00090.wav,blues.00090,/Users/ashfaquesami/425_project/data/clips_10s/blues_090_2.wav,20.0,30.0,10.0,2,90,,pending,train
blues_091_0,blues,0,/Users/ashfaquesami/425_project/data/raw_gtzan/genres_original/blues/blues.00091.wav,blues.00091,/Users/ashfaquesami/425_project/data/clips_10s/blues_091_0.wav,0.0,10.0,10.0,0,91,,pending,test
blues_091_1,blues,0,/Users/ashfaquesami/425_project/data/raw_gtzan/genres_original/blues/blues.00091.wav,blues.00091,/Users/ashfaquesami/425_project/data/clips_10s/blues_091_1.wav,10.0,20.0,10.0,1,91,,pending,test
blues_091_2,blues,0,/Users/ashfaquesami/425_project/data/raw_gtzan/genres_original/blues/blues.00091.wav,blues.00091,/Users/ashfaquesami/425_project/data/clips_10s/blues_091_2.wav,20.0,30.0,10.0,2,91,,pending,test
blues_092_0,blues,0,/Users/ashfaquesami/425_project/data/raw_gtzan/genres_original/blues/blues.00092.wav,blues.00092,/Users/ashfaquesami/425_project/data/clips_10s/blues_092_0.wav,0.0,10.0,10.0,0,92,,pending,train
blues_092_1,blues,0,/Users/ashfaquesami/425_project/data/raw_gtzan/genres_original/blues/blues.00092.wav,blues.00092,/Users/ashfaquesami/425_project/data/clips_10s/blues_092_1.wav,10.0,20.0,10.0,1,92,,pending,train
blues_092_2,blues,0,/Users/ashfaquesami/425_project/data/raw_gtzan/genres_original/blues/blues.00092.wav,blues.00092,/Users/ashfaquesami/425_project/data/clips_10s/blues_092_2.wav,20.0,30.0,10.0,2,92,,pending,train
blues_093_0,blues,0,/Users/ashfaquesami/425_project/data/raw_gtzan/genres_original/blues/blues.00093.wav,blues.00093,/Users/ashfaquesami/425_project/data/clips_10s/blues_093_0.wav,0.0,10.0,10.0,0,93,,pending,train
blues_093_1,blues,0,/Users/ashfaquesami/425_project/data/raw_gtzan/genres_original/blues/blues.00093.wav,blues.00093,/Users/ashfaquesami/425_project/data/clips_10s/blues_093_1.wav,10.0,20.0,10.0,1,93,,pending,train
blues_093_2,blues,0,/Users/ashfaquesami/425_project/data/raw_gtzan/genres_original/blues/blues.00093.wav,blues.00093,/Users/ashfaquesami/425_project/data/clips_10s/blues_093_2.wav,20.0,30.0,10.0,2,93,,pending,train
blues_094_0,blues,0,/Users/ashfaquesami/425_project/data/raw_gtzan/genres_original/blues/blues.00094.wav,blues.00094,/Users/ashfaquesami/425_project/data/clips_10s/blues_094_0.wav,0.0,10.0,10.0,0,94,,pending,train
blues_094_1,blues,0,/Users/ashfaquesami/425_project/data/raw_gtzan/genres_original/blues/blues.00094.wav,blues.00094,/Users/ashfaquesami/425_project/data/clips_10s/blues_094_1.wav,10.0,20.0,10.0,1,94,,pending,train
blues_094_2,blues,0,/Users/ashfaquesami/425_project/data/raw_gtzan/genres_original/blues/blues.00094.wav,blues.00094,/Users/ashfaquesami/425_project/data/clips_10s/blues_094_2.wav,20.0,30.0,10.0,2,94,,pending,train
blues_095_0,blues,0,/Users/ashfaquesami/425_project/data/raw_gtzan/genres_original/blues/blues.00095.wav,blues.00095,/Users/ashfaquesami/425_project/data/clips_10s/blues_095_0.wav,0.0,10.0,10.0,0,95,,pending,val
blues_095_1,blues,0,/Users/ashfaquesami/425_project/data/raw_gtzan/genres_original/blues/blues.00095.wav,blues.00095,/Users/ashfaquesami/425_project/data/clips_10s/blues_095_1.wav,10.0,20.0,10.0,1,95,,pending,val
blues_095_2,blues,0,/Users/ashfaquesami/425_project/data/raw_gtzan/genres_original/blues/blues.00095.wav,blues.00095,/Users/ashfaquesami/425_project/data/clips_10s/blues_095_2.wav,20.0,30.0,10.0,2,95,,pending,val
blues_096_0,blues,0,/Users/ashfaquesami/425_project/data/raw_gtzan/genres_original/blues/blues.00096.wav,blues.00096,/Users/ashfaquesami/425_project/data/clips_10s/blues_096_0.wav,0.0,10.0,10.0,0,96,,pending,train
blues_096_1,blues,0,/Users/ashfaquesami/425_project/data/raw_gtzan/genres_original/blues/blues.00096.wav,blues.00096,/Users/ashfaquesami/425_project/data/clips_10s/blues_096_1.wav,10.0,20.0,10.0,1,96,,pending,train
blues_096_2,blues,0,/Users/ashfaquesami/425_project/data/raw_gtzan/genres_original/blues/blues.00096.wav,blues.00096,/Users/ashfaquesami/425_project/data/clips_10s/blues_096_2.wav,20.0,30.0,10.0,2,96,,pending,train
blues_097_0,blues,0,/Users/ashfaquesami/425_project/data/raw_gtzan/genres_original/blues/blues.00097.wav,blues.00097,/Users/ashfaquesami/425_project/data/clips_10s/blues_097_0.wav,0.0,10.0,10.0,0,97,,pending,train
blues_097_1,blues,0,/Users/ashfaquesami/425_project/data/raw_gtzan/genres_original/blues/blues.00097.wav,blues.00097,/Users/ashfaquesami/425_project/data/clips_10s/blues_097_1.wav,10.0,20.0,10.0,1,97,,pending,train
blues_097_2,blues,0,/Users/ashfaquesami/425_project/data/raw_gtzan/genres_original/blues/blues.00097.wav,blues.00097,/Users/ashfaquesami/425_project/data/clips_10s/blues_097_2.wav,20.0,30.0,10.0,2,97,,pending,train
blues_098_0,blues,0,/Users/ashfaquesami/425_project/data/raw_gtzan/genres_original/blues/blues.00098.wav,blues.00098,/Users/ashfaquesami/425_project/data/clips_10s/blues_098_0.wav,0.0,10.0,10.0,0,98,,pending,val
blues_098_1,blues,0,/Users/ashfaquesami/425_project/data/raw_gtzan/genres_original/blues/blues.00098.wav,blues.00098,/Users/ashfaquesami/425_project/data/clips_10s/blues_098_1.wav,10.0,20.0,10.0,1,98,,pending,val
blues_098_2,blues,0,/Users/ashfaquesami/425_project/data/raw_gtzan/genres_original/blues/blues.00098.wav,blues.00098,/Users/ashfaquesami/425_project/data/clips_10s/blues_098_2.wav,20.0,30.0,10.0,2,98,,pending,val
blues_099_0,blues,0,/Users/ashfaquesami/425_project/data/raw_gtzan/genres_original/blues/blues.00099.wav,blues.00099,/Users/ashfaquesami/425_project/data/clips_10s/blues_099_0.wav,0.0,10.0,10.0,0,99,,pending,test
blues_099_1,blues,0,/Users/ashfaquesami/425_project/data/raw_gtzan/genres_original/blues/blues.00099.wav,blues.00099,/Users/ashfaquesami/425_project/data/clips_10s/blues_099_1.wav,10.0,20.0,10.0,1,99,,pending,test
blues_099_2,blues,0,/Users/ashfaquesami/425_project/data/raw_gtzan/genres_original/blues/blues.00099.wav,blues.00099,/Users/ashfaquesami/425_project/data/clips_10s/blues_099_2.wav,20.0,30.0,10.0,2,99,,pending,test
classical_000_0,classical,1,/Users/ashfaquesami/425_project/data/raw_gtzan/genres_original/classical/classical.00000.wav,classical.00000,/Users/ashfaquesami/425_project/data/clips_10s/classical_000_0.wav,0.0,10.0,10.0,0,0,,pending,train
classical_000_1,classical,1,/Users/ashfaquesami/425_project/data/raw_gtzan/genres_original/classical/classical.00000.wav,classical.00000,/Users/ashfaquesami/425_project/data/clips_10s/classical_000_1.wav,10.0,20.0,10.0,1,0,,pending,train
classical_000_2,classical,1,/Users/ashfaquesami/425_project/data/raw_gtzan/genres_original/classical/classical.00000.wav,classical.00000,/Users/ashfaquesami/425_project/data/clips_10s/classical_000_2.wav,20.0,30.0,10.0,2,0,,pending,train
classical_001_0,classical,1,/Users/ashfaquesami/425_project/data/raw_gtzan/genres_original/classical/classical.00001.wav,classical.00001,/Users/ashfaquesami/425_project/data/clips_10s/classical_001_0.wav,0.0,10.0,10.0,0,1,,pending,train
classical_001_1,classical,1,/Users/ashfaquesami/425_project/data/raw_gtzan/genres_original/classical/classical.00001.wav,classical.00001,/Users/ashfaquesami/425_project/data/clips_10s/classical_001_1.wav,10.0,20.0,10.0,1,1,,pending,train
classical_001_2,classical,1,/Users/ashfaquesami/425_project/data/raw_gtzan/genres_original/classical/classical.00001.wav,classical.00001,/Users/ashfaquesami/425_project/data/clips_10s/classical_001_2.wav,20.0,30.0,10.0,2,1,,pending,train
classical_002_0,classical,1,/Users/ashfaquesami/425_project/data/raw_gtzan/genres_original/classical/classical.00002.wav,classical.00002,/Users/ashfaquesami/425_project/data/clips_10s/classical_002_0.wav,0.0,10.0,10.0,0,2,,pending,test
classical_002_1,classical,1,/Users/ashfaquesami/425_project/data/raw_gtzan/genres_original/classical/classical.00002.wav,classical.00002,/Users/ashfaquesami/425_project/data/clips_10s/classical_002_1.wav,10.0,20.0,10.0,1,2,,pending,test
classical_002_2,classical,1,/Users/ashfaquesami/425_project/data/raw_gtzan/genres_original/classical/classical.00002.wav,classical.00002,/Users/ashfaquesami/425_project/data/clips_10s/classical_002_2.wav,20.0,30.0,10.0,2,2,,pending,test
classical_003_0,classical,1,/Users/ashfaquesami/425_project/data/raw_gtzan/genres_original/classical/classical.00003.wav,classical.00003,/Users/ashfaquesami/425_project/data/clips_10s/classical_003_0.wav,0.0,10.0,10.0,0,3,,pending,train
classical_003_1,classical,1,/Users/ashfaquesami/425_project/data/raw_gtzan/genres_original/classical/classical.00003.wav,classical.00003,/Users/ashfaquesami/425_project/data/clips_10s/classical_003_1.wav,10.0,20.0,10.0,1,3,,pending,train
classical_003_2,classical,1,/Users/ashfaquesami/425_project/data/raw_gtzan/genres_original/classical/classical.00003.wav,classical.00003,/Users/ashfaquesami/425_project/data/clips_10s/classical_003_2.wav,20.0,30.0,10.0,2,3,,pending,train
classical_004_0,classical,1,/Users/ashfaquesami/425_project/data/raw_gtzan/genres_original/classical/classical.00004.wav,classical.00004,/Users/ashfaquesami/425_project/data/clips_10s/classical_004_0.wav,0.0,10.0,10.0,0,4,,pending,train
classical_004_1,classical,1,/Users/ashfaquesami/425_project/data/raw_gtzan/genres_original/classical/classical.00004.wav,classical.00004,/Users/ashfaquesami/425_project/data/clips_10s/classical_004_1.wav,10.0,20.0,10.0,1,4,,pending,train
classical_004_2,classical,1,/Users/ashfaquesami/425_project/data/raw_gtzan/genres_original/classical/classical.00004.wav,classical.00004,/Users/ashfaquesami/425_project/data/clips_10s/classical_004_2.wav,20.0,30.0,10.0,2,4,,pending,train
classical_005_0,classical,1,/Users/ashfaquesami/425_project/data/raw_gtzan/genres_original/classical/classical.00005.wav,classical.00005,/Users/ashfaquesami/425_project/data/clips_10s/classical_005_0.wav,0.0,10.0,10.0,0,5,,pending,test
classical_005_1,classical,1,/Users/ashfaquesami/425_project/data/raw_gtzan/genres_original/classical/classical.00005.wav,classical.00005,/Users/ashfaquesami/425_project/data/clips_10s/classical_005_1.wav,10.0,20.0,10.0,1,5,,pending,test
classical_005_2,classical,1,/Users/ashfaquesami/425_project/data/raw_gtzan/genres_original/classical/classical.00005.wav,classical.00005,/Users/ashfaquesami/425_project/data/clips_10s/classical_005_2.wav,20.0,30.0,10.0,2,5,,pending,test
classical_006_0,classical,1,/Users/ashfaquesami/425_project/data/raw_gtzan/genres_original/classical/classical.00006.wav,classical.00006,/Users/ashfaquesami/425_project/data/clips_10s/classical_006_0.wav,0.0,10.0,10.0,0,6,,pending,test
classical_006_1,classical,1,/Users/ashfaquesami/425_project/data/raw_gtzan/genres_original/classical/classical.00006.wav,classical.00006,/Users/ashfaquesami/425_project/data/clips_10s/classical_006_1.wav,10.0,20.0,10.0,1,6,,pending,test
classical_006_2,classical,1,/Users/ashfaquesami/425_project/data/raw_gtzan/genres_original/classical/classical.00006.wav,classical.00006,/Users/ashfaquesami/425_project/data/clips_10s/classical_006_2.wav,20.0,30.0,10.0,2,6,,pending,test
classical_007_0,classical,1,/Users/ashfaquesami/425_project/data/raw_gtzan/genres_original/classical/classical.00007.wav,classical.00007,/Users/ashfaquesami/425_project/data/clips_10s/classical_007_0.wav,0.0,10.0,10.0,0,7,,pending,train
classical_007_1,classical,1,/Users/ashfaquesami/425_project/data/raw_gtzan/genres_original/classical/classical.00007.wav,classical.00007,/Users/ashfaquesami/425_project/data/clips_10s/classical_007_1.wav,10.0,20.0,10.0,1,7,,pending,train
classical_007_2,classical,1,/Users/ashfaquesami/425_project/data/raw_gtzan/genres_original/classical/classical.00007.wav,classical.00007,/Users/ashfaquesami/425_project/data/clips_10s/classical_007_2.wav,20.0,30.0,10.0,2,7,,pending,train
classical_008_0,classical,1,/Users/ashfaquesami/425_project/data/raw_gtzan/genres_original/classical/classical.00008.wav,classical.00008,/Users/ashfaquesami/425_project/data/clips_10s/classical_008_0.wav,0.0,10.0,10.0,0,8,,pending,train
classical_008_1,classical,1,/Users/ashfaquesami/425_project/data/raw_gtzan/genres_original/classical/classical.00008.wav,classical.00008,/Users/ashfaquesami/425_project/data/clips_10s/classical_008_1.wav,10.0,20.0,10.0,1,8,,pending,train
classical_008_2,classical,1,/Users/ashfaquesami/425_project/data/raw_gtzan/genres_original/classical/classical.00008.wav,classical.00008,/Users/ashfaquesami/425_project/data/clips_10s/classical_008_2.wav,20.0,30.0,10.0,2,8,,pending,train
classical_009_0,classical,1,/Users/ashfaquesami/425_project/data/raw_gtzan/genres_original/classical/classical.00009.wav,classical.00009,/Users/ashfaquesami/425_project/data/clips_10s/classical_009_0.wav,0.0,10.0,10.0,0,9,,pending,train
classical_009_1,classical,1,/Users/ashfaquesami/425_project/data/raw_gtzan/genres_original/classical/classical.00009.wav,classical.00009,/Users/ashfaquesami/425_project/data/clips_10s/classical_009_1.wav,10.0,20.0,10.0,1,9,,pending,train
classical_009_2,classical,1,/Users/ashfaquesami/425_project/data/raw_gtzan/genres_original/classical/classical.00009.wav,classical.00009,/Users/ashfaquesami/425_project/data/clips_10s/classical_009_2.wav,20.0,30.0,10.0,2,9,,pending,train
classical_010_0,classical,1,/Users/ashfaquesami/425_project/data/raw_gtzan/genres_original/classical/classical.00010.wav,classical.00010,/Users/ashfaquesami/425_project/data/clips_10s/classical_010_0.wav,0.0,10.0,10.0,0,10,,pending,train
classical_010_1,classical,1,/Users/ashfaquesami/425_project/data/raw_gtzan/genres_original/classical/classical.00010.wav,classical.00010,/Users/ashfaquesami/425_project/data/clips_10s/classical_010_1.wav,10.0,20.0,10.0,1,10,,pending,train
classical_010_2,classical,1,/Users/ashfaquesami/425_project/data/raw_gtzan/genres_original/classical/classical.00010.wav,classical.00010,/Users/ashfaquesami/425_project/data/clips_10s/classical_010_2.wav,20.0,30.0,10.0,2,10,,pending,train
classical_011_0,classical,1,/Users/ashfaquesami/425_project/data/raw_gtzan/genres_original/classical/classical.00011.wav,classical.00011,/Users/ashfaquesami/425_project/data/clips_10s/classical_011_0.wav,0.0,10.0,10.0,0,11,,pending,train
classical_011_1,classical,1,/Users/ashfaquesami/425_project/data/raw_gtzan/genres_original/classical/classical.00011.wav,classical.00011,/Users/ashfaquesami/425_project/data/clips_10s/classical_011_1.wav,10.0,20.0,10.0,1,11,,pending,train
classical_011_2,classical,1,/Users/ashfaquesami/425_project/data/raw_gtzan/genres_original/classical/classical.00011.wav,classical.00011,/Users/ashfaquesami/425_project/data/clips_10s/classical_011_2.wav,20.0,30.0,10.0,2,11,,pending,train
classical_012_0,classical,1,/Users/ashfaquesami/425_project/data/raw_gtzan/genres_original/classical/classical.00012.wav,classical.00012,/Users/ashfaquesami/425_project/data/clips_10s/classical_012_0.wav,0.0,10.0,10.0,0,12,,pending,train
classical_012_1,classical,1,/Users/ashfaquesami/425_project/data/raw_gtzan/genres_original/classical/classical.00012.wav,classical.00012,/Users/ashfaquesami/425_project/data/clips_10s/classical_012_1.wav,10.0,20.0,10.0,1,12,,pending,train
classical_012_2,classical,1,/Users/ashfaquesami/425_project/data/raw_gtzan/genres_original/classical/classical.00012.wav,classical.00012,/Users/ashfaquesami/425_project/data/clips_10s/classical_012_2.wav,20.0,30.0,10.0,2,12,,pending,train
classical_013_0,classical,1,/Users/ashfaquesami/425_project/data/raw_gtzan/genres_original/classical/classical.00013.wav,classical.00013,/Users/ashfaquesami/425_project/data/clips_10s/classical_013_0.wav,0.0,10.0,10.0,0,13,,pending,train
classical_013_1,classical,1,/Users/ashfaquesami/425_project/data/raw_gtzan/genres_original/classical/classical.00013.wav,classical.00013,/Users/ashfaquesami/425_project/data/clips_10s/classical_013_1.wav,10.0,20.0,10.0,1,13,,pending,train
classical_013_2,classical,1,/Users/ashfaquesami/425_project/data/raw_gtzan/genres_original/classical/classical.00013.wav,classical.00013,/Users/ashfaquesami/425_project/data/clips_10s/classical_013_2.wav,20.0,30.0,10.0,2,13,,pending,train
classical_014_0,classical,1,/Users/ashfaquesami/425_project/data/raw_gtzan/genres_original/classical/classical.00014.wav,classical.00014,/Users/ashfaquesami/425_project/data/clips_10s/classical_014_0.wav,0.0,10.0,10.0,0,14,,pending,train
classical_014_1,classical,1,/Users/ashfaquesami/425_project/data/raw_gtzan/genres_original/classical/classical.00014.wav,classical.00014,/Users/ashfaquesami/425_project/data/clips_10s/classical_014_1.wav,10.0,20.0,10.0,1,14,,pending,train
classical_014_2,classical,1,/Users/ashfaquesami/425_project/data/raw_gtzan/genres_original/classical/classical.00014.wav,classical.00014,/Users/ashfaquesami/425_project/data/clips_10s/classical_014_2.wav,20.0,30.0,10.0,2,14,,pending,train
classical_015_0,classical,1,/Users/ashfaquesami/425_project/data/raw_gtzan/genres_original/classical/classical.00015.wav,classical.00015,/Users/ashfaquesami/425_project/data/clips_10s/classical_015_0.wav,0.0,10.0,10.0,0,15,,pending,train
classical_015_1,classical,1,/Users/ashfaquesami/425_project/data/raw_gtzan/genres_original/classical/classical.00015.wav,classical.00015,/Users/ashfaquesami/425_project/data/clips_10s/classical_015_1.wav,10.0,20.0,10.0,1,15,,pending,train
classical_015_2,classical,1,/Users/ashfaquesami/425_project/data/raw_gtzan/genres_original/classical/classical.00015.wav,classical.00015,/Users/ashfaquesami/425_project/data/clips_10s/classical_015_2.wav,20.0,30.0,10.0,2,15,,pending,train
classical_016_0,classical,1,/Users/ashfaquesami/425_project/data/raw_gtzan/genres_original/classical/classical.00016.wav,classical.00016,/Users/ashfaquesami/425_project/data/clips_10s/classical_016_0.wav,0.0,10.0,10.0,0,16,,pending,train
classical_016_1,classical,1,/Users/ashfaquesami/425_project/data/raw_gtzan/genres_original/classical/classical.00016.wav,classical.00016,/Users/ashfaquesami/425_project/data/clips_10s/classical_016_1.wav,10.0,20.0,10.0,1,16,,pending,train
classical_016_2,classical,1,/Users/ashfaquesami/425_project/data/raw_gtzan/genres_original/classical/classical.00016.wav,classical.00016,/Users/ashfaquesami/425_project/data/clips_10s/classical_016_2.wav,20.0,30.0,10.0,2,16,,pending,train
classical_017_0,classical,1,/Users/ashfaquesami/425_project/data/raw_gtzan/genres_original/classical/classical.00017.wav,classical.00017,/Users/ashfaquesami/425_project/data/clips_10s/classical_017_0.wav,0.0,10.0,10.0,0,17,,pending,train
classical_017_1,classical,1,/Users/ashfaquesami/425_project/data/raw_gtzan/genres_original/classical/classical.00017.wav,classical.00017,/Users/ashfaquesami/425_project/data/clips_10s/classical_017_1.wav,10.0,20.0,10.0,1,17,,pending,train
classical_017_2,classical,1,/Users/ashfaquesami/425_project/data/raw_gtzan/genres_original/classical/classical.00017.wav,classical.00017,/Users/ashfaquesami/425_project/data/clips_10s/classical_017_2.wav,20.0,30.0,10.0,2,17,,pending,train
classical_018_0,classical,1,/Users/ashfaquesami/425_project/data/raw_gtzan/genres_original/classical/classical.00018.wav,classical.00018,/Users/ashfaquesami/425_project/data/clips_10s/classical_018_0.wav,0.0,10.0,10.0,0,18,,pending,train
classical_018_1,classical,1,/Users/ashfaquesami/425_project/data/raw_gtzan/genres_original/classical/classical.00018.wav,classical.00018,/Users/ashfaquesami/425_project/data/clips_10s/classical_018_1.wav,10.0,20.0,10.0,1,18,,pending,train
classical_018_2,classical,1,/Users/ashfaquesami/425_project/data/raw_gtzan/genres_original/classical/classical.00018.wav,classical.00018,/Users/ashfaquesami/425_project/data/clips_10s/classical_018_2.wav,20.0,30.0,10.0,2,18,,pending,train
classical_019_0,classical,1,/Users/ashfaquesami/425_project/data/raw_gtzan/genres_original/classical/classical.00019.wav,classical.00019,/Users/ashfaquesami/425_project/data/clips_10s/classical_019_0.wav,0.0,10.0,10.0,0,19,,pending,train
classical_019_1,classical,1,/Users/ashfaquesami/425_project/data/raw_gtzan/genres_original/classical/classical.00019.wav,classical.00019,/Users/ashfaquesami/425_project/data/clips_10s/classical_019_1.wav,10.0,20.0,10.0,1,19,,pending,train
classical_019_2,classical,1,/Users/ashfaquesami/425_project/data/raw_gtzan/genres_original/classical/classical.00019.wav,classical.00019,/Users/ashfaquesami/425_project/data/clips_10s/classical_019_2.wav,20.0,30.0,10.0,2,19,,pending,train
classical_020_0,classical,1,/Users/ashfaquesami/425_project/data/raw_gtzan/genres_original/classical/classical.00020.wav,classical.00020,/Users/ashfaquesami/425_project/data/clips_10s/classical_020_0.wav,0.0,10.0,10.0,0,20,,pending,train
classical_020_1,classical,1,/Users/ashfaquesami/425_project/data/raw_gtzan/genres_original/classical/classical.00020.wav,classical.00020,/Users/ashfaquesami/425_project/data/clips_10s/classical_020_1.wav,10.0,20.0,10.0,1,20,,pending,train
classical_020_2,classical,1,/Users/ashfaquesami/425_project/data/raw_gtzan/genres_original/classical/classical.00020.wav,classical.00020,/Users/ashfaquesami/425_project/data/clips_10s/classical_020_2.wav,20.0,30.0,10.0,2,20,,pending,train
classical_021_0,classical,1,/Users/ashfaquesami/425_project/data/raw_gtzan/genres_original/classical/classical.00021.wav,classical.00021,/Users/ashfaquesami/425_project/data/clips_10s/classical_021_0.wav,0.0,10.0,10.0,0,21,,pending,test
classical_021_1,classical,1,/Users/ashfaquesami/425_project/data/raw_gtzan/genres_original/classical/classical.00021.wav,classical.00021,/Users/ashfaquesami/425_project/data/clips_10s/classical_021_1.wav,10.0,20.0,10.0,1,21,,pending,test
classical_021_2,classical,1,/Users/ashfaquesami/425_project/data/raw_gtzan/genres_original/classical/classical.00021.wav,classical.00021,/Users/ashfaquesami/425_project/data/clips_10s/classical_021_2.wav,20.0,30.0,10.0,2,21,,pending,test
classical_022_0,classical,1,/Users/ashfaquesami/425_project/data/raw_gtzan/genres_original/classical/classical.00022.wav,classical.00022,/Users/ashfaquesami/425_project/data/clips_10s/classical_022_0.wav,0.0,10.0,10.0,0,22,,pending,train
classical_022_1,classical,1,/Users/ashfaquesami/425_project/data/raw_gtzan/genres_original/classical/classical.00022.wav,classical.00022,/Users/ashfaquesami/425_project/data/clips_10s/classical_022_1.wav,10.0,20.0,10.0,1,22,,pending,train
classical_022_2,classical,1,/Users/ashfaquesami/425_project/data/raw_gtzan/genres_original/classical/classical.00022.wav,classical.00022,/Users/ashfaquesami/425_project/data/clips_10s/classical_022_2.wav,20.0,30.0,10.0,2,22,,pending,train
classical_023_0,classical,1,/Users/ashfaquesami/425_project/data/raw_gtzan/genres_original/classical/classical.00023.wav,classical.00023,/Users/ashfaquesami/425_project/data/clips_10s/classical_023_0.wav,0.0,10.0,10.0,0,23,,pending,train
classical_023_1,classical,1,/Users/ashfaquesami/425_project/data/raw_gtzan/genres_original/classical/classical.00023.wav,classical.00023,/Users/ashfaquesami/425_project/data/clips_10s/classical_023_1.wav,10.0,20.0,10.0,1,23,,pending,train
classical_023_2,classical,1,/Users/ashfaquesami/425_project/data/raw_gtzan/genres_original/classical/classical.00023.wav,classical.00023,/Users/ashfaquesami/425_project/data/clips_10s/classical_023_2.wav,20.0,30.0,10.0,2,23,,pending,train
classical_024_0,classical,1,/Users/ashfaquesami/425_project/data/raw_gtzan/genres_original/classical/classical.00024.wav,classical.00024,/Users/ashfaquesami/425_project/data/clips_10s/classical_024_0.wav,0.0,10.0,10.0,0,24,,pending,train
classical_024_1,classical,1,/Users/ashfaquesami/425_project/data/raw_gtzan/genres_original/classical/classical.00024.wav,classical.00024,/Users/ashfaquesami/425_project/data/clips_10s/classical_024_1.wav,10.0,20.0,10.0,1,24,,pending,train
classical_024_2,classical,1,/Users/ashfaquesami/425_project/data/raw_gtzan/genres_original/classical/classical.00024.wav,classical.00024,/Users/ashfaquesami/425_project/data/clips_10s/classical_024_2.wav,20.0,30.0,10.0,2,24,,pending,train
classical_025_0,classical,1,/Users/ashfaquesami/425_project/data/raw_gtzan/genres_original/classical/classical.00025.wav,classical.00025,/Users/ashfaquesami/425_project/data/clips_10s/classical_025_0.wav,0.0,10.0,10.0,0,25,,pending,train
classical_025_1,classical,1,/Users/ashfaquesami/425_project/data/raw_gtzan/genres_original/classical/classical.00025.wav,classical.00025,/Users/ashfaquesami/425_project/data/clips_10s/classical_025_1.wav,10.0,20.0,10.0,1,25,,pending,train
classical_025_2,classical,1,/Users/ashfaquesami/425_project/data/raw_gtzan/genres_original/classical/classical.00025.wav,classical.00025,/Users/ashfaquesami/425_project/data/clips_10s/classical_025_2.wav,20.0,30.0,10.0,2,25,,pending,train
classical_026_0,classical,1,/Users/ashfaquesami/425_project/data/raw_gtzan/genres_original/classical/classical.00026.wav,classical.00026,/Users/ashfaquesami/425_project/data/clips_10s/classical_026_0.wav,0.0,10.0,10.0,0,26,,pending,train
classical_026_1,classical,1,/Users/ashfaquesami/425_project/data/raw_gtzan/genres_original/classical/classical.00026.wav,classical.00026,/Users/ashfaquesami/425_project/data/clips_10s/classical_026_1.wav,10.0,20.0,10.0,1,26,,pending,train
classical_026_2,classical,1,/Users/ashfaquesami/425_project/data/raw_gtzan/genres_original/classical/classical.00026.wav,classical.00026,/Users/ashfaquesami/425_project/data/clips_10s/classical_026_2.wav,20.0,30.0,10.0,2,26,,pending,train
classical_027_0,classical,1,/Users/ashfaquesami/425_project/data/raw_gtzan/genres_original/classical/classical.00027.wav,classical.00027,/Users/ashfaquesami/425_project/data/clips_10s/classical_027_0.wav,0.0,10.0,10.0,0,27,,pending,train
classical_027_1,classical,1,/Users/ashfaquesami/425_project/data/raw_gtzan/genres_original/classical/classical.00027.wav,classical.00027,/Users/ashfaquesami/425_project/data/clips_10s/classical_027_1.wav,10.0,20.0,10.0,1,27,,pending,train
classical_027_2,classical,1,/Users/ashfaquesami/425_project/data/raw_gtzan/genres_original/classical/classical.00027.wav,classical.00027,/Users/ashfaquesami/425_project/data/clips_10s/classical_027_2.wav,20.0,30.0,10.0,2,27,,pending,train
classical_028_0,classical,1,/Users/ashfaquesami/425_project/data/raw_gtzan/genres_original/classical/classical.00028.wav,classical.00028,/Users/ashfaquesami/425_project/data/clips_10s/classical_028_0.wav,0.0,10.0,10.0,0,28,,pending,val
classical_028_1,classical,1,/Users/ashfaquesami/425_project/data/raw_gtzan/genres_original/classical/classical.00028.wav,classical.00028,/Users/ashfaquesami/425_project/data/clips_10s/classical_028_1.wav,10.0,20.0,10.0,1,28,,pending,val
classical_028_2,classical,1,/Users/ashfaquesami/425_project/data/raw_gtzan/genres_original/classical/classical.00028.wav,classical.00028,/Users/ashfaquesami/425_project/data/clips_10s/classical_028_2.wav,20.0,30.0,10.0,2,28,,pending,val
classical_029_0,classical,1,/Users/ashfaquesami/425_project/data/raw_gtzan/genres_original/classical/classical.00029.wav,classical.00029,/Users/ashfaquesami/425_project/data/clips_10s/classical_029_0.wav,0.0,10.0,10.0,0,29,,pending,train
classical_029_1,classical,1,/Users/ashfaquesami/425_project/data/raw_gtzan/genres_original/classical/classical.00029.wav,classical.00029,/Users/ashfaquesami/425_project/data/clips_10s/classical_029_1.wav,10.0,20.0,10.0,1,29,,pending,train
classical_029_2,classical,1,/Users/ashfaquesami/425_project/data/raw_gtzan/genres_original/classical/classical.00029.wav,classical.00029,/Users/ashfaquesami/425_project/data/clips_10s/classical_029_2.wav,20.0,30.0,10.0,2,29,,pending,train
classical_030_0,classical,1,/Users/ashfaquesami/425_project/data/raw_gtzan/genres_original/classical/classical.00030.wav,classical.00030,/Users/ashfaquesami/425_project/data/clips_10s/classical_030_0.wav,0.0,10.0,10.0,0,30,,pending,test
classical_030_1,classical,1,/Users/ashfaquesami/425_project/data/raw_gtzan/genres_original/classical/classical.00030.wav,classical.00030,/Users/ashfaquesami/425_project/data/clips_10s/classical_030_1.wav,10.0,20.0,10.0,1,30,,pending,test
classical_030_2,classical,1,/Users/ashfaquesami/425_project/data/raw_gtzan/genres_original/classical/classical.00030.wav,classical.00030,/Users/ashfaquesami/425_project/data/clips_10s/classical_030_2.wav,20.0,30.0,10.0,2,30,,pending,test
classical_031_0,classical,1,/Users/ashfaquesami/425_project/data/raw_gtzan/genres_original/classical/classical.00031.wav,classical.00031,/Users/ashfaquesami/425_project/data/clips_10s/classical_031_0.wav,0.0,10.0,10.0,0,31,,pending,train
classical_031_1,classical,1,/Users/ashfaquesami/425_project/data/raw_gtzan/genres_original/classical/classical.00031.wav,classical.00031,/Users/ashfaquesami/425_project/data/clips_10s/classical_031_1.wav,10.0,20.0,10.0,1,31,,pending,train
classical_031_2,classical,1,/Users/ashfaquesami/425_project/data/raw_gtzan/genres_original/classical/classical.00031.wav,classical.00031,/Users/ashfaquesami/425_project/data/clips_10s/classical_031_2.wav,20.0,30.0,10.0,2,31,,pending,train
classical_032_0,classical,1,/Users/ashfaquesami/425_project/data/raw_gtzan/genres_original/classical/classical.00032.wav,classical.00032,/Users/ashfaquesami/425_project/data/clips_10s/classical_032_0.wav,0.0,10.0,10.0,0,32,,pending,train
classical_032_1,classical,1,/Users/ashfaquesami/425_project/data/raw_gtzan/genres_original/classical/classical.00032.wav,classical.00032,/Users/ashfaquesami/425_project/data/clips_10s/classical_032_1.wav,10.0,20.0,10.0,1,32,,pending,train
classical_032_2,classical,1,/Users/ashfaquesami/425_project/data/raw_gtzan/genres_original/classical/classical.00032.wav,classical.00032,/Users/ashfaquesami/425_project/data/clips_10s/classical_032_2.wav,20.0,30.0,10.0,2,32,,pending,train
classical_033_0,classical,1,/Users/ashfaquesami/425_project/data/raw_gtzan/genres_original/classical/classical.00033.wav,classical.00033,/Users/ashfaquesami/425_project/data/clips_10s/classical_033_0.wav,0.0,10.0,10.0,0,33,,pending,train
classical_033_1,classical,1,/Users/ashfaquesami/425_project/data/raw_gtzan/genres_original/classical/classical.00033.wav,classical.00033,/Users/ashfaquesami/425_project/data/clips_10s/classical_033_1.wav,10.0,20.0,10.0,1,33,,pending,train
classical_033_2,classical,1,/Users/ashfaquesami/425_project/data/raw_gtzan/genres_original/classical/classical.00033.wav,classical.00033,/Users/ashfaquesami/425_project/data/clips_10s/classical_033_2.wav,20.0,30.0,10.0,2,33,,pending,train
classical_034_0,classical,1,/Users/ashfaquesami/425_project/data/raw_gtzan/genres_original/classical/classical.00034.wav,classical.00034,/Users/ashfaquesami/425_project/data/clips_10s/classical_034_0.wav,0.0,10.0,10.0,0,34,,pending,val
classical_034_1,classical,1,/Users/ashfaquesami/425_project/data/raw_gtzan/genres_original/classical/classical.00034.wav,classical.00034,/Users/ashfaquesami/425_project/data/clips_10s/classical_034_1.wav,10.0,20.0,10.0,1,34,,pending,val
classical_034_2,classical,1,/Users/ashfaquesami/425_project/data/raw_gtzan/genres_original/classical/classical.00034.wav,classical.00034,/Users/ashfaquesami/425_project/data/clips_10s/classical_034_2.wav,20.0,30.0,10.0,2,34,,pending,val
classical_035_0,classical,1,/Users/ashfaquesami/425_project/data/raw_gtzan/genres_original/classical/classical.00035.wav,classical.00035,/Users/ashfaquesami/425_project/data/clips_10s/classical_035_0.wav,0.0,10.0,10.0,0,35,,pending,train
classical_035_1,classical,1,/Users/ashfaquesami/425_project/data/raw_gtzan/genres_original/classical/classical.00035.wav,classical.00035,/Users/ashfaquesami/425_project/data/clips_10s/classical_035_1.wav,10.0,20.0,10.0,1,35,,pending,train
classical_035_2,classical,1,/Users/ashfaquesami/425_project/data/raw_gtzan/genres_original/classical/classical.00035.wav,classical.00035,/Users/ashfaquesami/425_project/data/clips_10s/classical_035_2.wav,20.0,30.0,10.0,2,35,,pending,train
classical_036_0,classical,1,/Users/ashfaquesami/425_project/data/raw_gtzan/genres_original/classical/classical.00036.wav,classical.00036,/Users/ashfaquesami/425_project/data/clips_10s/classical_036_0.wav,0.0,10.0,10.0,0,36,,pending,train
classical_036_1,classical,1,/Users/ashfaquesami/425_project/data/raw_gtzan/genres_original/classical/classical.00036.wav,classical.00036,/Users/ashfaquesami/425_project/data/clips_10s/classical_036_1.wav,10.0,20.0,10.0,1,36,,pending,train
classical_036_2,classical,1,/Users/ashfaquesami/425_project/data/raw_gtzan/genres_original/classical/classical.00036.wav,classical.00036,/Users/ashfaquesami/425_project/data/clips_10s/classical_036_2.wav,20.0,30.0,10.0,2,36,,pending,train
classical_037_0,classical,1,/Users/ashfaquesami/425_project/data/raw_gtzan/genres_original/classical/classical.00037.wav,classical.00037,/Users/ashfaquesami/425_project/data/clips_10s/classical_037_0.wav,0.0,10.0,10.0,0,37,,pending,train
classical_037_1,classical,1,/Users/ashfaquesami/425_project/data/raw_gtzan/genres_original/classical/classical.00037.wav,classical.00037,/Users/ashfaquesami/425_project/data/clips_10s/classical_037_1.wav,10.0,20.0,10.0,1,37,,pending,train
classical_037_2,classical,1,/Users/ashfaquesami/425_project/data/raw_gtzan/genres_original/classical/classical.00037.wav,classical.00037,/Users/ashfaquesami/425_project/data/clips_10s/classical_037_2.wav,20.0,30.0,10.0,2,37,,pending,train
classical_038_0,classical,1,/Users/ashfaquesami/425_project/data/raw_gtzan/genres_original/classical/classical.00038.wav,classical.00038,/Users/ashfaquesami/425_project/data/clips_10s/classical_038_0.wav,0.0,10.0,10.0,0,38,,pending,val
classical_038_1,classical,1,/Users/ashfaquesami/425_project/data/raw_gtzan/genres_original/classical/classical.00038.wav,classical.00038,/Users/ashfaquesami/425_project/data/clips_10s/classical_038_1.wav,10.0,20.0,10.0,1,38,,pending,val
classical_038_2,classical,1,/Users/ashfaquesami/425_project/data/raw_gtzan/genres_original/classical/classical.00038.wav,classical.00038,/Users/ashfaquesami/425_project/data/clips_10s/classical_038_2.wav,20.0,30.0,10.0,2,38,,pending,val
classical_039_0,classical,1,/Users/ashfaquesami/425_project/data/raw_gtzan/genres_original/classical/classical.00039.wav,classical.00039,/Users/ashfaquesami/425_project/data/clips_10s/classical_039_0.wav,0.0,10.0,10.0,0,39,,pending,train
classical_039_1,classical,1,/Users/ashfaquesami/425_project/data/raw_gtzan/genres_original/classical/classical.00039.wav,classical.00039,/Users/ashfaquesami/425_project/data/clips_10s/classical_039_1.wav,10.0,20.0,10.0,1,39,,pending,train
classical_039_2,classical,1,/Users/ashfaquesami/425_project/data/raw_gtzan/genres_original/classical/classical.00039.wav,classical.00039,/Users/ashfaquesami/425_project/data/clips_10s/classical_039_2.wav,20.0,30.0,10.0,2,39,,pending,train
classical_040_0,classical,1,/Users/ashfaquesami/425_project/data/raw_gtzan/genres_original/classical/classical.00040.wav,classical.00040,/Users/ashfaquesami/425_project/data/clips_10s/classical_040_0.wav,0.0,10.0,10.0,0,40,,pending,train
classical_040_1,classical,1,/Users/ashfaquesami/425_project/data/raw_gtzan/genres_original/classical/classical.00040.wav,classical.00040,/Users/ashfaquesami/425_project/data/clips_10s/classical_040_1.wav,10.0,20.0,10.0,1,40,,pending,train
classical_040_2,classical,1,/Users/ashfaquesami/425_project/data/raw_gtzan/genres_original/classical/classical.00040.wav,classical.00040,/Users/ashfaquesami/425_project/data/clips_10s/classical_040_2.wav,20.0,30.0,10.0,2,40,,pending,train
classical_041_0,classical,1,/Users/ashfaquesami/425_project/data/raw_gtzan/genres_original/classical/classical.00041.wav,classical.00041,/Users/ashfaquesami/425_project/data/clips_10s/classical_041_0.wav,0.0,10.0,10.0,0,41,,pending,train
classical_041_1,classical,1,/Users/ashfaquesami/425_project/data/raw_gtzan/genres_original/classical/classical.00041.wav,classical.00041,/Users/ashfaquesami/425_project/data/clips_10s/classical_041_1.wav,10.0,20.0,10.0,1,41,,pending,train
classical_041_2,classical,1,/Users/ashfaquesami/425_project/data/raw_gtzan/genres_original/classical/classical.00041.wav,classical.00041,/Users/ashfaquesami/425_project/data/clips_10s/classical_041_2.wav,20.0,30.0,10.0,2,41,,pending,train
classical_042_0,classical,1,/Users/ashfaquesami/425_project/data/raw_gtzan/genres_original/classical/classical.00042.wav,classical.00042,/Users/ashfaquesami/425_project/data/clips_10s/classical_042_0.wav,0.0,10.0,10.0,0,42,,pending,train
classical_042_1,classical,1,/Users/ashfaquesami/425_project/data/raw_gtzan/genres_original/classical/classical.00042.wav,classical.00042,/Users/ashfaquesami/425_project/data/clips_10s/classical_042_1.wav,10.0,20.0,10.0,1,42,,pending,train
classical_042_2,classical,1,/Users/ashfaquesami/425_project/data/raw_gtzan/genres_original/classical/classical.00042.wav,classical.00042,/Users/ashfaquesami/425_project/data/clips_10s/classical_042_2.wav,20.0,30.0,10.0,2,42,,pending,train
classical_043_0,classical,1,/Users/ashfaquesami/425_project/data/raw_gtzan/genres_original/classical/classical.00043.wav,classical.00043,/Users/ashfaquesami/425_project/data/clips_10s/classical_043_0.wav,0.0,10.0,10.0,0,43,,pending,train
classical_043_1,classical,1,/Users/ashfaquesami/425_project/data/raw_gtzan/genres_original/classical/classical.00043.wav,classical.00043,/Users/ashfaquesami/425_project/data/clips_10s/classical_043_1.wav,10.0,20.0,10.0,1,43,,pending,train
classical_043_2,classical,1,/Users/ashfaquesami/425_project/data/raw_gtzan/genres_original/classical/classical.00043.wav,classical.00043,/Users/ashfaquesami/425_project/data/clips_10s/classical_043_2.wav,20.0,30.0,10.0,2,43,,pending,train
classical_044_0,classical,1,/Users/ashfaquesami/425_project/data/raw_gtzan/genres_original/classical/classical.00044.wav,classical.00044,/Users/ashfaquesami/425_project/data/clips_10s/classical_044_0.wav,0.0,10.0,10.0,0,44,,pending,train
classical_044_1,classical,1,/Users/ashfaquesami/425_project/data/raw_gtzan/genres_original/classical/classical.00044.wav,classical.00044,/Users/ashfaquesami/425_project/data/clips_10s/classical_044_1.wav,10.0,20.0,10.0,1,44,,pending,train
classical_044_2,classical,1,/Users/ashfaquesami/425_project/data/raw_gtzan/genres_original/classical/classical.00044.wav,classical.00044,/Users/ashfaquesami/425_project/data/clips_10s/classical_044_2.wav,20.0,30.0,10.0,2,44,,pending,train
classical_045_0,classical,1,/Users/ashfaquesami/425_project/data/raw_gtzan/genres_original/classical/classical.00045.wav,classical.00045,/Users/ashfaquesami/425_project/data/clips_10s/classical_045_0.wav,0.0,10.0,10.0,0,45,,pending,train
classical_045_1,classical,1,/Users/ashfaquesami/425_project/data/raw_gtzan/genres_original/classical/classical.00045.wav,classical.00045,/Users/ashfaquesami/425_project/data/clips_10s/classical_045_1.wav,10.0,20.0,10.0,1,45,,pending,train
classical_045_2,classical,1,/Users/ashfaquesami/425_project/data/raw_gtzan/genres_original/classical/classical.00045.wav,classical.00045,/Users/ashfaquesami/425_project/data/clips_10s/classical_045_2.wav,20.0,30.0,10.0,2,45,,pending,train
classical_046_0,classical,1,/Users/ashfaquesami/425_project/data/raw_gtzan/genres_original/classical/classical.00046.wav,classical.00046,/Users/ashfaquesami/425_project/data/clips_10s/classical_046_0.wav,0.0,10.0,10.0,0,46,,pending,train
classical_046_1,classical,1,/Users/ashfaquesami/425_project/data/raw_gtzan/genres_original/classical/classical.00046.wav,classical.00046,/Users/ashfaquesami/425_project/data/clips_10s/classical_046_1.wav,10.0,20.0,10.0,1,46,,pending,train
classical_046_2,classical,1,/Users/ashfaquesami/425_project/data/raw_gtzan/genres_original/classical/classical.00046.wav,classical.00046,/Users/ashfaquesami/425_project/data/clips_10s/classical_046_2.wav,20.0,30.0,10.0,2,46,,pending,train
classical_047_0,classical,1,/Users/ashfaquesami/425_project/data/raw_gtzan/genres_original/classical/classical.00047.wav,classical.00047,/Users/ashfaquesami/425_project/data/clips_10s/classical_047_0.wav,0.0,10.0,10.0,0,47,,pending,train
classical_047_1,classical,1,/Users/ashfaquesami/425_project/data/raw_gtzan/genres_original/classical/classical.00047.wav,classical.00047,/Users/ashfaquesami/425_project/data/clips_10s/classical_047_1.wav,10.0,20.0,10.0,1,47,,pending,train
classical_047_2,classical,1,/Users/ashfaquesami/425_project/data/raw_gtzan/genres_original/classical/classical.00047.wav,classical.00047,/Users/ashfaquesami/425_project/data/clips_10s/classical_047_2.wav,20.0,30.0,10.0,2,47,,pending,train
classical_048_0,classical,1,/Users/ashfaquesami/425_project/data/raw_gtzan/genres_original/classical/classical.00048.wav,classical.00048,/Users/ashfaquesami/425_project/data/clips_10s/classical_048_0.wav,0.0,10.0,10.0,0,48,,pending,train
classical_048_1,classical,1,/Users/ashfaquesami/425_project/data/raw_gtzan/genres_original/classical/classical.00048.wav,classical.00048,/Users/ashfaquesami/425_project/data/clips_10s/classical_048_1.wav,10.0,20.0,10.0,1,48,,pending,train
classical_048_2,classical,1,/Users/ashfaquesami/425_project/data/raw_gtzan/genres_original/classical/classical.00048.wav,classical.00048,/Users/ashfaquesami/425_project/data/clips_10s/classical_048_2.wav,20.0,30.0,10.0,2,48,,pending,train
classical_049_0,classical,1,/Users/ashfaquesami/425_project/data/raw_gtzan/genres_original/classical/classical.00049.wav,classical.00049,/Users/ashfaquesami/425_project/data/clips_10s/classical_049_0.wav,0.0,10.0,10.0,0,49,,pending,train
classical_049_1,classical,1,/Users/ashfaquesami/425_project/data/raw_gtzan/genres_original/classical/classical.00049.wav,classical.00049,/Users/ashfaquesami/425_project/data/clips_10s/classical_049_1.wav,10.0,20.0,10.0,1,49,,pending,train
classical_049_2,classical,1,/Users/ashfaquesami/425_project/data/raw_gtzan/genres_original/classical/classical.00049.wav,classical.00049,/Users/ashfaquesami/425_project/data/clips_10s/classical_049_2.wav,20.0,30.0,10.0,2,49,,pending,train
classical_050_0,classical,1,/Users/ashfaquesami/425_project/data/raw_gtzan/genres_original/classical/classical.00050.wav,classical.00050,/Users/ashfaquesami/425_project/data/clips_10s/classical_050_0.wav,0.0,10.0,10.0,0,50,,pending,train
classical_050_1,classical,1,/Users/ashfaquesami/425_project/data/raw_gtzan/genres_original/classical/classical.00050.wav,classical.00050,/Users/ashfaquesami/425_project/data/clips_10s/classical_050_1.wav,10.0,20.0,10.0,1,50,,pending,train
classical_050_2,classical,1,/Users/ashfaquesami/425_project/data/raw_gtzan/genres_original/classical/classical.00050.wav,classical.00050,/Users/ashfaquesami/425_project/data/clips_10s/classical_050_2.wav,20.0,30.0,10.0,2,50,,pending,train
classical_051_0,classical,1,/Users/ashfaquesami/425_project/data/raw_gtzan/genres_original/classical/classical.00051.wav,classical.00051,/Users/ashfaquesami/425_project/data/clips_10s/classical_051_0.wav,0.0,10.0,10.0,0,51,,pending,train
classical_051_1,classical,1,/Users/ashfaquesami/425_project/data/raw_gtzan/genres_original/classical/classical.00051.wav,classical.00051,/Users/ashfaquesami/425_project/data/clips_10s/classical_051_1.wav,10.0,20.0,10.0,1,51,,pending,train
classical_051_2,classical,1,/Users/ashfaquesami/425_project/data/raw_gtzan/genres_original/classical/classical.00051.wav,classical.00051,/Users/ashfaquesami/425_project/data/clips_10s/classical_051_2.wav,20.0,30.0,10.0,2,51,,pending,train
classical_052_0,classical,1,/Users/ashfaquesami/425_project/data/raw_gtzan/genres_original/classical/classical.00052.wav,classical.00052,/Users/ashfaquesami/425_project/data/clips_10s/classical_052_0.wav,0.0,10.0,10.0,0,52,,pending,train
classical_052_1,classical,1,/Users/ashfaquesami/425_project/data/raw_gtzan/genres_original/classical/classical.00052.wav,classical.00052,/Users/ashfaquesami/425_project/data/clips_10s/classical_052_1.wav,10.0,20.0,10.0,1,52,,pending,train
classical_052_2,classical,1,/Users/ashfaquesami/425_project/data/raw_gtzan/genres_original/classical/classical.00052.wav,classical.00052,/Users/ashfaquesami/425_project/data/clips_10s/classical_052_2.wav,20.0,30.0,10.0,2,52,,pending,train
classical_053_0,classical,1,/Users/ashfaquesami/425_project/data/raw_gtzan/genres_original/classical/classical.00053.wav,classical.00053,/Users/ashfaquesami/425_project/data/clips_10s/classical_053_0.wav,0.0,10.0,10.0,0,53,,pending,train
classical_053_1,classical,1,/Users/ashfaquesami/425_project/data/raw_gtzan/genres_original/classical/classical.00053.wav,classical.00053,/Users/ashfaquesami/425_project/data/clips_10s/classical_053_1.wav,10.0,20.0,10.0,1,53,,pending,train
classical_053_2,classical,1,/Users/ashfaquesami/425_project/data/raw_gtzan/genres_original/classical/classical.00053.wav,classical.00053,/Users/ashfaquesami/425_project/data/clips_10s/classical_053_2.wav,20.0,30.0,10.0,2,53,,pending,train
classical_054_0,classical,1,/Users/ashfaquesami/425_project/data/raw_gtzan/genres_original/classical/classical.00054.wav,classical.00054,/Users/ashfaquesami/425_project/data/clips_10s/classical_054_0.wav,0.0,10.0,10.0,0,54,,pending,train
classical_054_1,classical,1,/Users/ashfaquesami/425_project/data/raw_gtzan/genres_original/classical/classical.00054.wav,classical.00054,/Users/ashfaquesami/425_project/data/clips_10s/classical_054_1.wav,10.0,20.0,10.0,1,54,,pending,train
classical_054_2,classical,1,/Users/ashfaquesami/425_project/data/raw_gtzan/genres_original/classical/classical.00054.wav,classical.00054,/Users/ashfaquesami/425_project/data/clips_10s/classical_054_2.wav,20.0,30.0,10.0,2,54,,pending,train
classical_055_0,classical,1,/Users/ashfaquesami/425_project/data/raw_gtzan/genres_original/classical/classical.00055.wav,classical.00055,/Users/ashfaquesami/425_project/data/clips_10s/classical_055_0.wav,0.0,10.0,10.0,0,55,,pending,train
classical_055_1,classical,1,/Users/ashfaquesami/425_project/data/raw_gtzan/genres_original/classical/classical.00055.wav,classical.00055,/Users/ashfaquesami/425_project/data/clips_10s/classical_055_1.wav,10.0,20.0,10.0,1,55,,pending,train
classical_055_2,classical,1,/Users/ashfaquesami/425_project/data/raw_gtzan/genres_original/classical/classical.00055.wav,classical.00055,/Users/ashfaquesami/425_project/data/clips_10s/classical_055_2.wav,20.0,30.0,10.0,2,55,,pending,train
classical_056_0,classical,1,/Users/ashfaquesami/425_project/data/raw_gtzan/genres_original/classical/classical.00056.wav,classical.00056,/Users/ashfaquesami/425_project/data/clips_10s/classical_056_0.wav,0.0,10.0,10.0,0,56,,pending,val
classical_056_1,classical,1,/Users/ashfaquesami/425_project/data/raw_gtzan/genres_original/classical/classical.00056.wav,classical.00056,/Users/ashfaquesami/425_project/data/clips_10s/classical_056_1.wav,10.0,20.0,10.0,1,56,,pending,val
classical_056_2,classical,1,/Users/ashfaquesami/425_project/data/raw_gtzan/genres_original/classical/classical.00056.wav,classical.00056,/Users/ashfaquesami/425_project/data/clips_10s/classical_056_2.wav,20.0,30.0,10.0,2,56,,pending,val
classical_057_0,classical,1,/Users/ashfaquesami/425_project/data/raw_gtzan/genres_original/classical/classical.00057.wav,classical.00057,/Users/ashfaquesami/425_project/data/clips_10s/classical_057_0.wav,0.0,10.0,10.0,0,57,,pending,train
classical_057_1,classical,1,/Users/ashfaquesami/425_project/data/raw_gtzan/genres_original/classical/classical.00057.wav,classical.00057,/Users/ashfaquesami/425_project/data/clips_10s/classical_057_1.wav,10.0,20.0,10.0,1,57,,pending,train
classical_057_2,classical,1,/Users/ashfaquesami/425_project/data/raw_gtzan/genres_original/classical/classical.00057.wav,classical.00057,/Users/ashfaquesami/425_project/data/clips_10s/classical_057_2.wav,20.0,30.0,10.0,2,57,,pending,train
classical_058_0,classical,1,/Users/ashfaquesami/425_project/data/raw_gtzan/genres_original/classical/classical.00058.wav,classical.00058,/Users/ashfaquesami/425_project/data/clips_10s/classical_058_0.wav,0.0,10.0,10.0,0,58,,pending,train
classical_058_1,classical,1,/Users/ashfaquesami/425_project/data/raw_gtzan/genres_original/classical/classical.00058.wav,classical.00058,/Users/ashfaquesami/425_project/data/clips_10s/classical_058_1.wav,10.0,20.0,10.0,1,58,,pending,train
classical_058_2,classical,1,/Users/ashfaquesami/425_project/data/raw_gtzan/genres_original/classical/classical.00058.wav,classical.00058,/Users/ashfaquesami/425_project/data/clips_10s/classical_058_2.wav,20.0,30.0,10.0,2,58,,pending,train
classical_059_0,classical,1,/Users/ashfaquesami/425_project/data/raw_gtzan/genres_original/classical/classical.00059.wav,classical.00059,/Users/ashfaquesami/425_project/data/clips_10s/classical_059_0.wav,0.0,10.0,10.0,0,59,,pending,val
classical_059_1,classical,1,/Users/ashfaquesami/425_project/data/raw_gtzan/genres_original/classical/classical.00059.wav,classical.00059,/Users/ashfaquesami/425_project/data/clips_10s/classical_059_1.wav,10.0,20.0,10.0,1,59,,pending,val
classical_059_2,classical,1,/Users/ashfaquesami/425_project/data/raw_gtzan/genres_original/classical/classical.00059.wav,classical.00059,/Users/ashfaquesami/425_project/data/clips_10s/classical_059_2.wav,20.0,30.0,10.0,2,59,,pending,val
classical_060_0,classical,1,/Users/ashfaquesami/425_project/data/raw_gtzan/genres_original/classical/classical.00060.wav,classical.00060,/Users/ashfaquesami/425_project/data/clips_10s/classical_060_0.wav,0.0,10.0,10.0,0,60,,pending,test
classical_060_1,classical,1,/Users/ashfaquesami/425_project/data/raw_gtzan/genres_original/classical/classical.00060.wav,classical.00060,/Users/ashfaquesami/425_project/data/clips_10s/classical_060_1.wav,10.0,20.0,10.0,1,60,,pending,test
classical_060_2,classical,1,/Users/ashfaquesami/425_project/data/raw_gtzan/genres_original/classical/classical.00060.wav,classical.00060,/Users/ashfaquesami/425_project/data/clips_10s/classical_060_2.wav,20.0,30.0,10.0,2,60,,pending,test
classical_061_0,classical,1,/Users/ashfaquesami/425_project/data/raw_gtzan/genres_original/classical/classical.00061.wav,classical.00061,/Users/ashfaquesami/425_project/data/clips_10s/classical_061_0.wav,0.0,10.0,10.0,0,61,,pending,test
classical_061_1,classical,1,/Users/ashfaquesami/425_project/data/raw_gtzan/genres_original/classical/classical.00061.wav,classical.00061,/Users/ashfaquesami/425_project/data/clips_10s/classical_061_1.wav,10.0,20.0,10.0,1,61,,pending,test
classical_061_2,classical,1,/Users/ashfaquesami/425_project/data/raw_gtzan/genres_original/classical/classical.00061.wav,classical.00061,/Users/ashfaquesami/425_project/data/clips_10s/classical_061_2.wav,20.0,30.0,10.0,2,61,,pending,test
classical_062_0,classical,1,/Users/ashfaquesami/425_project/data/raw_gtzan/genres_original/classical/classical.00062.wav,classical.00062,/Users/ashfaquesami/425_project/data/clips_10s/classical_062_0.wav,0.0,10.0,10.0,0,62,,pending,train
classical_062_1,classical,1,/Users/ashfaquesami/425_project/data/raw_gtzan/genres_original/classical/classical.00062.wav,classical.00062,/Users/ashfaquesami/425_project/data/clips_10s/classical_062_1.wav,10.0,20.0,10.0,1,62,,pending,train
classical_062_2,classical,1,/Users/ashfaquesami/425_project/data/raw_gtzan/genres_original/classical/classical.00062.wav,classical.00062,/Users/ashfaquesami/425_project/data/clips_10s/classical_062_2.wav,20.0,30.0,10.0,2,62,,pending,train
classical_063_0,classical,1,/Users/ashfaquesami/425_project/data/raw_gtzan/genres_original/classical/classical.00063.wav,classical.00063,/Users/ashfaquesami/425_project/data/clips_10s/classical_063_0.wav,0.0,10.0,10.0,0,63,,pending,train
classical_063_1,classical,1,/Users/ashfaquesami/425_project/data/raw_gtzan/genres_original/classical/classical.00063.wav,classical.00063,/Users/ashfaquesami/425_project/data/clips_10s/classical_063_1.wav,10.0,20.0,10.0,1,63,,pending,train
classical_063_2,classical,1,/Users/ashfaquesami/425_project/data/raw_gtzan/genres_original/classical/classical.00063.wav,classical.00063,/Users/ashfaquesami/425_project/data/clips_10s/classical_063_2.wav,20.0,30.0,10.0,2,63,,pending,train
classical_064_0,classical,1,/Users/ashfaquesami/425_project/data/raw_gtzan/genres_original/classical/classical.00064.wav,classical.00064,/Users/ashfaquesami/425_project/data/clips_10s/classical_064_0.wav,0.0,10.0,10.0,0,64,,pending,train
classical_064_1,classical,1,/Users/ashfaquesami/425_project/data/raw_gtzan/genres_original/classical/classical.00064.wav,classical.00064,/Users/ashfaquesami/425_project/data/clips_10s/classical_064_1.wav,10.0,20.0,10.0,1,64,,pending,train
classical_064_2,classical,1,/Users/ashfaquesami/425_project/data/raw_gtzan/genres_original/classical/classical.00064.wav,classical.00064,/Users/ashfaquesami/425_project/data/clips_10s/classical_064_2.wav,20.0,30.0,10.0,2,64,,pending,train
classical_065_0,classical,1,/Users/ashfaquesami/425_project/data/raw_gtzan/genres_original/classical/classical.00065.wav,classical.00065,/Users/ashfaquesami/425_project/data/clips_10s/classical_065_0.wav,0.0,10.0,10.0,0,65,,pending,train
classical_065_1,classical,1,/Users/ashfaquesami/425_project/data/raw_gtzan/genres_original/classical/classical.00065.wav,classical.00065,/Users/ashfaquesami/425_project/data/clips_10s/classical_065_1.wav,10.0,20.0,10.0,1,65,,pending,train
classical_065_2,classical,1,/Users/ashfaquesami/425_project/data/raw_gtzan/genres_original/classical/classical.00065.wav,classical.00065,/Users/ashfaquesami/425_project/data/clips_10s/classical_065_2.wav,20.0,30.0,10.0,2,65,,pending,train
classical_066_0,classical,1,/Users/ashfaquesami/425_project/data/raw_gtzan/genres_original/classical/classical.00066.wav,classical.00066,/Users/ashfaquesami/425_project/data/clips_10s/classical_066_0.wav,0.0,10.0,10.0,0,66,,pending,test
classical_066_1,classical,1,/Users/ashfaquesami/425_project/data/raw_gtzan/genres_original/classical/classical.00066.wav,classical.00066,/Users/ashfaquesami/425_project/data/clips_10s/classical_066_1.wav,10.0,20.0,10.0,1,66,,pending,test
classical_066_2,classical,1,/Users/ashfaquesami/425_project/data/raw_gtzan/genres_original/classical/classical.00066.wav,classical.00066,/Users/ashfaquesami/425_project/data/clips_10s/classical_066_2.wav,20.0,30.0,10.0,2,66,,pending,test
classical_067_0,classical,1,/Users/ashfaquesami/425_project/data/raw_gtzan/genres_original/classical/classical.00067.wav,classical.00067,/Users/ashfaquesami/425_project/data/clips_10s/classical_067_0.wav,0.0,10.0,10.0,0,67,,pending,train
classical_067_1,classical,1,/Users/ashfaquesami/425_project/data/raw_gtzan/genres_original/classical/classical.00067.wav,classical.00067,/Users/ashfaquesami/425_project/data/clips_10s/classical_067_1.wav,10.0,20.0,10.0,1,67,,pending,train
classical_067_2,classical,1,/Users/ashfaquesami/425_project/data/raw_gtzan/genres_original/classical/classical.00067.wav,classical.00067,/Users/ashfaquesami/425_project/data/clips_10s/classical_067_2.wav,20.0,30.0,10.0,2,67,,pending,train
classical_068_0,classical,1,/Users/ashfaquesami/425_project/data/raw_gtzan/genres_original/classical/classical.00068.wav,classical.00068,/Users/ashfaquesami/425_project/data/clips_10s/classical_068_0.wav,0.0,10.0,10.0,0,68,,pending,train
classical_068_1,classical,1,/Users/ashfaquesami/425_project/data/raw_gtzan/genres_original/classical/classical.00068.wav,classical.00068,/Users/ashfaquesami/425_project/data/clips_10s/classical_068_1.wav,10.0,20.0,10.0,1,68,,pending,train
classical_068_2,classical,1,/Users/ashfaquesami/425_project/data/raw_gtzan/genres_original/classical/classical.00068.wav,classical.00068,/Users/ashfaquesami/425_project/data/clips_10s/classical_068_2.wav,20.0,30.0,10.0,2,68,,pending,train
classical_069_0,classical,1,/Users/ashfaquesami/425_project/data/raw_gtzan/genres_original/classical/classical.00069.wav,classical.00069,/Users/ashfaquesami/425_project/data/clips_10s/classical_069_0.wav,0.0,10.0,10.0,0,69,,pending,train
classical_069_1,classical,1,/Users/ashfaquesami/425_project/data/raw_gtzan/genres_original/classical/classical.00069.wav,classical.00069,/Users/ashfaquesami/425_project/data/clips_10s/classical_069_1.wav,10.0,20.0,10.0,1,69,,pending,train
classical_069_2,classical,1,/Users/ashfaquesami/425_project/data/raw_gtzan/genres_original/classical/classical.00069.wav,classical.00069,/Users/ashfaquesami/425_project/data/clips_10s/classical_069_2.wav,20.0,30.0,10.0,2,69,,pending,train
classical_070_0,classical,1,/Users/ashfaquesami/425_project/data/raw_gtzan/genres_original/classical/classical.00070.wav,classical.00070,/Users/ashfaquesami/425_project/data/clips_10s/classical_070_0.wav,0.0,10.0,10.0,0,70,,pending,val
classical_070_1,classical,1,/Users/ashfaquesami/425_project/data/raw_gtzan/genres_original/classical/classical.00070.wav,classical.00070,/Users/ashfaquesami/425_project/data/clips_10s/classical_070_1.wav,10.0,20.0,10.0,1,70,,pending,val
classical_070_2,classical,1,/Users/ashfaquesami/425_project/data/raw_gtzan/genres_original/classical/classical.00070.wav,classical.00070,/Users/ashfaquesami/425_project/data/clips_10s/classical_070_2.wav,20.0,30.0,10.0,2,70,,pending,val
classical_071_0,classical,1,/Users/ashfaquesami/425_project/data/raw_gtzan/genres_original/classical/classical.00071.wav,classical.00071,/Users/ashfaquesami/425_project/data/clips_10s/classical_071_0.wav,0.0,10.0,10.0,0,71,,pending,train
classical_071_1,classical,1,/Users/ashfaquesami/425_project/data/raw_gtzan/genres_original/classical/classical.00071.wav,classical.00071,/Users/ashfaquesami/425_project/data/clips_10s/classical_071_1.wav,10.0,20.0,10.0,1,71,,pending,train
classical_071_2,classical,1,/Users/ashfaquesami/425_project/data/raw_gtzan/genres_original/classical/classical.00071.wav,classical.00071,/Users/ashfaquesami/425_project/data/clips_10s/classical_071_2.wav,20.0,30.0,10.0,2,71,,pending,train
classical_072_0,classical,1,/Users/ashfaquesami/425_project/data/raw_gtzan/genres_original/classical/classical.00072.wav,classical.00072,/Users/ashfaquesami/425_project/data/clips_10s/classical_072_0.wav,0.0,10.0,10.0,0,72,,pending,train
classical_072_1,classical,1,/Users/ashfaquesami/425_project/data/raw_gtzan/genres_original/classical/classical.00072.wav,classical.00072,/Users/ashfaquesami/425_project/data/clips_10s/classical_072_1.wav,10.0,20.0,10.0,1,72,,pending,train
classical_072_2,classical,1,/Users/ashfaquesami/425_project/data/raw_gtzan/genres_original/classical/classical.00072.wav,classical.00072,/Users/ashfaquesami/425_project/data/clips_10s/classical_072_2.wav,20.0,30.0,10.0,2,72,,pending,train
classical_073_0,classical,1,/Users/ashfaquesami/425_project/data/raw_gtzan/genres_original/classical/classical.00073.wav,classical.00073,/Users/ashfaquesami/425_project/data/clips_10s/classical_073_0.wav,0.0,10.0,10.0,0,73,,pending,train
classical_073_1,classical,1,/Users/ashfaquesami/425_project/data/raw_gtzan/genres_original/classical/classical.00073.wav,classical.00073,/Users/ashfaquesami/425_project/data/clips_10s/classical_073_1.wav,10.0,20.0,10.0,1,73,,pending,train
classical_073_2,classical,1,/Users/ashfaquesami/425_project/data/raw_gtzan/genres_original/classical/classical.00073.wav,classical.00073,/Users/ashfaquesami/425_project/data/clips_10s/classical_073_2.wav,20.0,30.0,10.0,2,73,,pending,train
classical_074_0,classical,1,/Users/ashfaquesami/425_project/data/raw_gtzan/genres_original/classical/classical.00074.wav,classical.00074,/Users/ashfaquesami/425_project/data/clips_10s/classical_074_0.wav,0.0,10.0,10.0,0,74,,pending,train
classical_074_1,classical,1,/Users/ashfaquesami/425_project/data/raw_gtzan/genres_original/classical/classical.00074.wav,classical.00074,/Users/ashfaquesami/425_project/data/clips_10s/classical_074_1.wav,10.0,20.0,10.0,1,74,,pending,train
classical_074_2,classical,1,/Users/ashfaquesami/425_project/data/raw_gtzan/genres_original/classical/classical.00074.wav,classical.00074,/Users/ashfaquesami/425_project/data/clips_10s/classical_074_2.wav,20.0,30.0,10.0,2,74,,pending,train
classical_075_0,classical,1,/Users/ashfaquesami/425_project/data/raw_gtzan/genres_original/classical/classical.00075.wav,classical.00075,/Users/ashfaquesami/425_project/data/clips_10s/classical_075_0.wav,0.0,10.0,10.0,0,75,,pending,train
classical_075_1,classical,1,/Users/ashfaquesami/425_project/data/raw_gtzan/genres_original/classical/classical.00075.wav,classical.00075,/Users/ashfaquesami/425_project/data/clips_10s/classical_075_1.wav,10.0,20.0,10.0,1,75,,pending,train
classical_075_2,classical,1,/Users/ashfaquesami/425_project/data/raw_gtzan/genres_original/classical/classical.00075.wav,classical.00075,/Users/ashfaquesami/425_project/data/clips_10s/classical_075_2.wav,20.0,30.0,10.0,2,75,,pending,train
classical_076_0,classical,1,/Users/ashfaquesami/425_project/data/raw_gtzan/genres_original/classical/classical.00076.wav,classical.00076,/Users/ashfaquesami/425_project/data/clips_10s/classical_076_0.wav,0.0,10.0,10.0,0,76,,pending,train
classical_076_1,classical,1,/Users/ashfaquesami/425_project/data/raw_gtzan/genres_original/classical/classical.00076.wav,classical.00076,/Users/ashfaquesami/425_project/data/clips_10s/classical_076_1.wav,10.0,20.0,10.0,1,76,,pending,train
classical_076_2,classical,1,/Users/ashfaquesami/425_project/data/raw_gtzan/genres_original/classical/classical.00076.wav,classical.00076,/Users/ashfaquesami/425_project/data/clips_10s/classical_076_2.wav,20.0,30.0,10.0,2,76,,pending,train
classical_077_0,classical,1,/Users/ashfaquesami/425_project/data/raw_gtzan/genres_original/classical/classical.00077.wav,classical.00077,/Users/ashfaquesami/425_project/data/clips_10s/classical_077_0.wav,0.0,10.0,10.0,0,77,,pending,train
classical_077_1,classical,1,/Users/ashfaquesami/425_project/data/raw_gtzan/genres_original/classical/classical.00077.wav,classical.00077,/Users/ashfaquesami/425_project/data/clips_10s/classical_077_1.wav,10.0,20.0,10.0,1,77,,pending,train
classical_077_2,classical,1,/Users/ashfaquesami/425_project/data/raw_gtzan/genres_original/classical/classical.00077.wav,classical.00077,/Users/ashfaquesami/425_project/data/clips_10s/classical_077_2.wav,20.0,30.0,10.0,2,77,,pending,train
classical_078_0,classical,1,/Users/ashfaquesami/425_project/data/raw_gtzan/genres_original/classical/classical.00078.wav,classical.00078,/Users/ashfaquesami/425_project/data/clips_10s/classical_078_0.wav,0.0,10.0,10.0,0,78,,pending,train
classical_078_1,classical,1,/Users/ashfaquesami/425_project/data/raw_gtzan/genres_original/classical/classical.00078.wav,classical.00078,/Users/ashfaquesami/425_project/data/clips_10s/classical_078_1.wav,10.0,20.0,10.0,1,78,,pending,train
classical_078_2,classical,1,/Users/ashfaquesami/425_project/data/raw_gtzan/genres_original/classical/classical.00078.wav,classical.00078,/Users/ashfaquesami/425_project/data/clips_10s/classical_078_2.wav,20.0,30.0,10.0,2,78,,pending,train
classical_079_0,classical,1,/Users/ashfaquesami/425_project/data/raw_gtzan/genres_original/classical/classical.00079.wav,classical.00079,/Users/ashfaquesami/425_project/data/clips_10s/classical_079_0.wav,0.0,10.0,10.0,0,79,,pending,train
classical_079_1,classical,1,/Users/ashfaquesami/425_project/data/raw_gtzan/genres_original/classical/classical.00079.wav,classical.00079,/Users/ashfaquesami/425_project/data/clips_10s/classical_079_1.wav,10.0,20.0,10.0,1,79,,pending,train
classical_079_2,classical,1,/Users/ashfaquesami/425_project/data/raw_gtzan/genres_original/classical/classical.00079.wav,classical.00079,/Users/ashfaquesami/425_project/data/clips_10s/classical_079_2.wav,20.0,30.0,10.0,2,79,,pending,train
classical_080_0,classical,1,/Users/ashfaquesami/425_project/data/raw_gtzan/genres_original/classical/classical.00080.wav,classical.00080,/Users/ashfaquesami/425_project/data/clips_10s/classical_080_0.wav,0.0,10.0,10.0,0,80,,pending,train
classical_080_1,classical,1,/Users/ashfaquesami/425_project/data/raw_gtzan/genres_original/classical/classical.00080.wav,classical.00080,/Users/ashfaquesami/425_project/data/clips_10s/classical_080_1.wav,10.0,20.0,10.0,1,80,,pending,train
classical_080_2,classical,1,/Users/ashfaquesami/425_project/data/raw_gtzan/genres_original/classical/classical.00080.wav,classical.00080,/Users/ashfaquesami/425_project/data/clips_10s/classical_080_2.wav,20.0,30.0,10.0,2,80,,pending,train
classical_081_0,classical,1,/Users/ashfaquesami/425_project/data/raw_gtzan/genres_original/classical/classical.00081.wav,classical.00081,/Users/ashfaquesami/425_project/data/clips_10s/classical_081_0.wav,0.0,10.0,10.0,0,81,,pending,train
classical_081_1,classical,1,/Users/ashfaquesami/425_project/data/raw_gtzan/genres_original/classical/classical.00081.wav,classical.00081,/Users/ashfaquesami/425_project/data/clips_10s/classical_081_1.wav,10.0,20.0,10.0,1,81,,pending,train
classical_081_2,classical,1,/Users/ashfaquesami/425_project/data/raw_gtzan/genres_original/classical/classical.00081.wav,classical.00081,/Users/ashfaquesami/425_project/data/clips_10s/classical_081_2.wav,20.0,30.0,10.0,2,81,,pending,train
classical_082_0,classical,1,/Users/ashfaquesami/425_project/data/raw_gtzan/genres_original/classical/classical.00082.wav,classical.00082,/Users/ashfaquesami/425_project/data/clips_10s/classical_082_0.wav,0.0,10.0,10.0,0,82,,pending,train
classical_082_1,classical,1,/Users/ashfaquesami/425_project/data/raw_gtzan/genres_original/classical/classical.00082.wav,classical.00082,/Users/ashfaquesami/425_project/data/clips_10s/classical_082_1.wav,10.0,20.0,10.0,1,82,,pending,train
classical_082_2,classical,1,/Users/ashfaquesami/425_project/data/raw_gtzan/genres_original/classical/classical.00082.wav,classical.00082,/Users/ashfaquesami/425_project/data/clips_10s/classical_082_2.wav,20.0,30.0,10.0,2,82,,pending,train
classical_083_0,classical,1,/Users/ashfaquesami/425_project/data/raw_gtzan/genres_original/classical/classical.00083.wav,classical.00083,/Users/ashfaquesami/425_project/data/clips_10s/classical_083_0.wav,0.0,10.0,10.0,0,83,,pending,train
classical_083_1,classical,1,/Users/ashfaquesami/425_project/data/raw_gtzan/genres_original/classical/classical.00083.wav,classical.00083,/Users/ashfaquesami/425_project/data/clips_10s/classical_083_1.wav,10.0,20.0,10.0,1,83,,pending,train
classical_083_2,classical,1,/Users/ashfaquesami/425_project/data/raw_gtzan/genres_original/classical/classical.00083.wav,classical.00083,/Users/ashfaquesami/425_project/data/clips_10s/classical_083_2.wav,20.0,30.0,10.0,2,83,,pending,train
classical_084_0,classical,1,/Users/ashfaquesami/425_project/data/raw_gtzan/genres_original/classical/classical.00084.wav,classical.00084,/Users/ashfaquesami/425_project/data/clips_10s/classical_084_0.wav,0.0,10.0,10.0,0,84,,pending,train
classical_084_1,classical,1,/Users/ashfaquesami/425_project/data/raw_gtzan/genres_original/classical/classical.00084.wav,classical.00084,/Users/ashfaquesami/425_project/data/clips_10s/classical_084_1.wav,10.0,20.0,10.0,1,84,,pending,train
classical_084_2,classical,1,/Users/ashfaquesami/425_project/data/raw_gtzan/genres_original/classical/classical.00084.wav,classical.00084,/Users/ashfaquesami/425_project/data/clips_10s/classical_084_2.wav,20.0,30.0,10.0,2,84,,pending,train
classical_085_0,classical,1,/Users/ashfaquesami/425_project/data/raw_gtzan/genres_original/classical/classical.00085.wav,classical.00085,/Users/ashfaquesami/425_project/data/clips_10s/classical_085_0.wav,0.0,10.0,10.0,0,85,,pending,train
classical_085_1,classical,1,/Users/ashfaquesami/425_project/data/raw_gtzan/genres_original/classical/classical.00085.wav,classical.00085,/Users/ashfaquesami/425_project/data/clips_10s/classical_085_1.wav,10.0,20.0,10.0,1,85,,pending,train
classical_085_2,classical,1,/Users/ashfaquesami/425_project/data/raw_gtzan/genres_original/classical/classical.00085.wav,classical.00085,/Users/ashfaquesami/425_project/data/clips_10s/classical_085_2.wav,20.0,30.0,10.0,2,85,,pending,train
classical_086_0,classical,1,/Users/ashfaquesami/425_project/data/raw_gtzan/genres_original/classical/classical.00086.wav,classical.00086,/Users/ashfaquesami/425_project/data/clips_10s/classical_086_0.wav,0.0,10.0,10.0,0,86,,pending,train
classical_086_1,classical,1,/Users/ashfaquesami/425_project/data/raw_gtzan/genres_original/classical/classical.00086.wav,classical.00086,/Users/ashfaquesami/425_project/data/clips_10s/classical_086_1.wav,10.0,20.0,10.0,1,86,,pending,train
classical_086_2,classical,1,/Users/ashfaquesami/425_project/data/raw_gtzan/genres_original/classical/classical.00086.wav,classical.00086,/Users/ashfaquesami/425_project/data/clips_10s/classical_086_2.wav,20.0,30.0,10.0,2,86,,pending,train
classical_087_0,classical,1,/Users/ashfaquesami/425_project/data/raw_gtzan/genres_original/classical/classical.00087.wav,classical.00087,/Users/ashfaquesami/425_project/data/clips_10s/classical_087_0.wav,0.0,10.0,10.0,0,87,,pending,val
classical_087_1,classical,1,/Users/ashfaquesami/425_project/data/raw_gtzan/genres_original/classical/classical.00087.wav,classical.00087,/Users/ashfaquesami/425_project/data/clips_10s/classical_087_1.wav,10.0,20.0,10.0,1,87,,pending,val
classical_087_2,classical,1,/Users/ashfaquesami/425_project/data/raw_gtzan/genres_original/classical/classical.00087.wav,classical.00087,/Users/ashfaquesami/425_project/data/clips_10s/classical_087_2.wav,20.0,30.0,10.0,2,87,,pending,val
classical_088_0,classical,1,/Users/ashfaquesami/425_project/data/raw_gtzan/genres_original/classical/classical.00088.wav,classical.00088,/Users/ashfaquesami/425_project/data/clips_10s/classical_088_0.wav,0.0,10.0,10.0,0,88,,pending,train
classical_088_1,classical,1,/Users/ashfaquesami/425_project/data/raw_gtzan/genres_original/classical/classical.00088.wav,classical.00088,/Users/ashfaquesami/425_project/data/clips_10s/classical_088_1.wav,10.0,20.0,10.0,1,88,,pending,train
classical_088_2,classical,1,/Users/ashfaquesami/425_project/data/raw_gtzan/genres_original/classical/classical.00088.wav,classical.00088,/Users/ashfaquesami/425_project/data/clips_10s/classical_088_2.wav,20.0,30.0,10.0,2,88,,pending,train
classical_089_0,classical,1,/Users/ashfaquesami/425_project/data/raw_gtzan/genres_original/classical/classical.00089.wav,classical.00089,/Users/ashfaquesami/425_project/data/clips_10s/classical_089_0.wav,0.0,10.0,10.0,0,89,,pending,test
classical_089_1,classical,1,/Users/ashfaquesami/425_project/data/raw_gtzan/genres_original/classical/classical.00089.wav,classical.00089,/Users/ashfaquesami/425_project/data/clips_10s/classical_089_1.wav,10.0,20.0,10.0,1,89,,pending,test
classical_089_2,classical,1,/Users/ashfaquesami/425_project/data/raw_gtzan/genres_original/classical/classical.00089.wav,classical.00089,/Users/ashfaquesami/425_project/data/clips_10s/classical_089_2.wav,20.0,30.0,10.0,2,89,,pending,test
classical_090_0,classical,1,/Users/ashfaquesami/425_project/data/raw_gtzan/genres_original/classical/classical.00090.wav,classical.00090,/Users/ashfaquesami/425_project/data/clips_10s/classical_090_0.wav,0.0,10.0,10.0,0,90,,pending,train
classical_090_1,classical,1,/Users/ashfaquesami/425_project/data/raw_gtzan/genres_original/classical/classical.00090.wav,classical.00090,/Users/ashfaquesami/425_project/data/clips_10s/classical_090_1.wav,10.0,20.0,10.0,1,90,,pending,train
classical_090_2,classical,1,/Users/ashfaquesami/425_project/data/raw_gtzan/genres_original/classical/classical.00090.wav,classical.00090,/Users/ashfaquesami/425_project/data/clips_10s/classical_090_2.wav,20.0,30.0,10.0,2,90,,pending,train
classical_091_0,classical,1,/Users/ashfaquesami/425_project/data/raw_gtzan/genres_original/classical/classical.00091.wav,classical.00091,/Users/ashfaquesami/425_project/data/clips_10s/classical_091_0.wav,0.0,10.0,10.0,0,91,,pending,test
classical_091_1,classical,1,/Users/ashfaquesami/425_project/data/raw_gtzan/genres_original/classical/classical.00091.wav,classical.00091,/Users/ashfaquesami/425_project/data/clips_10s/classical_091_1.wav,10.0,20.0,10.0,1,91,,pending,test
classical_091_2,classical,1,/Users/ashfaquesami/425_project/data/raw_gtzan/genres_original/classical/classical.00091.wav,classical.00091,/Users/ashfaquesami/425_project/data/clips_10s/classical_091_2.wav,20.0,30.0,10.0,2,91,,pending,test
classical_092_0,classical,1,/Users/ashfaquesami/425_project/data/raw_gtzan/genres_original/classical/classical.00092.wav,classical.00092,/Users/ashfaquesami/425_project/data/clips_10s/classical_092_0.wav,0.0,10.0,10.0,0,92,,pending,train
classical_092_1,classical,1,/Users/ashfaquesami/425_project/data/raw_gtzan/genres_original/classical/classical.00092.wav,classical.00092,/Users/ashfaquesami/425_project/data/clips_10s/classical_092_1.wav,10.0,20.0,10.0,1,92,,pending,train
classical_092_2,classical,1,/Users/ashfaquesami/425_project/data/raw_gtzan/genres_original/classical/classical.00092.wav,classical.00092,/Users/ashfaquesami/425_project/data/clips_10s/classical_092_2.wav,20.0,30.0,10.0,2,92,,pending,train
classical_093_0,classical,1,/Users/ashfaquesami/425_project/data/raw_gtzan/genres_original/classical/classical.00093.wav,classical.00093,/Users/ashfaquesami/425_project/data/clips_10s/classical_093_0.wav,0.0,10.0,10.0,0,93,,pending,train
classical_093_1,classical,1,/Users/ashfaquesami/425_project/data/raw_gtzan/genres_original/classical/classical.00093.wav,classical.00093,/Users/ashfaquesami/425_project/data/clips_10s/classical_093_1.wav,10.0,20.0,10.0,1,93,,pending,train
classical_093_2,classical,1,/Users/ashfaquesami/425_project/data/raw_gtzan/genres_original/classical/classical.00093.wav,classical.00093,/Users/ashfaquesami/425_project/data/clips_10s/classical_093_2.wav,20.0,30.0,10.0,2,93,,pending,train
classical_094_0,classical,1,/Users/ashfaquesami/425_project/data/raw_gtzan/genres_original/classical/classical.00094.wav,classical.00094,/Users/ashfaquesami/425_project/data/clips_10s/classical_094_0.wav,0.0,10.0,10.0,0,94,,pending,train
classical_094_1,classical,1,/Users/ashfaquesami/425_project/data/raw_gtzan/genres_original/classical/classical.00094.wav,classical.00094,/Users/ashfaquesami/425_project/data/clips_10s/classical_094_1.wav,10.0,20.0,10.0,1,94,,pending,train
classical_094_2,classical,1,/Users/ashfaquesami/425_project/data/raw_gtzan/genres_original/classical/classical.00094.wav,classical.00094,/Users/ashfaquesami/425_project/data/clips_10s/classical_094_2.wav,20.0,30.0,10.0,2,94,,pending,train
classical_095_0,classical,1,/Users/ashfaquesami/425_project/data/raw_gtzan/genres_original/classical/classical.00095.wav,classical.00095,/Users/ashfaquesami/425_project/data/clips_10s/classical_095_0.wav,0.0,10.0,10.0,0,95,,pending,train
classical_095_1,classical,1,/Users/ashfaquesami/425_project/data/raw_gtzan/genres_original/classical/classical.00095.wav,classical.00095,/Users/ashfaquesami/425_project/data/clips_10s/classical_095_1.wav,10.0,20.0,10.0,1,95,,pending,train
classical_095_2,classical,1,/Users/ashfaquesami/425_project/data/raw_gtzan/genres_original/classical/classical.00095.wav,classical.00095,/Users/ashfaquesami/425_project/data/clips_10s/classical_095_2.wav,20.0,30.0,10.0,2,95,,pending,train
classical_096_0,classical,1,/Users/ashfaquesami/425_project/data/raw_gtzan/genres_original/classical/classical.00096.wav,classical.00096,/Users/ashfaquesami/425_project/data/clips_10s/classical_096_0.wav,0.0,10.0,10.0,0,96,,pending,train
classical_096_1,classical,1,/Users/ashfaquesami/425_project/data/raw_gtzan/genres_original/classical/classical.00096.wav,classical.00096,/Users/ashfaquesami/425_project/data/clips_10s/classical_096_1.wav,10.0,20.0,10.0,1,96,,pending,train
classical_096_2,classical,1,/Users/ashfaquesami/425_project/data/raw_gtzan/genres_original/classical/classical.00096.wav,classical.00096,/Users/ashfaquesami/425_project/data/clips_10s/classical_096_2.wav,20.0,30.0,10.0,2,96,,pending,train
classical_097_0,classical,1,/Users/ashfaquesami/425_project/data/raw_gtzan/genres_original/classical/classical.00097.wav,classical.00097,/Users/ashfaquesami/425_project/data/clips_10s/classical_097_0.wav,0.0,10.0,10.0,0,97,,pending,train
classical_097_1,classical,1,/Users/ashfaquesami/425_project/data/raw_gtzan/genres_original/classical/classical.00097.wav,classical.00097,/Users/ashfaquesami/425_project/data/clips_10s/classical_097_1.wav,10.0,20.0,10.0,1,97,,pending,train
classical_097_2,classical,1,/Users/ashfaquesami/425_project/data/raw_gtzan/genres_original/classical/classical.00097.wav,classical.00097,/Users/ashfaquesami/425_project/data/clips_10s/classical_097_2.wav,20.0,30.0,10.0,2,97,,pending,train
classical_098_0,classical,1,/Users/ashfaquesami/425_project/data/raw_gtzan/genres_original/classical/classical.00098.wav,classical.00098,/Users/ashfaquesami/425_project/data/clips_10s/classical_098_0.wav,0.0,10.0,10.0,0,98,,pending,train
classical_098_1,classical,1,/Users/ashfaquesami/425_project/data/raw_gtzan/genres_original/classical/classical.00098.wav,classical.00098,/Users/ashfaquesami/425_project/data/clips_10s/classical_098_1.wav,10.0,20.0,10.0,1,98,,pending,train
classical_098_2,classical,1,/Users/ashfaquesami/425_project/data/raw_gtzan/genres_original/classical/classical.00098.wav,classical.00098,/Users/ashfaquesami/425_project/data/clips_10s/classical_098_2.wav,20.0,30.0,10.0,2,98,,pending,train
classical_099_0,classical,1,/Users/ashfaquesami/425_project/data/raw_gtzan/genres_original/classical/classical.00099.wav,classical.00099,/Users/ashfaquesami/425_project/data/clips_10s/classical_099_0.wav,0.0,10.0,10.0,0,99,,pending,train
classical_099_1,classical,1,/Users/ashfaquesami/425_project/data/raw_gtzan/genres_original/classical/classical.00099.wav,classical.00099,/Users/ashfaquesami/425_project/data/clips_10s/classical_099_1.wav,10.0,20.0,10.0,1,99,,pending,train
classical_099_2,classical,1,/Users/ashfaquesami/425_project/data/raw_gtzan/genres_original/classical/classical.00099.wav,classical.00099,/Users/ashfaquesami/425_project/data/clips_10s/classical_099_2.wav,20.0,30.0,10.0,2,99,,pending,train
country_000_0,country,2,/Users/ashfaquesami/425_project/data/raw_gtzan/genres_original/country/country.00000.wav,country.00000,/Users/ashfaquesami/425_project/data/clips_10s/country_000_0.wav,0.0,10.0,10.0,0,0,,pending,val
country_000_1,country,2,/Users/ashfaquesami/425_project/data/raw_gtzan/genres_original/country/country.00000.wav,country.00000,/Users/ashfaquesami/425_project/data/clips_10s/country_000_1.wav,10.0,20.0,10.0,1,0,,pending,val
country_000_2,country,2,/Users/ashfaquesami/425_project/data/raw_gtzan/genres_original/country/country.00000.wav,country.00000,/Users/ashfaquesami/425_project/data/clips_10s/country_000_2.wav,20.0,30.0,10.0,2,0,,pending,val
country_001_0,country,2,/Users/ashfaquesami/425_project/data/raw_gtzan/genres_original/country/country.00001.wav,country.00001,/Users/ashfaquesami/425_project/data/clips_10s/country_001_0.wav,0.0,10.0,10.0,0,1,,pending,test
country_001_1,country,2,/Users/ashfaquesami/425_project/data/raw_gtzan/genres_original/country/country.00001.wav,country.00001,/Users/ashfaquesami/425_project/data/clips_10s/country_001_1.wav,10.0,20.0,10.0,1,1,,pending,test
country_001_2,country,2,/Users/ashfaquesami/425_project/data/raw_gtzan/genres_original/country/country.00001.wav,country.00001,/Users/ashfaquesami/425_project/data/clips_10s/country_001_2.wav,20.0,30.0,10.0,2,1,,pending,test
country_002_0,country,2,/Users/ashfaquesami/425_project/data/raw_gtzan/genres_original/country/country.00002.wav,country.00002,/Users/ashfaquesami/425_project/data/clips_10s/country_002_0.wav,0.0,10.0,10.0,0,2,,pending,train
country_002_1,country,2,/Users/ashfaquesami/425_project/data/raw_gtzan/genres_original/country/country.00002.wav,country.00002,/Users/ashfaquesami/425_project/data/clips_10s/country_002_1.wav,10.0,20.0,10.0,1,2,,pending,train
country_002_2,country,2,/Users/ashfaquesami/425_project/data/raw_gtzan/genres_original/country/country.00002.wav,country.00002,/Users/ashfaquesami/425_project/data/clips_10s/country_002_2.wav,20.0,30.0,10.0,2,2,,pending,train
country_003_0,country,2,/Users/ashfaquesami/425_project/data/raw_gtzan/genres_original/country/country.00003.wav,country.00003,/Users/ashfaquesami/425_project/data/clips_10s/country_003_0.wav,0.0,10.0,10.0,0,3,,pending,train
country_003_1,country,2,/Users/ashfaquesami/425_project/data/raw_gtzan/genres_original/country/country.00003.wav,country.00003,/Users/ashfaquesami/425_project/data/clips_10s/country_003_1.wav,10.0,20.0,10.0,1,3,,pending,train
country_003_2,country,2,/Users/ashfaquesami/425_project/data/raw_gtzan/genres_original/country/country.00003.wav,country.00003,/Users/ashfaquesami/425_project/data/clips_10s/country_003_2.wav,20.0,30.0,10.0,2,3,,pending,train
country_004_0,country,2,/Users/ashfaquesami/425_project/data/raw_gtzan/genres_original/country/country.00004.wav,country.00004,/Users/ashfaquesami/425_project/data/clips_10s/country_004_0.wav,0.0,10.0,10.0,0,4,,pending,train
country_004_1,country,2,/Users/ashfaquesami/425_project/data/raw_gtzan/genres_original/country/country.00004.wav,country.00004,/Users/ashfaquesami/425_project/data/clips_10s/country_004_1.wav,10.0,20.0,10.0,1,4,,pending,train
country_004_2,country,2,/Users/ashfaquesami/425_project/data/raw_gtzan/genres_original/country/country.00004.wav,country.00004,/Users/ashfaquesami/425_project/data/clips_10s/country_004_2.wav,20.0,30.0,10.0,2,4,,pending,train
country_005_0,country,2,/Users/ashfaquesami/425_project/data/raw_gtzan/genres_original/country/country.00005.wav,country.00005,/Users/ashfaquesami/425_project/data/clips_10s/country_005_0.wav,0.0,10.0,10.0,0,5,,pending,test
country_005_1,country,2,/Users/ashfaquesami/425_project/data/raw_gtzan/genres_original/country/country.00005.wav,country.00005,/Users/ashfaquesami/425_project/data/clips_10s/country_005_1.wav,10.0,20.0,10.0,1,5,,pending,test
country_005_2,country,2,/Users/ashfaquesami/425_project/data/raw_gtzan/genres_original/country/country.00005.wav,country.00005,/Users/ashfaquesami/425_project/data/clips_10s/country_005_2.wav,20.0,30.0,10.0,2,5,,pending,test
country_006_0,country,2,/Users/ashfaquesami/425_project/data/raw_gtzan/genres_original/country/country.00006.wav,country.00006,/Users/ashfaquesami/425_project/data/clips_10s/country_006_0.wav,0.0,10.0,10.0,0,6,,pending,val
country_006_1,country,2,/Users/ashfaquesami/425_project/data/raw_gtzan/genres_original/country/country.00006.wav,country.00006,/Users/ashfaquesami/425_project/data/clips_10s/country_006_1.wav,10.0,20.0,10.0,1,6,,pending,val
country_006_2,country,2,/Users/ashfaquesami/425_project/data/raw_gtzan/genres_original/country/country.00006.wav,country.00006,/Users/ashfaquesami/425_project/data/clips_10s/country_006_2.wav,20.0,30.0,10.0,2,6,,pending,val
country_007_0,country,2,/Users/ashfaquesami/425_project/data/raw_gtzan/genres_original/country/country.00007.wav,country.00007,/Users/ashfaquesami/425_project/data/clips_10s/country_007_0.wav,0.0,10.0,10.0,0,7,,pending,train
country_007_1,country,2,/Users/ashfaquesami/425_project/data/raw_gtzan/genres_original/country/country.00007.wav,country.00007,/Users/ashfaquesami/425_project/data/clips_10s/country_007_1.wav,10.0,20.0,10.0,1,7,,pending,train
country_007_2,country,2,/Users/ashfaquesami/425_project/data/raw_gtzan/genres_original/country/country.00007.wav,country.00007,/Users/ashfaquesami/425_project/data/clips_10s/country_007_2.wav,20.0,30.0,10.0,2,7,,pending,train
country_008_0,country,2,/Users/ashfaquesami/425_project/data/raw_gtzan/genres_original/country/country.00008.wav,country.00008,/Users/ashfaquesami/425_project/data/clips_10s/country_008_0.wav,0.0,10.0,10.0,0,8,,pending,train
country_008_1,country,2,/Users/ashfaquesami/425_project/data/raw_gtzan/genres_original/country/country.00008.wav,country.00008,/Users/ashfaquesami/425_project/data/clips_10s/country_008_1.wav,10.0,20.0,10.0,1,8,,pending,train
country_008_2,country,2,/Users/ashfaquesami/425_project/data/raw_gtzan/genres_original/country/country.00008.wav,country.00008,/Users/ashfaquesami/425_project/data/clips_10s/country_008_2.wav,20.0,30.0,10.0,2,8,,pending,train
country_009_0,country,2,/Users/ashfaquesami/425_project/data/raw_gtzan/genres_original/country/country.00009.wav,country.00009,/Users/ashfaquesami/425_project/data/clips_10s/country_009_0.wav,0.0,10.0,10.0,0,9,,pending,train
country_009_1,country,2,/Users/ashfaquesami/425_project/data/raw_gtzan/genres_original/country/country.00009.wav,country.00009,/Users/ashfaquesami/425_project/data/clips_10s/country_009_1.wav,10.0,20.0,10.0,1,9,,pending,train
country_009_2,country,2,/Users/ashfaquesami/425_project/data/raw_gtzan/genres_original/country/country.00009.wav,country.00009,/Users/ashfaquesami/425_project/data/clips_10s/country_009_2.wav,20.0,30.0,10.0,2,9,,pending,train
country_010_0,country,2,/Users/ashfaquesami/425_project/data/raw_gtzan/genres_original/country/country.00010.wav,country.00010,/Users/ashfaquesami/425_project/data/clips_10s/country_010_0.wav,0.0,10.0,10.0,0,10,,pending,train
country_010_1,country,2,/Users/ashfaquesami/425_project/data/raw_gtzan/genres_original/country/country.00010.wav,country.00010,/Users/ashfaquesami/425_project/data/clips_10s/country_010_1.wav,10.0,20.0,10.0,1,10,,pending,train
country_010_2,country,2,/Users/ashfaquesami/425_project/data/raw_gtzan/genres_original/country/country.00010.wav,country.00010,/Users/ashfaquesami/425_project/data/clips_10s/country_010_2.wav,20.0,30.0,10.0,2,10,,pending,train
country_011_0,country,2,/Users/ashfaquesami/425_project/data/raw_gtzan/genres_original/country/country.00011.wav,country.00011,/Users/ashfaquesami/425_project/data/clips_10s/country_011_0.wav,0.0,10.0,10.0,0,11,,pending,train
country_011_1,country,2,/Users/ashfaquesami/425_project/data/raw_gtzan/genres_original/country/country.00011.wav,country.00011,/Users/ashfaquesami/425_project/data/clips_10s/country_011_1.wav,10.0,20.0,10.0,1,11,,pending,train
country_011_2,country,2,/Users/ashfaquesami/425_project/data/raw_gtzan/genres_original/country/country.00011.wav,country.00011,/Users/ashfaquesami/425_project/data/clips_10s/country_011_2.wav,20.0,30.0,10.0,2,11,,pending,train
country_012_0,country,2,/Users/ashfaquesami/425_project/data/raw_gtzan/genres_original/country/country.00012.wav,country.00012,/Users/ashfaquesami/425_project/data/clips_10s/country_012_0.wav,0.0,10.0,10.0,0,12,,pending,train
country_012_1,country,2,/Users/ashfaquesami/425_project/data/raw_gtzan/genres_original/country/country.00012.wav,country.00012,/Users/ashfaquesami/425_project/data/clips_10s/country_012_1.wav,10.0,20.0,10.0,1,12,,pending,train
country_012_2,country,2,/Users/ashfaquesami/425_project/data/raw_gtzan/genres_original/country/country.00012.wav,country.00012,/Users/ashfaquesami/425_project/data/clips_10s/country_012_2.wav,20.0,30.0,10.0,2,12,,pending,train
country_013_0,country,2,/Users/ashfaquesami/425_project/data/raw_gtzan/genres_original/country/country.00013.wav,country.00013,/Users/ashfaquesami/425_project/data/clips_10s/country_013_0.wav,0.0,10.0,10.0,0,13,,pending,train
country_013_1,country,2,/Users/ashfaquesami/425_project/data/raw_gtzan/genres_original/country/country.00013.wav,country.00013,/Users/ashfaquesami/425_project/data/clips_10s/country_013_1.wav,10.0,20.0,10.0,1,13,,pending,train
country_013_2,country,2,/Users/ashfaquesami/425_project/data/raw_gtzan/genres_original/country/country.00013.wav,country.00013,/Users/ashfaquesami/425_project/data/clips_10s/country_013_2.wav,20.0,30.0,10.0,2,13,,pending,train
country_014_0,country,2,/Users/ashfaquesami/425_project/data/raw_gtzan/genres_original/country/country.00014.wav,country.00014,/Users/ashfaquesami/425_project/data/clips_10s/country_014_0.wav,0.0,10.0,10.0,0,14,,pending,test
country_014_1,country,2,/Users/ashfaquesami/425_project/data/raw_gtzan/genres_original/country/country.00014.wav,country.00014,/Users/ashfaquesami/425_project/data/clips_10s/country_014_1.wav,10.0,20.0,10.0,1,14,,pending,test
country_014_2,country,2,/Users/ashfaquesami/425_project/data/raw_gtzan/genres_original/country/country.00014.wav,country.00014,/Users/ashfaquesami/425_project/data/clips_10s/country_014_2.wav,20.0,30.0,10.0,2,14,,pending,test
country_015_0,country,2,/Users/ashfaquesami/425_project/data/raw_gtzan/genres_original/country/country.00015.wav,country.00015,/Users/ashfaquesami/425_project/data/clips_10s/country_015_0.wav,0.0,10.0,10.0,0,15,,pending,train
country_015_1,country,2,/Users/ashfaquesami/425_project/data/raw_gtzan/genres_original/country/country.00015.wav,country.00015,/Users/ashfaquesami/425_project/data/clips_10s/country_015_1.wav,10.0,20.0,10.0,1,15,,pending,train
country_015_2,country,2,/Users/ashfaquesami/425_project/data/raw_gtzan/genres_original/country/country.00015.wav,country.00015,/Users/ashfaquesami/425_project/data/clips_10s/country_015_2.wav,20.0,30.0,10.0,2,15,,pending,train
country_016_0,country,2,/Users/ashfaquesami/425_project/data/raw_gtzan/genres_original/country/country.00016.wav,country.00016,/Users/ashfaquesami/425_project/data/clips_10s/country_016_0.wav,0.0,10.0,10.0,0,16,,pending,val
country_016_1,country,2,/Users/ashfaquesami/425_project/data/raw_gtzan/genres_original/country/country.00016.wav,country.00016,/Users/ashfaquesami/425_project/data/clips_10s/country_016_1.wav,10.0,20.0,10.0,1,16,,pending,val
country_016_2,country,2,/Users/ashfaquesami/425_project/data/raw_gtzan/genres_original/country/country.00016.wav,country.00016,/Users/ashfaquesami/425_project/data/clips_10s/country_016_2.wav,20.0,30.0,10.0,2,16,,pending,val
country_017_0,country,2,/Users/ashfaquesami/425_project/data/raw_gtzan/genres_original/country/country.00017.wav,country.00017,/Users/ashfaquesami/425_project/data/clips_10s/country_017_0.wav,0.0,10.0,10.0,0,17,,pending,val
country_017_1,country,2,/Users/ashfaquesami/425_project/data/raw_gtzan/genres_original/country/country.00017.wav,country.00017,/Users/ashfaquesami/425_project/data/clips_10s/country_017_1.wav,10.0,20.0,10.0,1,17,,pending,val
country_017_2,country,2,/Users/ashfaquesami/425_project/data/raw_gtzan/genres_original/country/country.00017.wav,country.00017,/Users/ashfaquesami/425_project/data/clips_10s/country_017_2.wav,20.0,30.0,10.0,2,17,,pending,val
country_018_0,country,2,/Users/ashfaquesami/425_project/data/raw_gtzan/genres_original/country/country.00018.wav,country.00018,/Users/ashfaquesami/425_project/data/clips_10s/country_018_0.wav,0.0,10.0,10.0,0,18,,pending,train
country_018_1,country,2,/Users/ashfaquesami/425_project/data/raw_gtzan/genres_original/country/country.00018.wav,country.00018,/Users/ashfaquesami/425_project/data/clips_10s/country_018_1.wav,10.0,20.0,10.0,1,18,,pending,train
country_018_2,country,2,/Users/ashfaquesami/425_project/data/raw_gtzan/genres_original/country/country.00018.wav,country.00018,/Users/ashfaquesami/425_project/data/clips_10s/country_018_2.wav,20.0,30.0,10.0,2,18,,pending,train
country_019_0,country,2,/Users/ashfaquesami/425_project/data/raw_gtzan/genres_original/country/country.00019.wav,country.00019,/Users/ashfaquesami/425_project/data/clips_10s/country_019_0.wav,0.0,10.0,10.0,0,19,,pending,train
country_019_1,country,2,/Users/ashfaquesami/425_project/data/raw_gtzan/genres_original/country/country.00019.wav,country.00019,/Users/ashfaquesami/425_project/data/clips_10s/country_019_1.wav,10.0,20.0,10.0,1,19,,pending,train
country_019_2,country,2,/Users/ashfaquesami/425_project/data/raw_gtzan/genres_original/country/country.00019.wav,country.00019,/Users/ashfaquesami/425_project/data/clips_10s/country_019_2.wav,20.0,30.0,10.0,2,19,,pending,train
country_020_0,country,2,/Users/ashfaquesami/425_project/data/raw_gtzan/genres_original/country/country.00020.wav,country.00020,/Users/ashfaquesami/425_project/data/clips_10s/country_020_0.wav,0.0,10.0,10.0,0,20,,pending,train
country_020_1,country,2,/Users/ashfaquesami/425_project/data/raw_gtzan/genres_original/country/country.00020.wav,country.00020,/Users/ashfaquesami/425_project/data/clips_10s/country_020_1.wav,10.0,20.0,10.0,1,20,,pending,train
country_020_2,country,2,/Users/ashfaquesami/425_project/data/raw_gtzan/genres_original/country/country.00020.wav,country.00020,/Users/ashfaquesami/425_project/data/clips_10s/country_020_2.wav,20.0,30.0,10.0,2,20,,pending,train
country_021_0,country,2,/Users/ashfaquesami/425_project/data/raw_gtzan/genres_original/country/country.00021.wav,country.00021,/Users/ashfaquesami/425_project/data/clips_10s/country_021_0.wav,0.0,10.0,10.0,0,21,,pending,train
country_021_1,country,2,/Users/ashfaquesami/425_project/data/raw_gtzan/genres_original/country/country.00021.wav,country.00021,/Users/ashfaquesami/425_project/data/clips_10s/country_021_1.wav,10.0,20.0,10.0,1,21,,pending,train
country_021_2,country,2,/Users/ashfaquesami/425_project/data/raw_gtzan/genres_original/country/country.00021.wav,country.00021,/Users/ashfaquesami/425_project/data/clips_10s/country_021_2.wav,20.0,30.0,10.0,2,21,,pending,train
country_022_0,country,2,/Users/ashfaquesami/425_project/data/raw_gtzan/genres_original/country/country.00022.wav,country.00022,/Users/ashfaquesami/425_project/data/clips_10s/country_022_0.wav,0.0,10.0,10.0,0,22,,pending,train
country_022_1,country,2,/Users/ashfaquesami/425_project/data/raw_gtzan/genres_original/country/country.00022.wav,country.00022,/Users/ashfaquesami/425_project/data/clips_10s/country_022_1.wav,10.0,20.0,10.0,1,22,,pending,train
country_022_2,country,2,/Users/ashfaquesami/425_project/data/raw_gtzan/genres_original/country/country.00022.wav,country.00022,/Users/ashfaquesami/425_project/data/clips_10s/country_022_2.wav,20.0,30.0,10.0,2,22,,pending,train
country_023_0,country,2,/Users/ashfaquesami/425_project/data/raw_gtzan/genres_original/country/country.00023.wav,country.00023,/Users/ashfaquesami/425_project/data/clips_10s/country_023_0.wav,0.0,10.0,10.0,0,23,,pending,train
country_023_1,country,2,/Users/ashfaquesami/425_project/data/raw_gtzan/genres_original/country/country.00023.wav,country.00023,/Users/ashfaquesami/425_project/data/clips_10s/country_023_1.wav,10.0,20.0,10.0,1,23,,pending,train
country_023_2,country,2,/Users/ashfaquesami/425_project/data/raw_gtzan/genres_original/country/country.00023.wav,country.00023,/Users/ashfaquesami/425_project/data/clips_10s/country_023_2.wav,20.0,30.0,10.0,2,23,,pending,train
country_024_0,country,2,/Users/ashfaquesami/425_project/data/raw_gtzan/genres_original/country/country.00024.wav,country.00024,/Users/ashfaquesami/425_project/data/clips_10s/country_024_0.wav,0.0,10.0,10.0,0,24,,pending,train
country_024_1,country,2,/Users/ashfaquesami/425_project/data/raw_gtzan/genres_original/country/country.00024.wav,country.00024,/Users/ashfaquesami/425_project/data/clips_10s/country_024_1.wav,10.0,20.0,10.0,1,24,,pending,train
country_024_2,country,2,/Users/ashfaquesami/425_project/data/raw_gtzan/genres_original/country/country.00024.wav,country.00024,/Users/ashfaquesami/425_project/data/clips_10s/country_024_2.wav,20.0,30.0,10.0,2,24,,pending,train
country_025_0,country,2,/Users/ashfaquesami/425_project/data/raw_gtzan/genres_original/country/country.00025.wav,country.00025,/Users/ashfaquesami/425_project/data/clips_10s/country_025_0.wav,0.0,10.0,10.0,0,25,,pending,train
country_025_1,country,2,/Users/ashfaquesami/425_project/data/raw_gtzan/genres_original/country/country.00025.wav,country.00025,/Users/ashfaquesami/425_project/data/clips_10s/country_025_1.wav,10.0,20.0,10.0,1,25,,pending,train
country_025_2,country,2,/Users/ashfaquesami/425_project/data/raw_gtzan/genres_original/country/country.00025.wav,country.00025,/Users/ashfaquesami/425_project/data/clips_10s/country_025_2.wav,20.0,30.0,10.0,2,25,,pending,train
country_026_0,country,2,/Users/ashfaquesami/425_project/data/raw_gtzan/genres_original/country/country.00026.wav,country.00026,/Users/ashfaquesami/425_project/data/clips_10s/country_026_0.wav,0.0,10.0,10.0,0,26,,pending,train
country_026_1,country,2,/Users/ashfaquesami/425_project/data/raw_gtzan/genres_original/country/country.00026.wav,country.00026,/Users/ashfaquesami/425_project/data/clips_10s/country_026_1.wav,10.0,20.0,10.0,1,26,,pending,train
country_026_2,country,2,/Users/ashfaquesami/425_project/data/raw_gtzan/genres_original/country/country.00026.wav,country.00026,/Users/ashfaquesami/425_project/data/clips_10s/country_026_2.wav,20.0,30.0,10.0,2,26,,pending,train
country_027_0,country,2,/Users/ashfaquesami/425_project/data/raw_gtzan/genres_original/country/country.00027.wav,country.00027,/Users/ashfaquesami/425_project/data/clips_10s/country_027_0.wav,0.0,10.0,10.0,0,27,,pending,train
country_027_1,country,2,/Users/ashfaquesami/425_project/data/raw_gtzan/genres_original/country/country.00027.wav,country.00027,/Users/ashfaquesami/425_project/data/clips_10s/country_027_1.wav,10.0,20.0,10.0,1,27,,pending,train
country_027_2,country,2,/Users/ashfaquesami/425_project/data/raw_gtzan/genres_original/country/country.00027.wav,country.00027,/Users/ashfaquesami/425_project/data/clips_10s/country_027_2.wav,20.0,30.0,10.0,2,27,,pending,train
country_028_0,country,2,/Users/ashfaquesami/425_project/data/raw_gtzan/genres_original/country/country.00028.wav,country.00028,/Users/ashfaquesami/425_project/data/clips_10s/country_028_0.wav,0.0,10.0,10.0,0,28,,pending,train
country_028_1,country,2,/Users/ashfaquesami/425_project/data/raw_gtzan/genres_original/country/country.00028.wav,country.00028,/Users/ashfaquesami/425_project/data/clips_10s/country_028_1.wav,10.0,20.0,10.0,1,28,,pending,train
country_028_2,country,2,/Users/ashfaquesami/425_project/data/raw_gtzan/genres_original/country/country.00028.wav,country.00028,/Users/ashfaquesami/425_project/data/clips_10s/country_028_2.wav,20.0,30.0,10.0,2,28,,pending,train
country_029_0,country,2,/Users/ashfaquesami/425_project/data/raw_gtzan/genres_original/country/country.00029.wav,country.00029,/Users/ashfaquesami/425_project/data/clips_10s/country_029_0.wav,0.0,10.0,10.0,0,29,,pending,train
country_029_1,country,2,/Users/ashfaquesami/425_project/data/raw_gtzan/genres_original/country/country.00029.wav,country.00029,/Users/ashfaquesami/425_project/data/clips_10s/country_029_1.wav,10.0,20.0,10.0,1,29,,pending,train
country_029_2,country,2,/Users/ashfaquesami/425_project/data/raw_gtzan/genres_original/country/country.00029.wav,country.00029,/Users/ashfaquesami/425_project/data/clips_10s/country_029_2.wav,20.0,30.0,10.0,2,29,,pending,train
country_030_0,country,2,/Users/ashfaquesami/425_project/data/raw_gtzan/genres_original/country/country.00030.wav,country.00030,/Users/ashfaquesami/425_project/data/clips_10s/country_030_0.wav,0.0,10.0,10.0,0,30,,pending,val
country_030_1,country,2,/Users/ashfaquesami/425_project/data/raw_gtzan/genres_original/country/country.00030.wav,country.00030,/Users/ashfaquesami/425_project/data/clips_10s/country_030_1.wav,10.0,20.0,10.0,1,30,,pending,val
country_030_2,country,2,/Users/ashfaquesami/425_project/data/raw_gtzan/genres_original/country/country.00030.wav,country.00030,/Users/ashfaquesami/425_project/data/clips_10s/country_030_2.wav,20.0,30.0,10.0,2,30,,pending,val
country_031_0,country,2,/Users/ashfaquesami/425_project/data/raw_gtzan/genres_original/country/country.00031.wav,country.00031,/Users/ashfaquesami/425_project/data/clips_10s/country_031_0.wav,0.0,10.0,10.0,0,31,,pending,train
country_031_1,country,2,/Users/ashfaquesami/425_project/data/raw_gtzan/genres_original/country/country.00031.wav,country.00031,/Users/ashfaquesami/425_project/data/clips_10s/country_031_1.wav,10.0,20.0,10.0,1,31,,pending,train
country_031_2,country,2,/Users/ashfaquesami/425_project/data/raw_gtzan/genres_original/country/country.00031.wav,country.00031,/Users/ashfaquesami/425_project/data/clips_10s/country_031_2.wav,20.0,30.0,10.0,2,31,,pending,train
country_032_0,country,2,/Users/ashfaquesami/425_project/data/raw_gtzan/genres_original/country/country.00032.wav,country.00032,/Users/ashfaquesami/425_project/data/clips_10s/country_032_0.wav,0.0,10.0,10.0,0,32,,pending,train
country_032_1,country,2,/Users/ashfaquesami/425_project/data/raw_gtzan/genres_original/country/country.00032.wav,country.00032,/Users/ashfaquesami/425_project/data/clips_10s/country_032_1.wav,10.0,20.0,10.0,1,32,,pending,train
country_032_2,country,2,/Users/ashfaquesami/425_project/data/raw_gtzan/genres_original/country/country.00032.wav,country.00032,/Users/ashfaquesami/425_project/data/clips_10s/country_032_2.wav,20.0,30.0,10.0,2,32,,pending,train
country_033_0,country,2,/Users/ashfaquesami/425_project/data/raw_gtzan/genres_original/country/country.00033.wav,country.00033,/Users/ashfaquesami/425_project/data/clips_10s/country_033_0.wav,0.0,10.0,10.0,0,33,,pending,train
country_033_1,country,2,/Users/ashfaquesami/425_project/data/raw_gtzan/genres_original/country/country.00033.wav,country.00033,/Users/ashfaquesami/425_project/data/clips_10s/country_033_1.wav,10.0,20.0,10.0,1,33,,pending,train
country_033_2,country,2,/Users/ashfaquesami/425_project/data/raw_gtzan/genres_original/country/country.00033.wav,country.00033,/Users/ashfaquesami/425_project/data/clips_10s/country_033_2.wav,20.0,30.0,10.0,2,33,,pending,train
country_034_0,country,2,/Users/ashfaquesami/425_project/data/raw_gtzan/genres_original/country/country.00034.wav,country.00034,/Users/ashfaquesami/425_project/data/clips_10s/country_034_0.wav,0.0,10.0,10.0,0,34,,pending,train
country_034_1,country,2,/Users/ashfaquesami/425_project/data/raw_gtzan/genres_original/country/country.00034.wav,country.00034,/Users/ashfaquesami/425_project/data/clips_10s/country_034_1.wav,10.0,20.0,10.0,1,34,,pending,train
country_034_2,country,2,/Users/ashfaquesami/425_project/data/raw_gtzan/genres_original/country/country.00034.wav,country.00034,/Users/ashfaquesami/425_project/data/clips_10s/country_034_2.wav,20.0,30.0,10.0,2,34,,pending,train
country_035_0,country,2,/Users/ashfaquesami/425_project/data/raw_gtzan/genres_original/country/country.00035.wav,country.00035,/Users/ashfaquesami/425_project/data/clips_10s/country_035_0.wav,0.0,10.0,10.0,0,35,,pending,train
country_035_1,country,2,/Users/ashfaquesami/425_project/data/raw_gtzan/genres_original/country/country.00035.wav,country.00035,/Users/ashfaquesami/425_project/data/clips_10s/country_035_1.wav,10.0,20.0,10.0,1,35,,pending,train
country_035_2,country,2,/Users/ashfaquesami/425_project/data/raw_gtzan/genres_original/country/country.00035.wav,country.00035,/Users/ashfaquesami/425_project/data/clips_10s/country_035_2.wav,20.0,30.0,10.0,2,35,,pending,train
country_036_0,country,2,/Users/ashfaquesami/425_project/data/raw_gtzan/genres_original/country/country.00036.wav,country.00036,/Users/ashfaquesami/425_project/data/clips_10s/country_036_0.wav,0.0,10.0,10.0,0,36,,pending,train
country_036_1,country,2,/Users/ashfaquesami/425_project/data/raw_gtzan/genres_original/country/country.00036.wav,country.00036,/Users/ashfaquesami/425_project/data/clips_10s/country_036_1.wav,10.0,20.0,10.0,1,36,,pending,train
country_036_2,country,2,/Users/ashfaquesami/425_project/data/raw_gtzan/genres_original/country/country.00036.wav,country.00036,/Users/ashfaquesami/425_project/data/clips_10s/country_036_2.wav,20.0,30.0,10.0,2,36,,pending,train
country_037_0,country,2,/Users/ashfaquesami/425_project/data/raw_gtzan/genres_original/country/country.00037.wav,country.00037,/Users/ashfaquesami/425_project/data/clips_10s/country_037_0.wav,0.0,10.0,10.0,0,37,,pending,train
country_037_1,country,2,/Users/ashfaquesami/425_project/data/raw_gtzan/genres_original/country/country.00037.wav,country.00037,/Users/ashfaquesami/425_project/data/clips_10s/country_037_1.wav,10.0,20.0,10.0,1,37,,pending,train
country_037_2,country,2,/Users/ashfaquesami/425_project/data/raw_gtzan/genres_original/country/country.00037.wav,country.00037,/Users/ashfaquesami/425_project/data/clips_10s/country_037_2.wav,20.0,30.0,10.0,2,37,,pending,train
country_038_0,country,2,/Users/ashfaquesami/425_project/data/raw_gtzan/genres_original/country/country.00038.wav,country.00038,/Users/ashfaquesami/425_project/data/clips_10s/country_038_0.wav,0.0,10.0,10.0,0,38,,pending,train
country_038_1,country,2,/Users/ashfaquesami/425_project/data/raw_gtzan/genres_original/country/country.00038.wav,country.00038,/Users/ashfaquesami/425_project/data/clips_10s/country_038_1.wav,10.0,20.0,10.0,1,38,,pending,train
country_038_2,country,2,/Users/ashfaquesami/425_project/data/raw_gtzan/genres_original/country/country.00038.wav,country.00038,/Users/ashfaquesami/425_project/data/clips_10s/country_038_2.wav,20.0,30.0,10.0,2,38,,pending,train
country_039_0,country,2,/Users/ashfaquesami/425_project/data/raw_gtzan/genres_original/country/country.00039.wav,country.00039,/Users/ashfaquesami/425_project/data/clips_10s/country_039_0.wav,0.0,10.0,10.0,0,39,,pending,train
country_039_1,country,2,/Users/ashfaquesami/425_project/data/raw_gtzan/genres_original/country/country.00039.wav,country.00039,/Users/ashfaquesami/425_project/data/clips_10s/country_039_1.wav,10.0,20.0,10.0,1,39,,pending,train
country_039_2,country,2,/Users/ashfaquesami/425_project/data/raw_gtzan/genres_original/country/country.00039.wav,country.00039,/Users/ashfaquesami/425_project/data/clips_10s/country_039_2.wav,20.0,30.0,10.0,2,39,,pending,train
country_040_0,country,2,/Users/ashfaquesami/425_project/data/raw_gtzan/genres_original/country/country.00040.wav,country.00040,/Users/ashfaquesami/425_project/data/clips_10s/country_040_0.wav,0.0,10.0,10.0,0,40,,pending,val
country_040_1,country,2,/Users/ashfaquesami/425_project/data/raw_gtzan/genres_original/country/country.00040.wav,country.00040,/Users/ashfaquesami/425_project/data/clips_10s/country_040_1.wav,10.0,20.0,10.0,1,40,,pending,val
country_040_2,country,2,/Users/ashfaquesami/425_project/data/raw_gtzan/genres_original/country/country.00040.wav,country.00040,/Users/ashfaquesami/425_project/data/clips_10s/country_040_2.wav,20.0,30.0,10.0,2,40,,pending,val
country_041_0,country,2,/Users/ashfaquesami/425_project/data/raw_gtzan/genres_original/country/country.00041.wav,country.00041,/Users/ashfaquesami/425_project/data/clips_10s/country_041_0.wav,0.0,10.0,10.0,0,41,,pending,test
country_041_1,country,2,/Users/ashfaquesami/425_project/data/raw_gtzan/genres_original/country/country.00041.wav,country.00041,/Users/ashfaquesami/425_project/data/clips_10s/country_041_1.wav,10.0,20.0,10.0,1,41,,pending,test
country_041_2,country,2,/Users/ashfaquesami/425_project/data/raw_gtzan/genres_original/country/country.00041.wav,country.00041,/Users/ashfaquesami/425_project/data/clips_10s/country_041_2.wav,20.0,30.0,10.0,2,41,,pending,test
country_042_0,country,2,/Users/ashfaquesami/425_project/data/raw_gtzan/genres_original/country/country.00042.wav,country.00042,/Users/ashfaquesami/425_project/data/clips_10s/country_042_0.wav,0.0,10.0,10.0,0,42,,pending,val
country_042_1,country,2,/Users/ashfaquesami/425_project/data/raw_gtzan/genres_original/country/country.00042.wav,country.00042,/Users/ashfaquesami/425_project/data/clips_10s/country_042_1.wav,10.0,20.0,10.0,1,42,,pending,val
country_042_2,country,2,/Users/ashfaquesami/425_project/data/raw_gtzan/genres_original/country/country.00042.wav,country.00042,/Users/ashfaquesami/425_project/data/clips_10s/country_042_2.wav,20.0,30.0,10.0,2,42,,pending,val
country_043_0,country,2,/Users/ashfaquesami/425_project/data/raw_gtzan/genres_original/country/country.00043.wav,country.00043,/Users/ashfaquesami/425_project/data/clips_10s/country_043_0.wav,0.0,10.0,10.0,0,43,,pending,test
country_043_1,country,2,/Users/ashfaquesami/425_project/data/raw_gtzan/genres_original/country/country.00043.wav,country.00043,/Users/ashfaquesami/425_project/data/clips_10s/country_043_1.wav,10.0,20.0,10.0,1,43,,pending,test
country_043_2,country,2,/Users/ashfaquesami/425_project/data/raw_gtzan/genres_original/country/country.00043.wav,country.00043,/Users/ashfaquesami/425_project/data/clips_10s/country_043_2.wav,20.0,30.0,10.0,2,43,,pending,test
country_044_0,country,2,/Users/ashfaquesami/425_project/data/raw_gtzan/genres_original/country/country.00044.wav,country.00044,/Users/ashfaquesami/425_project/data/clips_10s/country_044_0.wav,0.0,10.0,10.0,0,44,,pending,train
country_044_1,country,2,/Users/ashfaquesami/425_project/data/raw_gtzan/genres_original/country/country.00044.wav,country.00044,/Users/ashfaquesami/425_project/data/clips_10s/country_044_1.wav,10.0,20.0,10.0,1,44,,pending,train
country_044_2,country,2,/Users/ashfaquesami/425_project/data/raw_gtzan/genres_original/country/country.00044.wav,country.00044,/Users/ashfaquesami/425_project/data/clips_10s/country_044_2.wav,20.0,30.0,10.0,2,44,,pending,train
country_045_0,country,2,/Users/ashfaquesami/425_project/data/raw_gtzan/genres_original/country/country.00045.wav,country.00045,/Users/ashfaquesami/425_project/data/clips_10s/country_045_0.wav,0.0,10.0,10.0,0,45,,pending,train
country_045_1,country,2,/Users/ashfaquesami/425_project/data/raw_gtzan/genres_original/country/country.00045.wav,country.00045,/Users/ashfaquesami/425_project/data/clips_10s/country_045_1.wav,10.0,20.0,10.0,1,45,,pending,train
country_045_2,country,2,/Users/ashfaquesami/425_project/data/raw_gtzan/genres_original/country/country.00045.wav,country.00045,/Users/ashfaquesami/425_project/data/clips_10s/country_045_2.wav,20.0,30.0,10.0,2,45,,pending,train
country_046_0,country,2,/Users/ashfaquesami/425_project/data/raw_gtzan/genres_original/country/country.00046.wav,country.00046,/Users/ashfaquesami/425_project/data/clips_10s/country_046_0.wav,0.0,10.0,10.0,0,46,,pending,train
country_046_1,country,2,/Users/ashfaquesami/425_project/data/raw_gtzan/genres_original/country/country.00046.wav,country.00046,/Users/ashfaquesami/425_project/data/clips_10s/country_046_1.wav,10.0,20.0,10.0,1,46,,pending,train
country_046_2,country,2,/Users/ashfaquesami/425_project/data/raw_gtzan/genres_original/country/country.00046.wav,country.00046,/Users/ashfaquesami/425_project/data/clips_10s/country_046_2.wav,20.0,30.0,10.0,2,46,,pending,train
country_047_0,country,2,/Users/ashfaquesami/425_project/data/raw_gtzan/genres_original/country/country.00047.wav,country.00047,/Users/ashfaquesami/425_project/data/clips_10s/country_047_0.wav,0.0,10.0,10.0,0,47,,pending,train
country_047_1,country,2,/Users/ashfaquesami/425_project/data/raw_gtzan/genres_original/country/country.00047.wav,country.00047,/Users/ashfaquesami/425_project/data/clips_10s/country_047_1.wav,10.0,20.0,10.0,1,47,,pending,train
country_047_2,country,2,/Users/ashfaquesami/425_project/data/raw_gtzan/genres_original/country/country.00047.wav,country.00047,/Users/ashfaquesami/425_project/data/clips_10s/country_047_2.wav,20.0,30.0,10.0,2,47,,pending,train
country_048_0,country,2,/Users/ashfaquesami/425_project/data/raw_gtzan/genres_original/country/country.00048.wav,country.00048,/Users/ashfaquesami/425_project/data/clips_10s/country_048_0.wav,0.0,10.0,10.0,0,48,,pending,train
country_048_1,country,2,/Users/ashfaquesami/425_project/data/raw_gtzan/genres_original/country/country.00048.wav,country.00048,/Users/ashfaquesami/425_project/data/clips_10s/country_048_1.wav,10.0,20.0,10.0,1,48,,pending,train
country_048_2,country,2,/Users/ashfaquesami/425_project/data/raw_gtzan/genres_original/country/country.00048.wav,country.00048,/Users/ashfaquesami/425_project/data/clips_10s/country_048_2.wav,20.0,30.0,10.0,2,48,,pending,train
country_049_0,country,2,/Users/ashfaquesami/425_project/data/raw_gtzan/genres_original/country/country.00049.wav,country.00049,/Users/ashfaquesami/425_project/data/clips_10s/country_049_0.wav,0.0,10.0,10.0,0,49,,pending,train
country_049_1,country,2,/Users/ashfaquesami/425_project/data/raw_gtzan/genres_original/country/country.00049.wav,country.00049,/Users/ashfaquesami/425_project/data/clips_10s/country_049_1.wav,10.0,20.0,10.0,1,49,,pending,train
country_049_2,country,2,/Users/ashfaquesami/425_project/data/raw_gtzan/genres_original/country/country.00049.wav,country.00049,/Users/ashfaquesami/425_project/data/clips_10s/country_049_2.wav,20.0,30.0,10.0,2,49,,pending,train
country_050_0,country,2,/Users/ashfaquesami/425_project/data/raw_gtzan/genres_original/country/country.00050.wav,country.00050,/Users/ashfaquesami/425_project/data/clips_10s/country_050_0.wav,0.0,10.0,10.0,0,50,,pending,train
country_050_1,country,2,/Users/ashfaquesami/425_project/data/raw_gtzan/genres_original/country/country.00050.wav,country.00050,/Users/ashfaquesami/425_project/data/clips_10s/country_050_1.wav,10.0,20.0,10.0,1,50,,pending,train
country_050_2,country,2,/Users/ashfaquesami/425_project/data/raw_gtzan/genres_original/country/country.00050.wav,country.00050,/Users/ashfaquesami/425_project/data/clips_10s/country_050_2.wav,20.0,30.0,10.0,2,50,,pending,train
country_051_0,country,2,/Users/ashfaquesami/425_project/data/raw_gtzan/genres_original/country/country.00051.wav,country.00051,/Users/ashfaquesami/425_project/data/clips_10s/country_051_0.wav,0.0,10.0,10.0,0,51,,pending,val
country_051_1,country,2,/Users/ashfaquesami/425_project/data/raw_gtzan/genres_original/country/country.00051.wav,country.00051,/Users/ashfaquesami/425_project/data/clips_10s/country_051_1.wav,10.0,20.0,10.0,1,51,,pending,val
country_051_2,country,2,/Users/ashfaquesami/425_project/data/raw_gtzan/genres_original/country/country.00051.wav,country.00051,/Users/ashfaquesami/425_project/data/clips_10s/country_051_2.wav,20.0,30.0,10.0,2,51,,pending,val
country_052_0,country,2,/Users/ashfaquesami/425_project/data/raw_gtzan/genres_original/country/country.00052.wav,country.00052,/Users/ashfaquesami/425_project/data/clips_10s/country_052_0.wav,0.0,10.0,10.0,0,52,,pending,test
country_052_1,country,2,/Users/ashfaquesami/425_project/data/raw_gtzan/genres_original/country/country.00052.wav,country.00052,/Users/ashfaquesami/425_project/data/clips_10s/country_052_1.wav,10.0,20.0,10.0,1,52,,pending,test
country_052_2,country,2,/Users/ashfaquesami/425_project/data/raw_gtzan/genres_original/country/country.00052.wav,country.00052,/Users/ashfaquesami/425_project/data/clips_10s/country_052_2.wav,20.0,30.0,10.0,2,52,,pending,test
country_053_0,country,2,/Users/ashfaquesami/425_project/data/raw_gtzan/genres_original/country/country.00053.wav,country.00053,/Users/ashfaquesami/425_project/data/clips_10s/country_053_0.wav,0.0,10.0,10.0,0,53,,pending,train
country_053_1,country,2,/Users/ashfaquesami/425_project/data/raw_gtzan/genres_original/country/country.00053.wav,country.00053,/Users/ashfaquesami/425_project/data/clips_10s/country_053_1.wav,10.0,20.0,10.0,1,53,,pending,train
country_053_2,country,2,/Users/ashfaquesami/425_project/data/raw_gtzan/genres_original/country/country.00053.wav,country.00053,/Users/ashfaquesami/425_project/data/clips_10s/country_053_2.wav,20.0,30.0,10.0,2,53,,pending,train
country_054_0,country,2,/Users/ashfaquesami/425_project/data/raw_gtzan/genres_original/country/country.00054.wav,country.00054,/Users/ashfaquesami/425_project/data/clips_10s/country_054_0.wav,0.0,10.0,10.0,0,54,,pending,train
country_054_1,country,2,/Users/ashfaquesami/425_project/data/raw_gtzan/genres_original/country/country.00054.wav,country.00054,/Users/ashfaquesami/425_project/data/clips_10s/country_054_1.wav,10.0,20.0,10.0,1,54,,pending,train
country_054_2,country,2,/Users/ashfaquesami/425_project/data/raw_gtzan/genres_original/country/country.00054.wav,country.00054,/Users/ashfaquesami/425_project/data/clips_10s/country_054_2.wav,20.0,30.0,10.0,2,54,,pending,train
country_055_0,country,2,/Users/ashfaquesami/425_project/data/raw_gtzan/genres_original/country/country.00055.wav,country.00055,/Users/ashfaquesami/425_project/data/clips_10s/country_055_0.wav,0.0,10.0,10.0,0,55,,pending,train
country_055_1,country,2,/Users/ashfaquesami/425_project/data/raw_gtzan/genres_original/country/country.00055.wav,country.00055,/Users/ashfaquesami/425_project/data/clips_10s/country_055_1.wav,10.0,20.0,10.0,1,55,,pending,train
country_055_2,country,2,/Users/ashfaquesami/425_project/data/raw_gtzan/genres_original/country/country.00055.wav,country.00055,/Users/ashfaquesami/425_project/data/clips_10s/country_055_2.wav,20.0,30.0,10.0,2,55,,pending,train
country_056_0,country,2,/Users/ashfaquesami/425_project/data/raw_gtzan/genres_original/country/country.00056.wav,country.00056,/Users/ashfaquesami/425_project/data/clips_10s/country_056_0.wav,0.0,10.0,10.0,0,56,,pending,train
country_056_1,country,2,/Users/ashfaquesami/425_project/data/raw_gtzan/genres_original/country/country.00056.wav,country.00056,/Users/ashfaquesami/425_project/data/clips_10s/country_056_1.wav,10.0,20.0,10.0,1,56,,pending,train
country_056_2,country,2,/Users/ashfaquesami/425_project/data/raw_gtzan/genres_original/country/country.00056.wav,country.00056,/Users/ashfaquesami/425_project/data/clips_10s/country_056_2.wav,20.0,30.0,10.0,2,56,,pending,train
country_057_0,country,2,/Users/ashfaquesami/425_project/data/raw_gtzan/genres_original/country/country.00057.wav,country.00057,/Users/ashfaquesami/425_project/data/clips_10s/country_057_0.wav,0.0,10.0,10.0,0,57,,pending,train
country_057_1,country,2,/Users/ashfaquesami/425_project/data/raw_gtzan/genres_original/country/country.00057.wav,country.00057,/Users/ashfaquesami/425_project/data/clips_10s/country_057_1.wav,10.0,20.0,10.0,1,57,,pending,train
country_057_2,country,2,/Users/ashfaquesami/425_project/data/raw_gtzan/genres_original/country/country.00057.wav,country.00057,/Users/ashfaquesami/425_project/data/clips_10s/country_057_2.wav,20.0,30.0,10.0,2,57,,pending,train
country_058_0,country,2,/Users/ashfaquesami/425_project/data/raw_gtzan/genres_original/country/country.00058.wav,country.00058,/Users/ashfaquesami/425_project/data/clips_10s/country_058_0.wav,0.0,10.0,10.0,0,58,,pending,train
country_058_1,country,2,/Users/ashfaquesami/425_project/data/raw_gtzan/genres_original/country/country.00058.wav,country.00058,/Users/ashfaquesami/425_project/data/clips_10s/country_058_1.wav,10.0,20.0,10.0,1,58,,pending,train
country_058_2,country,2,/Users/ashfaquesami/425_project/data/raw_gtzan/genres_original/country/country.00058.wav,country.00058,/Users/ashfaquesami/425_project/data/clips_10s/country_058_2.wav,20.0,30.0,10.0,2,58,,pending,train
country_059_0,country,2,/Users/ashfaquesami/425_project/data/raw_gtzan/genres_original/country/country.00059.wav,country.00059,/Users/ashfaquesami/425_project/data/clips_10s/country_059_0.wav,0.0,10.0,10.0,0,59,,pending,train
country_059_1,country,2,/Users/ashfaquesami/425_project/data/raw_gtzan/genres_original/country/country.00059.wav,country.00059,/Users/ashfaquesami/425_project/data/clips_10s/country_059_1.wav,10.0,20.0,10.0,1,59,,pending,train
country_059_2,country,2,/Users/ashfaquesami/425_project/data/raw_gtzan/genres_original/country/country.00059.wav,country.00059,/Users/ashfaquesami/425_project/data/clips_10s/country_059_2.wav,20.0,30.0,10.0,2,59,,pending,train
country_060_0,country,2,/Users/ashfaquesami/425_project/data/raw_gtzan/genres_original/country/country.00060.wav,country.00060,/Users/ashfaquesami/425_project/data/clips_10s/country_060_0.wav,0.0,10.0,10.0,0,60,,pending,train
country_060_1,country,2,/Users/ashfaquesami/425_project/data/raw_gtzan/genres_original/country/country.00060.wav,country.00060,/Users/ashfaquesami/425_project/data/clips_10s/country_060_1.wav,10.0,20.0,10.0,1,60,,pending,train
country_060_2,country,2,/Users/ashfaquesami/425_project/data/raw_gtzan/genres_original/country/country.00060.wav,country.00060,/Users/ashfaquesami/425_project/data/clips_10s/country_060_2.wav,20.0,30.0,10.0,2,60,,pending,train
country_061_0,country,2,/Users/ashfaquesami/425_project/data/raw_gtzan/genres_original/country/country.00061.wav,country.00061,/Users/ashfaquesami/425_project/data/clips_10s/country_061_0.wav,0.0,10.0,10.0,0,61,,pending,train
country_061_1,country,2,/Users/ashfaquesami/425_project/data/raw_gtzan/genres_original/country/country.00061.wav,country.00061,/Users/ashfaquesami/425_project/data/clips_10s/country_061_1.wav,10.0,20.0,10.0,1,61,,pending,train
country_061_2,country,2,/Users/ashfaquesami/425_project/data/raw_gtzan/genres_original/country/country.00061.wav,country.00061,/Users/ashfaquesami/425_project/data/clips_10s/country_061_2.wav,20.0,30.0,10.0,2,61,,pending,train
country_062_0,country,2,/Users/ashfaquesami/425_project/data/raw_gtzan/genres_original/country/country.00062.wav,country.00062,/Users/ashfaquesami/425_project/data/clips_10s/country_062_0.wav,0.0,10.0,10.0,0,62,,pending,train
country_062_1,country,2,/Users/ashfaquesami/425_project/data/raw_gtzan/genres_original/country/country.00062.wav,country.00062,/Users/ashfaquesami/425_project/data/clips_10s/country_062_1.wav,10.0,20.0,10.0,1,62,,pending,train
country_062_2,country,2,/Users/ashfaquesami/425_project/data/raw_gtzan/genres_original/country/country.00062.wav,country.00062,/Users/ashfaquesami/425_project/data/clips_10s/country_062_2.wav,20.0,30.0,10.0,2,62,,pending,train
country_063_0,country,2,/Users/ashfaquesami/425_project/data/raw_gtzan/genres_original/country/country.00063.wav,country.00063,/Users/ashfaquesami/425_project/data/clips_10s/country_063_0.wav,0.0,10.0,10.0,0,63,,pending,train
country_063_1,country,2,/Users/ashfaquesami/425_project/data/raw_gtzan/genres_original/country/country.00063.wav,country.00063,/Users/ashfaquesami/425_project/data/clips_10s/country_063_1.wav,10.0,20.0,10.0,1,63,,pending,train
country_063_2,country,2,/Users/ashfaquesami/425_project/data/raw_gtzan/genres_original/country/country.00063.wav,country.00063,/Users/ashfaquesami/425_project/data/clips_10s/country_063_2.wav,20.0,30.0,10.0,2,63,,pending,train
country_064_0,country,2,/Users/ashfaquesami/425_project/data/raw_gtzan/genres_original/country/country.00064.wav,country.00064,/Users/ashfaquesami/425_project/data/clips_10s/country_064_0.wav,0.0,10.0,10.0,0,64,,pending,train
country_064_1,country,2,/Users/ashfaquesami/425_project/data/raw_gtzan/genres_original/country/country.00064.wav,country.00064,/Users/ashfaquesami/425_project/data/clips_10s/country_064_1.wav,10.0,20.0,10.0,1,64,,pending,train
country_064_2,country,2,/Users/ashfaquesami/425_project/data/raw_gtzan/genres_original/country/country.00064.wav,country.00064,/Users/ashfaquesami/425_project/data/clips_10s/country_064_2.wav,20.0,30.0,10.0,2,64,,pending,train
country_065_0,country,2,/Users/ashfaquesami/425_project/data/raw_gtzan/genres_original/country/country.00065.wav,country.00065,/Users/ashfaquesami/425_project/data/clips_10s/country_065_0.wav,0.0,10.0,10.0,0,65,,pending,train
country_065_1,country,2,/Users/ashfaquesami/425_project/data/raw_gtzan/genres_original/country/country.00065.wav,country.00065,/Users/ashfaquesami/425_project/data/clips_10s/country_065_1.wav,10.0,20.0,10.0,1,65,,pending,train
country_065_2,country,2,/Users/ashfaquesami/425_project/data/raw_gtzan/genres_original/country/country.00065.wav,country.00065,/Users/ashfaquesami/425_project/data/clips_10s/country_065_2.wav,20.0,30.0,10.0,2,65,,pending,train
country_066_0,country,2,/Users/ashfaquesami/425_project/data/raw_gtzan/genres_original/country/country.00066.wav,country.00066,/Users/ashfaquesami/425_project/data/clips_10s/country_066_0.wav,0.0,10.0,10.0,0,66,,pending,train
country_066_1,country,2,/Users/ashfaquesami/425_project/data/raw_gtzan/genres_original/country/country.00066.wav,country.00066,/Users/ashfaquesami/425_project/data/clips_10s/country_066_1.wav,10.0,20.0,10.0,1,66,,pending,train
country_066_2,country,2,/Users/ashfaquesami/425_project/data/raw_gtzan/genres_original/country/country.00066.wav,country.00066,/Users/ashfaquesami/425_project/data/clips_10s/country_066_2.wav,20.0,30.0,10.0,2,66,,pending,train
country_067_0,country,2,/Users/ashfaquesami/425_project/data/raw_gtzan/genres_original/country/country.00067.wav,country.00067,/Users/ashfaquesami/425_project/data/clips_10s/country_067_0.wav,0.0,10.0,10.0,0,67,,pending,train
country_067_1,country,2,/Users/ashfaquesami/425_project/data/raw_gtzan/genres_original/country/country.00067.wav,country.00067,/Users/ashfaquesami/425_project/data/clips_10s/country_067_1.wav,10.0,20.0,10.0,1,67,,pending,train
country_067_2,country,2,/Users/ashfaquesami/425_project/data/raw_gtzan/genres_original/country/country.00067.wav,country.00067,/Users/ashfaquesami/425_project/data/clips_10s/country_067_2.wav,20.0,30.0,10.0,2,67,,pending,train
country_068_0,country,2,/Users/ashfaquesami/425_project/data/raw_gtzan/genres_original/country/country.00068.wav,country.00068,/Users/ashfaquesami/425_project/data/clips_10s/country_068_0.wav,0.0,10.0,10.0,0,68,,pending,train
country_068_1,country,2,/Users/ashfaquesami/425_project/data/raw_gtzan/genres_original/country/country.00068.wav,country.00068,/Users/ashfaquesami/425_project/data/clips_10s/country_068_1.wav,10.0,20.0,10.0,1,68,,pending,train
country_068_2,country,2,/Users/ashfaquesami/425_project/data/raw_gtzan/genres_original/country/country.00068.wav,country.00068,/Users/ashfaquesami/425_project/data/clips_10s/country_068_2.wav,20.0,30.0,10.0,2,68,,pending,train
country_069_0,country,2,/Users/ashfaquesami/425_project/data/raw_gtzan/genres_original/country/country.00069.wav,country.00069,/Users/ashfaquesami/425_project/data/clips_10s/country_069_0.wav,0.0,10.0,10.0,0,69,,pending,test
country_069_1,country,2,/Users/ashfaquesami/425_project/data/raw_gtzan/genres_original/country/country.00069.wav,country.00069,/Users/ashfaquesami/425_project/data/clips_10s/country_069_1.wav,10.0,20.0,10.0,1,69,,pending,test
country_069_2,country,2,/Users/ashfaquesami/425_project/data/raw_gtzan/genres_original/country/country.00069.wav,country.00069,/Users/ashfaquesami/425_project/data/clips_10s/country_069_2.wav,20.0,30.0,10.0,2,69,,pending,test
country_070_0,country,2,/Users/ashfaquesami/425_project/data/raw_gtzan/genres_original/country/country.00070.wav,country.00070,/Users/ashfaquesami/425_project/data/clips_10s/country_070_0.wav,0.0,10.0,10.0,0,70,,pending,test
country_070_1,country,2,/Users/ashfaquesami/425_project/data/raw_gtzan/genres_original/country/country.00070.wav,country.00070,/Users/ashfaquesami/425_project/data/clips_10s/country_070_1.wav,10.0,20.0,10.0,1,70,,pending,test
country_070_2,country,2,/Users/ashfaquesami/425_project/data/raw_gtzan/genres_original/country/country.00070.wav,country.00070,/Users/ashfaquesami/425_project/data/clips_10s/country_070_2.wav,20.0,30.0,10.0,2,70,,pending,test
country_071_0,country,2,/Users/ashfaquesami/425_project/data/raw_gtzan/genres_original/country/country.00071.wav,country.00071,/Users/ashfaquesami/425_project/data/clips_10s/country_071_0.wav,0.0,10.0,10.0,0,71,,pending,train
country_071_1,country,2,/Users/ashfaquesami/425_project/data/raw_gtzan/genres_original/country/country.00071.wav,country.00071,/Users/ashfaquesami/425_project/data/clips_10s/country_071_1.wav,10.0,20.0,10.0,1,71,,pending,train
country_071_2,country,2,/Users/ashfaquesami/425_project/data/raw_gtzan/genres_original/country/country.00071.wav,country.00071,/Users/ashfaquesami/425_project/data/clips_10s/country_071_2.wav,20.0,30.0,10.0,2,71,,pending,train
country_072_0,country,2,/Users/ashfaquesami/425_project/data/raw_gtzan/genres_original/country/country.00072.wav,country.00072,/Users/ashfaquesami/425_project/data/clips_10s/country_072_0.wav,0.0,10.0,10.0,0,72,,pending,train
country_072_1,country,2,/Users/ashfaquesami/425_project/data/raw_gtzan/genres_original/country/country.00072.wav,country.00072,/Users/ashfaquesami/425_project/data/clips_10s/country_072_1.wav,10.0,20.0,10.0,1,72,,pending,train
country_072_2,country,2,/Users/ashfaquesami/425_project/data/raw_gtzan/genres_original/country/country.00072.wav,country.00072,/Users/ashfaquesami/425_project/data/clips_10s/country_072_2.wav,20.0,30.0,10.0,2,72,,pending,train
country_073_0,country,2,/Users/ashfaquesami/425_project/data/raw_gtzan/genres_original/country/country.00073.wav,country.00073,/Users/ashfaquesami/425_project/data/clips_10s/country_073_0.wav,0.0,10.0,10.0,0,73,,pending,test
country_073_1,country,2,/Users/ashfaquesami/425_project/data/raw_gtzan/genres_original/country/country.00073.wav,country.00073,/Users/ashfaquesami/425_project/data/clips_10s/country_073_1.wav,10.0,20.0,10.0,1,73,,pending,test
country_073_2,country,2,/Users/ashfaquesami/425_project/data/raw_gtzan/genres_original/country/country.00073.wav,country.00073,/Users/ashfaquesami/425_project/data/clips_10s/country_073_2.wav,20.0,30.0,10.0,2,73,,pending,test
country_074_0,country,2,/Users/ashfaquesami/425_project/data/raw_gtzan/genres_original/country/country.00074.wav,country.00074,/Users/ashfaquesami/425_project/data/clips_10s/country_074_0.wav,0.0,10.0,10.0,0,74,,pending,train
country_074_1,country,2,/Users/ashfaquesami/425_project/data/raw_gtzan/genres_original/country/country.00074.wav,country.00074,/Users/ashfaquesami/425_project/data/clips_10s/country_074_1.wav,10.0,20.0,10.0,1,74,,pending,train
country_074_2,country,2,/Users/ashfaquesami/425_project/data/raw_gtzan/genres_original/country/country.00074.wav,country.00074,/Users/ashfaquesami/425_project/data/clips_10s/country_074_2.wav,20.0,30.0,10.0,2,74,,pending,train
country_075_0,country,2,/Users/ashfaquesami/425_project/data/raw_gtzan/genres_original/country/country.00075.wav,country.00075,/Users/ashfaquesami/425_project/data/clips_10s/country_075_0.wav,0.0,10.0,10.0,0,75,,pending,train
country_075_1,country,2,/Users/ashfaquesami/425_project/data/raw_gtzan/genres_original/country/country.00075.wav,country.00075,/Users/ashfaquesami/425_project/data/clips_10s/country_075_1.wav,10.0,20.0,10.0,1,75,,pending,train
country_075_2,country,2,/Users/ashfaquesami/425_project/data/raw_gtzan/genres_original/country/country.00075.wav,country.00075,/Users/ashfaquesami/425_project/data/clips_10s/country_075_2.wav,20.0,30.0,10.0,2,75,,pending,train
country_076_0,country,2,/Users/ashfaquesami/425_project/data/raw_gtzan/genres_original/country/country.00076.wav,country.00076,/Users/ashfaquesami/425_project/data/clips_10s/country_076_0.wav,0.0,10.0,10.0,0,76,,pending,test
country_076_1,country,2,/Users/ashfaquesami/425_project/data/raw_gtzan/genres_original/country/country.00076.wav,country.00076,/Users/ashfaquesami/425_project/data/clips_10s/country_076_1.wav,10.0,20.0,10.0,1,76,,pending,test
country_076_2,country,2,/Users/ashfaquesami/425_project/data/raw_gtzan/genres_original/country/country.00076.wav,country.00076,/Users/ashfaquesami/425_project/data/clips_10s/country_076_2.wav,20.0,30.0,10.0,2,76,,pending,test
country_077_0,country,2,/Users/ashfaquesami/425_project/data/raw_gtzan/genres_original/country/country.00077.wav,country.00077,/Users/ashfaquesami/425_project/data/clips_10s/country_077_0.wav,0.0,10.0,10.0,0,77,,pending,train
country_077_1,country,2,/Users/ashfaquesami/425_project/data/raw_gtzan/genres_original/country/country.00077.wav,country.00077,/Users/ashfaquesami/425_project/data/clips_10s/country_077_1.wav,10.0,20.0,10.0,1,77,,pending,train
country_077_2,country,2,/Users/ashfaquesami/425_project/data/raw_gtzan/genres_original/country/country.00077.wav,country.00077,/Users/ashfaquesami/425_project/data/clips_10s/country_077_2.wav,20.0,30.0,10.0,2,77,,pending,train
country_078_0,country,2,/Users/ashfaquesami/425_project/data/raw_gtzan/genres_original/country/country.00078.wav,country.00078,/Users/ashfaquesami/425_project/data/clips_10s/country_078_0.wav,0.0,10.0,10.0,0,78,,pending,train
country_078_1,country,2,/Users/ashfaquesami/425_project/data/raw_gtzan/genres_original/country/country.00078.wav,country.00078,/Users/ashfaquesami/425_project/data/clips_10s/country_078_1.wav,10.0,20.0,10.0,1,78,,pending,train
country_078_2,country,2,/Users/ashfaquesami/425_project/data/raw_gtzan/genres_original/country/country.00078.wav,country.00078,/Users/ashfaquesami/425_project/data/clips_10s/country_078_2.wav,20.0,30.0,10.0,2,78,,pending,train
country_079_0,country,2,/Users/ashfaquesami/425_project/data/raw_gtzan/genres_original/country/country.00079.wav,country.00079,/Users/ashfaquesami/425_project/data/clips_10s/country_079_0.wav,0.0,10.0,10.0,0,79,,pending,train
country_079_1,country,2,/Users/ashfaquesami/425_project/data/raw_gtzan/genres_original/country/country.00079.wav,country.00079,/Users/ashfaquesami/425_project/data/clips_10s/country_079_1.wav,10.0,20.0,10.0,1,79,,pending,train
country_079_2,country,2,/Users/ashfaquesami/425_project/data/raw_gtzan/genres_original/country/country.00079.wav,country.00079,/Users/ashfaquesami/425_project/data/clips_10s/country_079_2.wav,20.0,30.0,10.0,2,79,,pending,train
country_080_0,country,2,/Users/ashfaquesami/425_project/data/raw_gtzan/genres_original/country/country.00080.wav,country.00080,/Users/ashfaquesami/425_project/data/clips_10s/country_080_0.wav,0.0,10.0,10.0,0,80,,pending,train
country_080_1,country,2,/Users/ashfaquesami/425_project/data/raw_gtzan/genres_original/country/country.00080.wav,country.00080,/Users/ashfaquesami/425_project/data/clips_10s/country_080_1.wav,10.0,20.0,10.0,1,80,,pending,train
country_080_2,country,2,/Users/ashfaquesami/425_project/data/raw_gtzan/genres_original/country/country.00080.wav,country.00080,/Users/ashfaquesami/425_project/data/clips_10s/country_080_2.wav,20.0,30.0,10.0,2,80,,pending,train
country_081_0,country,2,/Users/ashfaquesami/425_project/data/raw_gtzan/genres_original/country/country.00081.wav,country.00081,/Users/ashfaquesami/425_project/data/clips_10s/country_081_0.wav,0.0,10.0,10.0,0,81,,pending,train
country_081_1,country,2,/Users/ashfaquesami/425_project/data/raw_gtzan/genres_original/country/country.00081.wav,country.00081,/Users/ashfaquesami/425_project/data/clips_10s/country_081_1.wav,10.0,20.0,10.0,1,81,,pending,train
country_081_2,country,2,/Users/ashfaquesami/425_project/data/raw_gtzan/genres_original/country/country.00081.wav,country.00081,/Users/ashfaquesami/425_project/data/clips_10s/country_081_2.wav,20.0,30.0,10.0,2,81,,pending,train
country_082_0,country,2,/Users/ashfaquesami/425_project/data/raw_gtzan/genres_original/country/country.00082.wav,country.00082,/Users/ashfaquesami/425_project/data/clips_10s/country_082_0.wav,0.0,10.0,10.0,0,82,,pending,train
country_082_1,country,2,/Users/ashfaquesami/425_project/data/raw_gtzan/genres_original/country/country.00082.wav,country.00082,/Users/ashfaquesami/425_project/data/clips_10s/country_082_1.wav,10.0,20.0,10.0,1,82,,pending,train
country_082_2,country,2,/Users/ashfaquesami/425_project/data/raw_gtzan/genres_original/country/country.00082.wav,country.00082,/Users/ashfaquesami/425_project/data/clips_10s/country_082_2.wav,20.0,30.0,10.0,2,82,,pending,train
country_083_0,country,2,/Users/ashfaquesami/425_project/data/raw_gtzan/genres_original/country/country.00083.wav,country.00083,/Users/ashfaquesami/425_project/data/clips_10s/country_083_0.wav,0.0,10.0,10.0,0,83,,pending,train
country_083_1,country,2,/Users/ashfaquesami/425_project/data/raw_gtzan/genres_original/country/country.00083.wav,country.00083,/Users/ashfaquesami/425_project/data/clips_10s/country_083_1.wav,10.0,20.0,10.0,1,83,,pending,train
country_083_2,country,2,/Users/ashfaquesami/425_project/data/raw_gtzan/genres_original/country/country.00083.wav,country.00083,/Users/ashfaquesami/425_project/data/clips_10s/country_083_2.wav,20.0,30.0,10.0,2,83,,pending,train
country_084_0,country,2,/Users/ashfaquesami/425_project/data/raw_gtzan/genres_original/country/country.00084.wav,country.00084,/Users/ashfaquesami/425_project/data/clips_10s/country_084_0.wav,0.0,10.0,10.0,0,84,,pending,train
country_084_1,country,2,/Users/ashfaquesami/425_project/data/raw_gtzan/genres_original/country/country.00084.wav,country.00084,/Users/ashfaquesami/425_project/data/clips_10s/country_084_1.wav,10.0,20.0,10.0,1,84,,pending,train
country_084_2,country,2,/Users/ashfaquesami/425_project/data/raw_gtzan/genres_original/country/country.00084.wav,country.00084,/Users/ashfaquesami/425_project/data/clips_10s/country_084_2.wav,20.0,30.0,10.0,2,84,,pending,train
country_085_0,country,2,/Users/ashfaquesami/425_project/data/raw_gtzan/genres_original/country/country.00085.wav,country.00085,/Users/ashfaquesami/425_project/data/clips_10s/country_085_0.wav,0.0,10.0,10.0,0,85,,pending,train
country_085_1,country,2,/Users/ashfaquesami/425_project/data/raw_gtzan/genres_original/country/country.00085.wav,country.00085,/Users/ashfaquesami/425_project/data/clips_10s/country_085_1.wav,10.0,20.0,10.0,1,85,,pending,train
country_085_2,country,2,/Users/ashfaquesami/425_project/data/raw_gtzan/genres_original/country/country.00085.wav,country.00085,/Users/ashfaquesami/425_project/data/clips_10s/country_085_2.wav,20.0,30.0,10.0,2,85,,pending,train
country_086_0,country,2,/Users/ashfaquesami/425_project/data/raw_gtzan/genres_original/country/country.00086.wav,country.00086,/Users/ashfaquesami/425_project/data/clips_10s/country_086_0.wav,0.0,10.0,10.0,0,86,,pending,train
country_086_1,country,2,/Users/ashfaquesami/425_project/data/raw_gtzan/genres_original/country/country.00086.wav,country.00086,/Users/ashfaquesami/425_project/data/clips_10s/country_086_1.wav,10.0,20.0,10.0,1,86,,pending,train
country_086_2,country,2,/Users/ashfaquesami/425_project/data/raw_gtzan/genres_original/country/country.00086.wav,country.00086,/Users/ashfaquesami/425_project/data/clips_10s/country_086_2.wav,20.0,30.0,10.0,2,86,,pending,train
country_087_0,country,2,/Users/ashfaquesami/425_project/data/raw_gtzan/genres_original/country/country.00087.wav,country.00087,/Users/ashfaquesami/425_project/data/clips_10s/country_087_0.wav,0.0,10.0,10.0,0,87,,pending,train
country_087_1,country,2,/Users/ashfaquesami/425_project/data/raw_gtzan/genres_original/country/country.00087.wav,country.00087,/Users/ashfaquesami/425_project/data/clips_10s/country_087_1.wav,10.0,20.0,10.0,1,87,,pending,train
country_087_2,country,2,/Users/ashfaquesami/425_project/data/raw_gtzan/genres_original/country/country.00087.wav,country.00087,/Users/ashfaquesami/425_project/data/clips_10s/country_087_2.wav,20.0,30.0,10.0,2,87,,pending,train
country_088_0,country,2,/Users/ashfaquesami/425_project/data/raw_gtzan/genres_original/country/country.00088.wav,country.00088,/Users/ashfaquesami/425_project/data/clips_10s/country_088_0.wav,0.0,10.0,10.0,0,88,,pending,val
country_088_1,country,2,/Users/ashfaquesami/425_project/data/raw_gtzan/genres_original/country/country.00088.wav,country.00088,/Users/ashfaquesami/425_project/data/clips_10s/country_088_1.wav,10.0,20.0,10.0,1,88,,pending,val
country_088_2,country,2,/Users/ashfaquesami/425_project/data/raw_gtzan/genres_original/country/country.00088.wav,country.00088,/Users/ashfaquesami/425_project/data/clips_10s/country_088_2.wav,20.0,30.0,10.0,2,88,,pending,val
country_089_0,country,2,/Users/ashfaquesami/425_project/data/raw_gtzan/genres_original/country/country.00089.wav,country.00089,/Users/ashfaquesami/425_project/data/clips_10s/country_089_0.wav,0.0,10.0,10.0,0,89,,pending,train
country_089_1,country,2,/Users/ashfaquesami/425_project/data/raw_gtzan/genres_original/country/country.00089.wav,country.00089,/Users/ashfaquesami/425_project/data/clips_10s/country_089_1.wav,10.0,20.0,10.0,1,89,,pending,train
country_089_2,country,2,/Users/ashfaquesami/425_project/data/raw_gtzan/genres_original/country/country.00089.wav,country.00089,/Users/ashfaquesami/425_project/data/clips_10s/country_089_2.wav,20.0,30.0,10.0,2,89,,pending,train
country_090_0,country,2,/Users/ashfaquesami/425_project/data/raw_gtzan/genres_original/country/country.00090.wav,country.00090,/Users/ashfaquesami/425_project/data/clips_10s/country_090_0.wav,0.0,10.0,10.0,0,90,,pending,train
country_090_1,country,2,/Users/ashfaquesami/425_project/data/raw_gtzan/genres_original/country/country.00090.wav,country.00090,/Users/ashfaquesami/425_project/data/clips_10s/country_090_1.wav,10.0,20.0,10.0,1,90,,pending,train
country_090_2,country,2,/Users/ashfaquesami/425_project/data/raw_gtzan/genres_original/country/country.00090.wav,country.00090,/Users/ashfaquesami/425_project/data/clips_10s/country_090_2.wav,20.0,30.0,10.0,2,90,,pending,train
country_091_0,country,2,/Users/ashfaquesami/425_project/data/raw_gtzan/genres_original/country/country.00091.wav,country.00091,/Users/ashfaquesami/425_project/data/clips_10s/country_091_0.wav,0.0,10.0,10.0,0,91,,pending,train
country_091_1,country,2,/Users/ashfaquesami/425_project/data/raw_gtzan/genres_original/country/country.00091.wav,country.00091,/Users/ashfaquesami/425_project/data/clips_10s/country_091_1.wav,10.0,20.0,10.0,1,91,,pending,train
country_091_2,country,2,/Users/ashfaquesami/425_project/data/raw_gtzan/genres_original/country/country.00091.wav,country.00091,/Users/ashfaquesami/425_project/data/clips_10s/country_091_2.wav,20.0,30.0,10.0,2,91,,pending,train
country_092_0,country,2,/Users/ashfaquesami/425_project/data/raw_gtzan/genres_original/country/country.00092.wav,country.00092,/Users/ashfaquesami/425_project/data/clips_10s/country_092_0.wav,0.0,10.0,10.0,0,92,,pending,train
country_092_1,country,2,/Users/ashfaquesami/425_project/data/raw_gtzan/genres_original/country/country.00092.wav,country.00092,/Users/ashfaquesami/425_project/data/clips_10s/country_092_1.wav,10.0,20.0,10.0,1,92,,pending,train
country_092_2,country,2,/Users/ashfaquesami/425_project/data/raw_gtzan/genres_original/country/country.00092.wav,country.00092,/Users/ashfaquesami/425_project/data/clips_10s/country_092_2.wav,20.0,30.0,10.0,2,92,,pending,train
country_093_0,country,2,/Users/ashfaquesami/425_project/data/raw_gtzan/genres_original/country/country.00093.wav,country.00093,/Users/ashfaquesami/425_project/data/clips_10s/country_093_0.wav,0.0,10.0,10.0,0,93,,pending,train
country_093_1,country,2,/Users/ashfaquesami/425_project/data/raw_gtzan/genres_original/country/country.00093.wav,country.00093,/Users/ashfaquesami/425_project/data/clips_10s/country_093_1.wav,10.0,20.0,10.0,1,93,,pending,train
country_093_2,country,2,/Users/ashfaquesami/425_project/data/raw_gtzan/genres_original/country/country.00093.wav,country.00093,/Users/ashfaquesami/425_project/data/clips_10s/country_093_2.wav,20.0,30.0,10.0,2,93,,pending,train
country_094_0,country,2,/Users/ashfaquesami/425_project/data/raw_gtzan/genres_original/country/country.00094.wav,country.00094,/Users/ashfaquesami/425_project/data/clips_10s/country_094_0.wav,0.0,10.0,10.0,0,94,,pending,train
country_094_1,country,2,/Users/ashfaquesami/425_project/data/raw_gtzan/genres_original/country/country.00094.wav,country.00094,/Users/ashfaquesami/425_project/data/clips_10s/country_094_1.wav,10.0,20.0,10.0,1,94,,pending,train
country_094_2,country,2,/Users/ashfaquesami/425_project/data/raw_gtzan/genres_original/country/country.00094.wav,country.00094,/Users/ashfaquesami/425_project/data/clips_10s/country_094_2.wav,20.0,30.0,10.0,2,94,,pending,train
country_095_0,country,2,/Users/ashfaquesami/425_project/data/raw_gtzan/genres_original/country/country.00095.wav,country.00095,/Users/ashfaquesami/425_project/data/clips_10s/country_095_0.wav,0.0,10.0,10.0,0,95,,pending,val
country_095_1,country,2,/Users/ashfaquesami/425_project/data/raw_gtzan/genres_original/country/country.00095.wav,country.00095,/Users/ashfaquesami/425_project/data/clips_10s/country_095_1.wav,10.0,20.0,10.0,1,95,,pending,val
country_095_2,country,2,/Users/ashfaquesami/425_project/data/raw_gtzan/genres_original/country/country.00095.wav,country.00095,/Users/ashfaquesami/425_project/data/clips_10s/country_095_2.wav,20.0,30.0,10.0,2,95,,pending,val
country_096_0,country,2,/Users/ashfaquesami/425_project/data/raw_gtzan/genres_original/country/country.00096.wav,country.00096,/Users/ashfaquesami/425_project/data/clips_10s/country_096_0.wav,0.0,10.0,10.0,0,96,,pending,train
country_096_1,country,2,/Users/ashfaquesami/425_project/data/raw_gtzan/genres_original/country/country.00096.wav,country.00096,/Users/ashfaquesami/425_project/data/clips_10s/country_096_1.wav,10.0,20.0,10.0,1,96,,pending,train
country_096_2,country,2,/Users/ashfaquesami/425_project/data/raw_gtzan/genres_original/country/country.00096.wav,country.00096,/Users/ashfaquesami/425_project/data/clips_10s/country_096_2.wav,20.0,30.0,10.0,2,96,,pending,train
country_097_0,country,2,/Users/ashfaquesami/425_project/data/raw_gtzan/genres_original/country/country.00097.wav,country.00097,/Users/ashfaquesami/425_project/data/clips_10s/country_097_0.wav,0.0,10.0,10.0,0,97,,pending,train
country_097_1,country,2,/Users/ashfaquesami/425_project/data/raw_gtzan/genres_original/country/country.00097.wav,country.00097,/Users/ashfaquesami/425_project/data/clips_10s/country_097_1.wav,10.0,20.0,10.0,1,97,,pending,train
country_097_2,country,2,/Users/ashfaquesami/425_project/data/raw_gtzan/genres_original/country/country.00097.wav,country.00097,/Users/ashfaquesami/425_project/data/clips_10s/country_097_2.wav,20.0,30.0,10.0,2,97,,pending,train
country_098_0,country,2,/Users/ashfaquesami/425_project/data/raw_gtzan/genres_original/country/country.00098.wav,country.00098,/Users/ashfaquesami/425_project/data/clips_10s/country_098_0.wav,0.0,10.0,10.0,0,98,,pending,train
country_098_1,country,2,/Users/ashfaquesami/425_project/data/raw_gtzan/genres_original/country/country.00098.wav,country.00098,/Users/ashfaquesami/425_project/data/clips_10s/country_098_1.wav,10.0,20.0,10.0,1,98,,pending,train
country_098_2,country,2,/Users/ashfaquesami/425_project/data/raw_gtzan/genres_original/country/country.00098.wav,country.00098,/Users/ashfaquesami/425_project/data/clips_10s/country_098_2.wav,20.0,30.0,10.0,2,98,,pending,train
country_099_0,country,2,/Users/ashfaquesami/425_project/data/raw_gtzan/genres_original/country/country.00099.wav,country.00099,/Users/ashfaquesami/425_project/data/clips_10s/country_099_0.wav,0.0,10.0,10.0,0,99,,pending,train
country_099_1,country,2,/Users/ashfaquesami/425_project/data/raw_gtzan/genres_original/country/country.00099.wav,country.00099,/Users/ashfaquesami/425_project/data/clips_10s/country_099_1.wav,10.0,20.0,10.0,1,99,,pending,train
country_099_2,country,2,/Users/ashfaquesami/425_project/data/raw_gtzan/genres_original/country/country.00099.wav,country.00099,/Users/ashfaquesami/425_project/data/clips_10s/country_099_2.wav,20.0,30.0,10.0,2,99,,pending,train
disco_000_0,disco,3,/Users/ashfaquesami/425_project/data/raw_gtzan/genres_original/disco/disco.00000.wav,disco.00000,/Users/ashfaquesami/425_project/data/clips_10s/disco_000_0.wav,0.0,10.0,10.0,0,0,,pending,train
disco_000_1,disco,3,/Users/ashfaquesami/425_project/data/raw_gtzan/genres_original/disco/disco.00000.wav,disco.00000,/Users/ashfaquesami/425_project/data/clips_10s/disco_000_1.wav,10.0,20.0,10.0,1,0,,pending,train
disco_000_2,disco,3,/Users/ashfaquesami/425_project/data/raw_gtzan/genres_original/disco/disco.00000.wav,disco.00000,/Users/ashfaquesami/425_project/data/clips_10s/disco_000_2.wav,20.0,30.0,10.0,2,0,,pending,train
disco_001_0,disco,3,/Users/ashfaquesami/425_project/data/raw_gtzan/genres_original/disco/disco.00001.wav,disco.00001,/Users/ashfaquesami/425_project/data/clips_10s/disco_001_0.wav,0.0,10.0,10.0,0,1,,pending,train
disco_001_1,disco,3,/Users/ashfaquesami/425_project/data/raw_gtzan/genres_original/disco/disco.00001.wav,disco.00001,/Users/ashfaquesami/425_project/data/clips_10s/disco_001_1.wav,10.0,20.0,10.0,1,1,,pending,train
disco_001_2,disco,3,/Users/ashfaquesami/425_project/data/raw_gtzan/genres_original/disco/disco.00001.wav,disco.00001,/Users/ashfaquesami/425_project/data/clips_10s/disco_001_2.wav,20.0,30.0,10.0,2,1,,pending,train
disco_002_0,disco,3,/Users/ashfaquesami/425_project/data/raw_gtzan/genres_original/disco/disco.00002.wav,disco.00002,/Users/ashfaquesami/425_project/data/clips_10s/disco_002_0.wav,0.0,10.0,10.0,0,2,,pending,train
disco_002_1,disco,3,/Users/ashfaquesami/425_project/data/raw_gtzan/genres_original/disco/disco.00002.wav,disco.00002,/Users/ashfaquesami/425_project/data/clips_10s/disco_002_1.wav,10.0,20.0,10.0,1,2,,pending,train
disco_002_2,disco,3,/Users/ashfaquesami/425_project/data/raw_gtzan/genres_original/disco/disco.00002.wav,disco.00002,/Users/ashfaquesami/425_project/data/clips_10s/disco_002_2.wav,20.0,30.0,10.0,2,2,,pending,train
disco_003_0,disco,3,/Users/ashfaquesami/425_project/data/raw_gtzan/genres_original/disco/disco.00003.wav,disco.00003,/Users/ashfaquesami/425_project/data/clips_10s/disco_003_0.wav,0.0,10.0,10.0,0,3,,pending,train
disco_003_1,disco,3,/Users/ashfaquesami/425_project/data/raw_gtzan/genres_original/disco/disco.00003.wav,disco.00003,/Users/ashfaquesami/425_project/data/clips_10s/disco_003_1.wav,10.0,20.0,10.0,1,3,,pending,train
disco_003_2,disco,3,/Users/ashfaquesami/425_project/data/raw_gtzan/genres_original/disco/disco.00003.wav,disco.00003,/Users/ashfaquesami/425_project/data/clips_10s/disco_003_2.wav,20.0,30.0,10.0,2,3,,pending,train
disco_004_0,disco,3,/Users/ashfaquesami/425_project/data/raw_gtzan/genres_original/disco/disco.00004.wav,disco.00004,/Users/ashfaquesami/425_project/data/clips_10s/disco_004_0.wav,0.0,10.0,10.0,0,4,,pending,train
disco_004_1,disco,3,/Users/ashfaquesami/425_project/data/raw_gtzan/genres_original/disco/disco.00004.wav,disco.00004,/Users/ashfaquesami/425_project/data/clips_10s/disco_004_1.wav,10.0,20.0,10.0,1,4,,pending,train
disco_004_2,disco,3,/Users/ashfaquesami/425_project/data/raw_gtzan/genres_original/disco/disco.00004.wav,disco.00004,/Users/ashfaquesami/425_project/data/clips_10s/disco_004_2.wav,20.0,30.0,10.0,2,4,,pending,train
disco_005_0,disco,3,/Users/ashfaquesami/425_project/data/raw_gtzan/genres_original/disco/disco.00005.wav,disco.00005,/Users/ashfaquesami/425_project/data/clips_10s/disco_005_0.wav,0.0,10.0,10.0,0,5,,pending,train
disco_005_1,disco,3,/Users/ashfaquesami/425_project/data/raw_gtzan/genres_original/disco/disco.00005.wav,disco.00005,/Users/ashfaquesami/425_project/data/clips_10s/disco_005_1.wav,10.0,20.0,10.0,1,5,,pending,train
disco_005_2,disco,3,/Users/ashfaquesami/425_project/data/raw_gtzan/genres_original/disco/disco.00005.wav,disco.00005,/Users/ashfaquesami/425_project/data/clips_10s/disco_005_2.wav,20.0,30.0,10.0,2,5,,pending,train
disco_006_0,disco,3,/Users/ashfaquesami/425_project/data/raw_gtzan/genres_original/disco/disco.00006.wav,disco.00006,/Users/ashfaquesami/425_project/data/clips_10s/disco_006_0.wav,0.0,10.0,10.0,0,6,,pending,train
disco_006_1,disco,3,/Users/ashfaquesami/425_project/data/raw_gtzan/genres_original/disco/disco.00006.wav,disco.00006,/Users/ashfaquesami/425_project/data/clips_10s/disco_006_1.wav,10.0,20.0,10.0,1,6,,pending,train
disco_006_2,disco,3,/Users/ashfaquesami/425_project/data/raw_gtzan/genres_original/disco/disco.00006.wav,disco.00006,/Users/ashfaquesami/425_project/data/clips_10s/disco_006_2.wav,20.0,30.0,10.0,2,6,,pending,train
disco_007_0,disco,3,/Users/ashfaquesami/425_project/data/raw_gtzan/genres_original/disco/disco.00007.wav,disco.00007,/Users/ashfaquesami/425_project/data/clips_10s/disco_007_0.wav,0.0,10.0,10.0,0,7,,pending,train
disco_007_1,disco,3,/Users/ashfaquesami/425_project/data/raw_gtzan/genres_original/disco/disco.00007.wav,disco.00007,/Users/ashfaquesami/425_project/data/clips_10s/disco_007_1.wav,10.0,20.0,10.0,1,7,,pending,train
disco_007_2,disco,3,/Users/ashfaquesami/425_project/data/raw_gtzan/genres_original/disco/disco.00007.wav,disco.00007,/Users/ashfaquesami/425_project/data/clips_10s/disco_007_2.wav,20.0,30.0,10.0,2,7,,pending,train
disco_008_0,disco,3,/Users/ashfaquesami/425_project/data/raw_gtzan/genres_original/disco/disco.00008.wav,disco.00008,/Users/ashfaquesami/425_project/data/clips_10s/disco_008_0.wav,0.0,10.0,10.0,0,8,,pending,test
disco_008_1,disco,3,/Users/ashfaquesami/425_project/data/raw_gtzan/genres_original/disco/disco.00008.wav,disco.00008,/Users/ashfaquesami/425_project/data/clips_10s/disco_008_1.wav,10.0,20.0,10.0,1,8,,pending,test
disco_008_2,disco,3,/Users/ashfaquesami/425_project/data/raw_gtzan/genres_original/disco/disco.00008.wav,disco.00008,/Users/ashfaquesami/425_project/data/clips_10s/disco_008_2.wav,20.0,30.0,10.0,2,8,,pending,test
disco_009_0,disco,3,/Users/ashfaquesami/425_project/data/raw_gtzan/genres_original/disco/disco.00009.wav,disco.00009,/Users/ashfaquesami/425_project/data/clips_10s/disco_009_0.wav,0.0,10.0,10.0,0,9,,pending,train
disco_009_1,disco,3,/Users/ashfaquesami/425_project/data/raw_gtzan/genres_original/disco/disco.00009.wav,disco.00009,/Users/ashfaquesami/425_project/data/clips_10s/disco_009_1.wav,10.0,20.0,10.0,1,9,,pending,train
disco_009_2,disco,3,/Users/ashfaquesami/425_project/data/raw_gtzan/genres_original/disco/disco.00009.wav,disco.00009,/Users/ashfaquesami/425_project/data/clips_10s/disco_009_2.wav,20.0,30.0,10.0,2,9,,pending,train
disco_010_0,disco,3,/Users/ashfaquesami/425_project/data/raw_gtzan/genres_original/disco/disco.00010.wav,disco.00010,/Users/ashfaquesami/425_project/data/clips_10s/disco_010_0.wav,0.0,10.0,10.0,0,10,,pending,train
disco_010_1,disco,3,/Users/ashfaquesami/425_project/data/raw_gtzan/genres_original/disco/disco.00010.wav,disco.00010,/Users/ashfaquesami/425_project/data/clips_10s/disco_010_1.wav,10.0,20.0,10.0,1,10,,pending,train
disco_010_2,disco,3,/Users/ashfaquesami/425_project/data/raw_gtzan/genres_original/disco/disco.00010.wav,disco.00010,/Users/ashfaquesami/425_project/data/clips_10s/disco_010_2.wav,20.0,30.0,10.0,2,10,,pending,train
disco_011_0,disco,3,/Users/ashfaquesami/425_project/data/raw_gtzan/genres_original/disco/disco.00011.wav,disco.00011,/Users/ashfaquesami/425_project/data/clips_10s/disco_011_0.wav,0.0,10.0,10.0,0,11,,pending,train
disco_011_1,disco,3,/Users/ashfaquesami/425_project/data/raw_gtzan/genres_original/disco/disco.00011.wav,disco.00011,/Users/ashfaquesami/425_project/data/clips_10s/disco_011_1.wav,10.0,20.0,10.0,1,11,,pending,train
disco_011_2,disco,3,/Users/ashfaquesami/425_project/data/raw_gtzan/genres_original/disco/disco.00011.wav,disco.00011,/Users/ashfaquesami/425_project/data/clips_10s/disco_011_2.wav,20.0,30.0,10.0,2,11,,pending,train
disco_012_0,disco,3,/Users/ashfaquesami/425_project/data/raw_gtzan/genres_original/disco/disco.00012.wav,disco.00012,/Users/ashfaquesami/425_project/data/clips_10s/disco_012_0.wav,0.0,10.0,10.0,0,12,,pending,train
disco_012_1,disco,3,/Users/ashfaquesami/425_project/data/raw_gtzan/genres_original/disco/disco.00012.wav,disco.00012,/Users/ashfaquesami/425_project/data/clips_10s/disco_012_1.wav,10.0,20.0,10.0,1,12,,pending,train
disco_012_2,disco,3,/Users/ashfaquesami/425_project/data/raw_gtzan/genres_original/disco/disco.00012.wav,disco.00012,/Users/ashfaquesami/425_project/data/clips_10s/disco_012_2.wav,20.0,30.0,10.0,2,12,,pending,train
disco_013_0,disco,3,/Users/ashfaquesami/425_project/data/raw_gtzan/genres_original/disco/disco.00013.wav,disco.00013,/Users/ashfaquesami/425_project/data/clips_10s/disco_013_0.wav,0.0,10.0,10.0,0,13,,pending,test
disco_013_1,disco,3,/Users/ashfaquesami/425_project/data/raw_gtzan/genres_original/disco/disco.00013.wav,disco.00013,/Users/ashfaquesami/425_project/data/clips_10s/disco_013_1.wav,10.0,20.0,10.0,1,13,,pending,test
disco_013_2,disco,3,/Users/ashfaquesami/425_project/data/raw_gtzan/genres_original/disco/disco.00013.wav,disco.00013,/Users/ashfaquesami/425_project/data/clips_10s/disco_013_2.wav,20.0,30.0,10.0,2,13,,pending,test
disco_014_0,disco,3,/Users/ashfaquesami/425_project/data/raw_gtzan/genres_original/disco/disco.00014.wav,disco.00014,/Users/ashfaquesami/425_project/data/clips_10s/disco_014_0.wav,0.0,10.0,10.0,0,14,,pending,train
disco_014_1,disco,3,/Users/ashfaquesami/425_project/data/raw_gtzan/genres_original/disco/disco.00014.wav,disco.00014,/Users/ashfaquesami/425_project/data/clips_10s/disco_014_1.wav,10.0,20.0,10.0,1,14,,pending,train
disco_014_2,disco,3,/Users/ashfaquesami/425_project/data/raw_gtzan/genres_original/disco/disco.00014.wav,disco.00014,/Users/ashfaquesami/425_project/data/clips_10s/disco_014_2.wav,20.0,30.0,10.0,2,14,,pending,train
disco_015_0,disco,3,/Users/ashfaquesami/425_project/data/raw_gtzan/genres_original/disco/disco.00015.wav,disco.00015,/Users/ashfaquesami/425_project/data/clips_10s/disco_015_0.wav,0.0,10.0,10.0,0,15,,pending,test
disco_015_1,disco,3,/Users/ashfaquesami/425_project/data/raw_gtzan/genres_original/disco/disco.00015.wav,disco.00015,/Users/ashfaquesami/425_project/data/clips_10s/disco_015_1.wav,10.0,20.0,10.0,1,15,,pending,test
disco_015_2,disco,3,/Users/ashfaquesami/425_project/data/raw_gtzan/genres_original/disco/disco.00015.wav,disco.00015,/Users/ashfaquesami/425_project/data/clips_10s/disco_015_2.wav,20.0,30.0,10.0,2,15,,pending,test
disco_016_0,disco,3,/Users/ashfaquesami/425_project/data/raw_gtzan/genres_original/disco/disco.00016.wav,disco.00016,/Users/ashfaquesami/425_project/data/clips_10s/disco_016_0.wav,0.0,10.0,10.0,0,16,,pending,train
disco_016_1,disco,3,/Users/ashfaquesami/425_project/data/raw_gtzan/genres_original/disco/disco.00016.wav,disco.00016,/Users/ashfaquesami/425_project/data/clips_10s/disco_016_1.wav,10.0,20.0,10.0,1,16,,pending,train
disco_016_2,disco,3,/Users/ashfaquesami/425_project/data/raw_gtzan/genres_original/disco/disco.00016.wav,disco.00016,/Users/ashfaquesami/425_project/data/clips_10s/disco_016_2.wav,20.0,30.0,10.0,2,16,,pending,train
disco_017_0,disco,3,/Users/ashfaquesami/425_project/data/raw_gtzan/genres_original/disco/disco.00017.wav,disco.00017,/Users/ashfaquesami/425_project/data/clips_10s/disco_017_0.wav,0.0,10.0,10.0,0,17,,pending,train
disco_017_1,disco,3,/Users/ashfaquesami/425_project/data/raw_gtzan/genres_original/disco/disco.00017.wav,disco.00017,/Users/ashfaquesami/425_project/data/clips_10s/disco_017_1.wav,10.0,20.0,10.0,1,17,,pending,train
disco_017_2,disco,3,/Users/ashfaquesami/425_project/data/raw_gtzan/genres_original/disco/disco.00017.wav,disco.00017,/Users/ashfaquesami/425_project/data/clips_10s/disco_017_2.wav,20.0,30.0,10.0,2,17,,pending,train
disco_018_0,disco,3,/Users/ashfaquesami/425_project/data/raw_gtzan/genres_original/disco/disco.00018.wav,disco.00018,/Users/ashfaquesami/425_project/data/clips_10s/disco_018_0.wav,0.0,10.0,10.0,0,18,,pending,train
disco_018_1,disco,3,/Users/ashfaquesami/425_project/data/raw_gtzan/genres_original/disco/disco.00018.wav,disco.00018,/Users/ashfaquesami/425_project/data/clips_10s/disco_018_1.wav,10.0,20.0,10.0,1,18,,pending,train
disco_018_2,disco,3,/Users/ashfaquesami/425_project/data/raw_gtzan/genres_original/disco/disco.00018.wav,disco.00018,/Users/ashfaquesami/425_project/data/clips_10s/disco_018_2.wav,20.0,30.0,10.0,2,18,,pending,train
disco_019_0,disco,3,/Users/ashfaquesami/425_project/data/raw_gtzan/genres_original/disco/disco.00019.wav,disco.00019,/Users/ashfaquesami/425_project/data/clips_10s/disco_019_0.wav,0.0,10.0,10.0,0,19,,pending,train
disco_019_1,disco,3,/Users/ashfaquesami/425_project/data/raw_gtzan/genres_original/disco/disco.00019.wav,disco.00019,/Users/ashfaquesami/425_project/data/clips_10s/disco_019_1.wav,10.0,20.0,10.0,1,19,,pending,train
disco_019_2,disco,3,/Users/ashfaquesami/425_project/data/raw_gtzan/genres_original/disco/disco.00019.wav,disco.00019,/Users/ashfaquesami/425_project/data/clips_10s/disco_019_2.wav,20.0,30.0,10.0,2,19,,pending,train
disco_020_0,disco,3,/Users/ashfaquesami/425_project/data/raw_gtzan/genres_original/disco/disco.00020.wav,disco.00020,/Users/ashfaquesami/425_project/data/clips_10s/disco_020_0.wav,0.0,10.0,10.0,0,20,,pending,train
disco_020_1,disco,3,/Users/ashfaquesami/425_project/data/raw_gtzan/genres_original/disco/disco.00020.wav,disco.00020,/Users/ashfaquesami/425_project/data/clips_10s/disco_020_1.wav,10.0,20.0,10.0,1,20,,pending,train
disco_020_2,disco,3,/Users/ashfaquesami/425_project/data/raw_gtzan/genres_original/disco/disco.00020.wav,disco.00020,/Users/ashfaquesami/425_project/data/clips_10s/disco_020_2.wav,20.0,30.0,10.0,2,20,,pending,train
disco_021_0,disco,3,/Users/ashfaquesami/425_project/data/raw_gtzan/genres_original/disco/disco.00021.wav,disco.00021,/Users/ashfaquesami/425_project/data/clips_10s/disco_021_0.wav,0.0,10.0,10.0,0,21,,pending,train
disco_021_1,disco,3,/Users/ashfaquesami/425_project/data/raw_gtzan/genres_original/disco/disco.00021.wav,disco.00021,/Users/ashfaquesami/425_project/data/clips_10s/disco_021_1.wav,10.0,20.0,10.0,1,21,,pending,train
disco_021_2,disco,3,/Users/ashfaquesami/425_project/data/raw_gtzan/genres_original/disco/disco.00021.wav,disco.00021,/Users/ashfaquesami/425_project/data/clips_10s/disco_021_2.wav,20.0,30.0,10.0,2,21,,pending,train
disco_022_0,disco,3,/Users/ashfaquesami/425_project/data/raw_gtzan/genres_original/disco/disco.00022.wav,disco.00022,/Users/ashfaquesami/425_project/data/clips_10s/disco_022_0.wav,0.0,10.0,10.0,0,22,,pending,train
disco_022_1,disco,3,/Users/ashfaquesami/425_project/data/raw_gtzan/genres_original/disco/disco.00022.wav,disco.00022,/Users/ashfaquesami/425_project/data/clips_10s/disco_022_1.wav,10.0,20.0,10.0,1,22,,pending,train
disco_022_2,disco,3,/Users/ashfaquesami/425_project/data/raw_gtzan/genres_original/disco/disco.00022.wav,disco.00022,/Users/ashfaquesami/425_project/data/clips_10s/disco_022_2.wav,20.0,30.0,10.0,2,22,,pending,train
disco_023_0,disco,3,/Users/ashfaquesami/425_project/data/raw_gtzan/genres_original/disco/disco.00023.wav,disco.00023,/Users/ashfaquesami/425_project/data/clips_10s/disco_023_0.wav,0.0,10.0,10.0,0,23,,pending,train
disco_023_1,disco,3,/Users/ashfaquesami/425_project/data/raw_gtzan/genres_original/disco/disco.00023.wav,disco.00023,/Users/ashfaquesami/425_project/data/clips_10s/disco_023_1.wav,10.0,20.0,10.0,1,23,,pending,train
disco_023_2,disco,3,/Users/ashfaquesami/425_project/data/raw_gtzan/genres_original/disco/disco.00023.wav,disco.00023,/Users/ashfaquesami/425_project/data/clips_10s/disco_023_2.wav,20.0,30.0,10.0,2,23,,pending,train
disco_024_0,disco,3,/Users/ashfaquesami/425_project/data/raw_gtzan/genres_original/disco/disco.00024.wav,disco.00024,/Users/ashfaquesami/425_project/data/clips_10s/disco_024_0.wav,0.0,10.0,10.0,0,24,,pending,train
disco_024_1,disco,3,/Users/ashfaquesami/425_project/data/raw_gtzan/genres_original/disco/disco.00024.wav,disco.00024,/Users/ashfaquesami/425_project/data/clips_10s/disco_024_1.wav,10.0,20.0,10.0,1,24,,pending,train
disco_024_2,disco,3,/Users/ashfaquesami/425_project/data/raw_gtzan/genres_original/disco/disco.00024.wav,disco.00024,/Users/ashfaquesami/425_project/data/clips_10s/disco_024_2.wav,20.0,30.0,10.0,2,24,,pending,train
disco_025_0,disco,3,/Users/ashfaquesami/425_project/data/raw_gtzan/genres_original/disco/disco.00025.wav,disco.00025,/Users/ashfaquesami/425_project/data/clips_10s/disco_025_0.wav,0.0,10.0,10.0,0,25,,pending,train
disco_025_1,disco,3,/Users/ashfaquesami/425_project/data/raw_gtzan/genres_original/disco/disco.00025.wav,disco.00025,/Users/ashfaquesami/425_project/data/clips_10s/disco_025_1.wav,10.0,20.0,10.0,1,25,,pending,train
disco_025_2,disco,3,/Users/ashfaquesami/425_project/data/raw_gtzan/genres_original/disco/disco.00025.wav,disco.00025,/Users/ashfaquesami/425_project/data/clips_10s/disco_025_2.wav,20.0,30.0,10.0,2,25,,pending,train
disco_026_0,disco,3,/Users/ashfaquesami/425_project/data/raw_gtzan/genres_original/disco/disco.00026.wav,disco.00026,/Users/ashfaquesami/425_project/data/clips_10s/disco_026_0.wav,0.0,10.0,10.0,0,26,,pending,train
disco_026_1,disco,3,/Users/ashfaquesami/425_project/data/raw_gtzan/genres_original/disco/disco.00026.wav,disco.00026,/Users/ashfaquesami/425_project/data/clips_10s/disco_026_1.wav,10.0,20.0,10.0,1,26,,pending,train
disco_026_2,disco,3,/Users/ashfaquesami/425_project/data/raw_gtzan/genres_original/disco/disco.00026.wav,disco.00026,/Users/ashfaquesami/425_project/data/clips_10s/disco_026_2.wav,20.0,30.0,10.0,2,26,,pending,train
disco_027_0,disco,3,/Users/ashfaquesami/425_project/data/raw_gtzan/genres_original/disco/disco.00027.wav,disco.00027,/Users/ashfaquesami/425_project/data/clips_10s/disco_027_0.wav,0.0,10.0,10.0,0,27,,pending,train
disco_027_1,disco,3,/Users/ashfaquesami/425_project/data/raw_gtzan/genres_original/disco/disco.00027.wav,disco.00027,/Users/ashfaquesami/425_project/data/clips_10s/disco_027_1.wav,10.0,20.0,10.0,1,27,,pending,train
disco_027_2,disco,3,/Users/ashfaquesami/425_project/data/raw_gtzan/genres_original/disco/disco.00027.wav,disco.00027,/Users/ashfaquesami/425_project/data/clips_10s/disco_027_2.wav,20.0,30.0,10.0,2,27,,pending,train
disco_028_0,disco,3,/Users/ashfaquesami/425_project/data/raw_gtzan/genres_original/disco/disco.00028.wav,disco.00028,/Users/ashfaquesami/425_project/data/clips_10s/disco_028_0.wav,0.0,10.0,10.0,0,28,,pending,train
disco_028_1,disco,3,/Users/ashfaquesami/425_project/data/raw_gtzan/genres_original/disco/disco.00028.wav,disco.00028,/Users/ashfaquesami/425_project/data/clips_10s/disco_028_1.wav,10.0,20.0,10.0,1,28,,pending,train
disco_028_2,disco,3,/Users/ashfaquesami/425_project/data/raw_gtzan/genres_original/disco/disco.00028.wav,disco.00028,/Users/ashfaquesami/425_project/data/clips_10s/disco_028_2.wav,20.0,30.0,10.0,2,28,,pending,train
disco_029_0,disco,3,/Users/ashfaquesami/425_project/data/raw_gtzan/genres_original/disco/disco.00029.wav,disco.00029,/Users/ashfaquesami/425_project/data/clips_10s/disco_029_0.wav,0.0,10.0,10.0,0,29,,pending,train
disco_029_1,disco,3,/Users/ashfaquesami/425_project/data/raw_gtzan/genres_original/disco/disco.00029.wav,disco.00029,/Users/ashfaquesami/425_project/data/clips_10s/disco_029_1.wav,10.0,20.0,10.0,1,29,,pending,train
disco_029_2,disco,3,/Users/ashfaquesami/425_project/data/raw_gtzan/genres_original/disco/disco.00029.wav,disco.00029,/Users/ashfaquesami/425_project/data/clips_10s/disco_029_2.wav,20.0,30.0,10.0,2,29,,pending,train
disco_030_0,disco,3,/Users/ashfaquesami/425_project/data/raw_gtzan/genres_original/disco/disco.00030.wav,disco.00030,/Users/ashfaquesami/425_project/data/clips_10s/disco_030_0.wav,0.0,10.0,10.0,0,30,,pending,test
disco_030_1,disco,3,/Users/ashfaquesami/425_project/data/raw_gtzan/genres_original/disco/disco.00030.wav,disco.00030,/Users/ashfaquesami/425_project/data/clips_10s/disco_030_1.wav,10.0,20.0,10.0,1,30,,pending,test
disco_030_2,disco,3,/Users/ashfaquesami/425_project/data/raw_gtzan/genres_original/disco/disco.00030.wav,disco.00030,/Users/ashfaquesami/425_project/data/clips_10s/disco_030_2.wav,20.0,30.0,10.0,2,30,,pending,test
disco_031_0,disco,3,/Users/ashfaquesami/425_project/data/raw_gtzan/genres_original/disco/disco.00031.wav,disco.00031,/Users/ashfaquesami/425_project/data/clips_10s/disco_031_0.wav,0.0,10.0,10.0,0,31,,pending,train
disco_031_1,disco,3,/Users/ashfaquesami/425_project/data/raw_gtzan/genres_original/disco/disco.00031.wav,disco.00031,/Users/ashfaquesami/425_project/data/clips_10s/disco_031_1.wav,10.0,20.0,10.0,1,31,,pending,train
disco_031_2,disco,3,/Users/ashfaquesami/425_project/data/raw_gtzan/genres_original/disco/disco.00031.wav,disco.00031,/Users/ashfaquesami/425_project/data/clips_10s/disco_031_2.wav,20.0,30.0,10.0,2,31,,pending,train
disco_032_0,disco,3,/Users/ashfaquesami/425_project/data/raw_gtzan/genres_original/disco/disco.00032.wav,disco.00032,/Users/ashfaquesami/425_project/data/clips_10s/disco_032_0.wav,0.0,10.0,10.0,0,32,,pending,train
disco_032_1,disco,3,/Users/ashfaquesami/425_project/data/raw_gtzan/genres_original/disco/disco.00032.wav,disco.00032,/Users/ashfaquesami/425_project/data/clips_10s/disco_032_1.wav,10.0,20.0,10.0,1,32,,pending,train
disco_032_2,disco,3,/Users/ashfaquesami/425_project/data/raw_gtzan/genres_original/disco/disco.00032.wav,disco.00032,/Users/ashfaquesami/425_project/data/clips_10s/disco_032_2.wav,20.0,30.0,10.0,2,32,,pending,train
disco_033_0,disco,3,/Users/ashfaquesami/425_project/data/raw_gtzan/genres_original/disco/disco.00033.wav,disco.00033,/Users/ashfaquesami/425_project/data/clips_10s/disco_033_0.wav,0.0,10.0,10.0,0,33,,pending,train
disco_033_1,disco,3,/Users/ashfaquesami/425_project/data/raw_gtzan/genres_original/disco/disco.00033.wav,disco.00033,/Users/ashfaquesami/425_project/data/clips_10s/disco_033_1.wav,10.0,20.0,10.0,1,33,,pending,train
disco_033_2,disco,3,/Users/ashfaquesami/425_project/data/raw_gtzan/genres_original/disco/disco.00033.wav,disco.00033,/Users/ashfaquesami/425_project/data/clips_10s/disco_033_2.wav,20.0,30.0,10.0,2,33,,pending,train
disco_034_0,disco,3,/Users/ashfaquesami/425_project/data/raw_gtzan/genres_original/disco/disco.00034.wav,disco.00034,/Users/ashfaquesami/425_project/data/clips_10s/disco_034_0.wav,0.0,10.0,10.0,0,34,,pending,train
disco_034_1,disco,3,/Users/ashfaquesami/425_project/data/raw_gtzan/genres_original/disco/disco.00034.wav,disco.00034,/Users/ashfaquesami/425_project/data/clips_10s/disco_034_1.wav,10.0,20.0,10.0,1,34,,pending,train
disco_034_2,disco,3,/Users/ashfaquesami/425_project/data/raw_gtzan/genres_original/disco/disco.00034.wav,disco.00034,/Users/ashfaquesami/425_project/data/clips_10s/disco_034_2.wav,20.0,30.0,10.0,2,34,,pending,train
disco_035_0,disco,3,/Users/ashfaquesami/425_project/data/raw_gtzan/genres_original/disco/disco.00035.wav,disco.00035,/Users/ashfaquesami/425_project/data/clips_10s/disco_035_0.wav,0.0,10.0,10.0,0,35,,pending,train
disco_035_1,disco,3,/Users/ashfaquesami/425_project/data/raw_gtzan/genres_original/disco/disco.00035.wav,disco.00035,/Users/ashfaquesami/425_project/data/clips_10s/disco_035_1.wav,10.0,20.0,10.0,1,35,,pending,train
disco_035_2,disco,3,/Users/ashfaquesami/425_project/data/raw_gtzan/genres_original/disco/disco.00035.wav,disco.00035,/Users/ashfaquesami/425_project/data/clips_10s/disco_035_2.wav,20.0,30.0,10.0,2,35,,pending,train
disco_036_0,disco,3,/Users/ashfaquesami/425_project/data/raw_gtzan/genres_original/disco/disco.00036.wav,disco.00036,/Users/ashfaquesami/425_project/data/clips_10s/disco_036_0.wav,0.0,10.0,10.0,0,36,,pending,train
disco_036_1,disco,3,/Users/ashfaquesami/425_project/data/raw_gtzan/genres_original/disco/disco.00036.wav,disco.00036,/Users/ashfaquesami/425_project/data/clips_10s/disco_036_1.wav,10.0,20.0,10.0,1,36,,pending,train
disco_036_2,disco,3,/Users/ashfaquesami/425_project/data/raw_gtzan/genres_original/disco/disco.00036.wav,disco.00036,/Users/ashfaquesami/425_project/data/clips_10s/disco_036_2.wav,20.0,30.0,10.0,2,36,,pending,train
disco_037_0,disco,3,/Users/ashfaquesami/425_project/data/raw_gtzan/genres_original/disco/disco.00037.wav,disco.00037,/Users/ashfaquesami/425_project/data/clips_10s/disco_037_0.wav,0.0,10.0,10.0,0,37,,pending,val
disco_037_1,disco,3,/Users/ashfaquesami/425_project/data/raw_gtzan/genres_original/disco/disco.00037.wav,disco.00037,/Users/ashfaquesami/425_project/data/clips_10s/disco_037_1.wav,10.0,20.0,10.0,1,37,,pending,val
disco_037_2,disco,3,/Users/ashfaquesami/425_project/data/raw_gtzan/genres_original/disco/disco.00037.wav,disco.00037,/Users/ashfaquesami/425_project/data/clips_10s/disco_037_2.wav,20.0,30.0,10.0,2,37,,pending,val
disco_038_0,disco,3,/Users/ashfaquesami/425_project/data/raw_gtzan/genres_original/disco/disco.00038.wav,disco.00038,/Users/ashfaquesami/425_project/data/clips_10s/disco_038_0.wav,0.0,10.0,10.0,0,38,,pending,train
disco_038_1,disco,3,/Users/ashfaquesami/425_project/data/raw_gtzan/genres_original/disco/disco.00038.wav,disco.00038,/Users/ashfaquesami/425_project/data/clips_10s/disco_038_1.wav,10.0,20.0,10.0,1,38,,pending,train
disco_038_2,disco,3,/Users/ashfaquesami/425_project/data/raw_gtzan/genres_original/disco/disco.00038.wav,disco.00038,/Users/ashfaquesami/425_project/data/clips_10s/disco_038_2.wav,20.0,30.0,10.0,2,38,,pending,train
disco_039_0,disco,3,/Users/ashfaquesami/425_project/data/raw_gtzan/genres_original/disco/disco.00039.wav,disco.00039,/Users/ashfaquesami/425_project/data/clips_10s/disco_039_0.wav,0.0,10.0,10.0,0,39,,pending,test
disco_039_1,disco,3,/Users/ashfaquesami/425_project/data/raw_gtzan/genres_original/disco/disco.00039.wav,disco.00039,/Users/ashfaquesami/425_project/data/clips_10s/disco_039_1.wav,10.0,20.0,10.0,1,39,,pending,test
disco_039_2,disco,3,/Users/ashfaquesami/425_project/data/raw_gtzan/genres_original/disco/disco.00039.wav,disco.00039,/Users/ashfaquesami/425_project/data/clips_10s/disco_039_2.wav,20.0,30.0,10.0,2,39,,pending,test
disco_040_0,disco,3,/Users/ashfaquesami/425_project/data/raw_gtzan/genres_original/disco/disco.00040.wav,disco.00040,/Users/ashfaquesami/425_project/data/clips_10s/disco_040_0.wav,0.0,10.0,10.0,0,40,,pending,train
disco_040_1,disco,3,/Users/ashfaquesami/425_project/data/raw_gtzan/genres_original/disco/disco.00040.wav,disco.00040,/Users/ashfaquesami/425_project/data/clips_10s/disco_040_1.wav,10.0,20.0,10.0,1,40,,pending,train
disco_040_2,disco,3,/Users/ashfaquesami/425_project/data/raw_gtzan/genres_original/disco/disco.00040.wav,disco.00040,/Users/ashfaquesami/425_project/data/clips_10s/disco_040_2.wav,20.0,30.0,10.0,2,40,,pending,train
disco_041_0,disco,3,/Users/ashfaquesami/425_project/data/raw_gtzan/genres_original/disco/disco.00041.wav,disco.00041,/Users/ashfaquesami/425_project/data/clips_10s/disco_041_0.wav,0.0,10.0,10.0,0,41,,pending,train
disco_041_1,disco,3,/Users/ashfaquesami/425_project/data/raw_gtzan/genres_original/disco/disco.00041.wav,disco.00041,/Users/ashfaquesami/425_project/data/clips_10s/disco_041_1.wav,10.0,20.0,10.0,1,41,,pending,train
disco_041_2,disco,3,/Users/ashfaquesami/425_project/data/raw_gtzan/genres_original/disco/disco.00041.wav,disco.00041,/Users/ashfaquesami/425_project/data/clips_10s/disco_041_2.wav,20.0,30.0,10.0,2,41,,pending,train
disco_042_0,disco,3,/Users/ashfaquesami/425_project/data/raw_gtzan/genres_original/disco/disco.00042.wav,disco.00042,/Users/ashfaquesami/425_project/data/clips_10s/disco_042_0.wav,0.0,10.0,10.0,0,42,,pending,train
disco_042_1,disco,3,/Users/ashfaquesami/425_project/data/raw_gtzan/genres_original/disco/disco.00042.wav,disco.00042,/Users/ashfaquesami/425_project/data/clips_10s/disco_042_1.wav,10.0,20.0,10.0,1,42,,pending,train
disco_042_2,disco,3,/Users/ashfaquesami/425_project/data/raw_gtzan/genres_original/disco/disco.00042.wav,disco.00042,/Users/ashfaquesami/425_project/data/clips_10s/disco_042_2.wav,20.0,30.0,10.0,2,42,,pending,train
disco_043_0,disco,3,/Users/ashfaquesami/425_project/data/raw_gtzan/genres_original/disco/disco.00043.wav,disco.00043,/Users/ashfaquesami/425_project/data/clips_10s/disco_043_0.wav,0.0,10.0,10.0,0,43,,pending,test
disco_043_1,disco,3,/Users/ashfaquesami/425_project/data/raw_gtzan/genres_original/disco/disco.00043.wav,disco.00043,/Users/ashfaquesami/425_project/data/clips_10s/disco_043_1.wav,10.0,20.0,10.0,1,43,,pending,test
disco_043_2,disco,3,/Users/ashfaquesami/425_project/data/raw_gtzan/genres_original/disco/disco.00043.wav,disco.00043,/Users/ashfaquesami/425_project/data/clips_10s/disco_043_2.wav,20.0,30.0,10.0,2,43,,pending,test
disco_044_0,disco,3,/Users/ashfaquesami/425_project/data/raw_gtzan/genres_original/disco/disco.00044.wav,disco.00044,/Users/ashfaquesami/425_project/data/clips_10s/disco_044_0.wav,0.0,10.0,10.0,0,44,,pending,train
disco_044_1,disco,3,/Users/ashfaquesami/425_project/data/raw_gtzan/genres_original/disco/disco.00044.wav,disco.00044,/Users/ashfaquesami/425_project/data/clips_10s/disco_044_1.wav,10.0,20.0,10.0,1,44,,pending,train
disco_044_2,disco,3,/Users/ashfaquesami/425_project/data/raw_gtzan/genres_original/disco/disco.00044.wav,disco.00044,/Users/ashfaquesami/425_project/data/clips_10s/disco_044_2.wav,20.0,30.0,10.0,2,44,,pending,train
disco_045_0,disco,3,/Users/ashfaquesami/425_project/data/raw_gtzan/genres_original/disco/disco.00045.wav,disco.00045,/Users/ashfaquesami/425_project/data/clips_10s/disco_045_0.wav,0.0,10.0,10.0,0,45,,pending,test
disco_045_1,disco,3,/Users/ashfaquesami/425_project/data/raw_gtzan/genres_original/disco/disco.00045.wav,disco.00045,/Users/ashfaquesami/425_project/data/clips_10s/disco_045_1.wav,10.0,20.0,10.0,1,45,,pending,test
disco_045_2,disco,3,/Users/ashfaquesami/425_project/data/raw_gtzan/genres_original/disco/disco.00045.wav,disco.00045,/Users/ashfaquesami/425_project/data/clips_10s/disco_045_2.wav,20.0,30.0,10.0,2,45,,pending,test
disco_046_0,disco,3,/Users/ashfaquesami/425_project/data/raw_gtzan/genres_original/disco/disco.00046.wav,disco.00046,/Users/ashfaquesami/425_project/data/clips_10s/disco_046_0.wav,0.0,10.0,10.0,0,46,,pending,train
disco_046_1,disco,3,/Users/ashfaquesami/425_project/data/raw_gtzan/genres_original/disco/disco.00046.wav,disco.00046,/Users/ashfaquesami/425_project/data/clips_10s/disco_046_1.wav,10.0,20.0,10.0,1,46,,pending,train
disco_046_2,disco,3,/Users/ashfaquesami/425_project/data/raw_gtzan/genres_original/disco/disco.00046.wav,disco.00046,/Users/ashfaquesami/425_project/data/clips_10s/disco_046_2.wav,20.0,30.0,10.0,2,46,,pending,train
disco_047_0,disco,3,/Users/ashfaquesami/425_project/data/raw_gtzan/genres_original/disco/disco.00047.wav,disco.00047,/Users/ashfaquesami/425_project/data/clips_10s/disco_047_0.wav,0.0,10.0,10.0,0,47,,pending,train
disco_047_1,disco,3,/Users/ashfaquesami/425_project/data/raw_gtzan/genres_original/disco/disco.00047.wav,disco.00047,/Users/ashfaquesami/425_project/data/clips_10s/disco_047_1.wav,10.0,20.0,10.0,1,47,,pending,train
disco_047_2,disco,3,/Users/ashfaquesami/425_project/data/raw_gtzan/genres_original/disco/disco.00047.wav,disco.00047,/Users/ashfaquesami/425_project/data/clips_10s/disco_047_2.wav,20.0,30.0,10.0,2,47,,pending,train
disco_048_0,disco,3,/Users/ashfaquesami/425_project/data/raw_gtzan/genres_original/disco/disco.00048.wav,disco.00048,/Users/ashfaquesami/425_project/data/clips_10s/disco_048_0.wav,0.0,10.0,10.0,0,48,,pending,train
disco_048_1,disco,3,/Users/ashfaquesami/425_project/data/raw_gtzan/genres_original/disco/disco.00048.wav,disco.00048,/Users/ashfaquesami/425_project/data/clips_10s/disco_048_1.wav,10.0,20.0,10.0,1,48,,pending,train
disco_048_2,disco,3,/Users/ashfaquesami/425_project/data/raw_gtzan/genres_original/disco/disco.00048.wav,disco.00048,/Users/ashfaquesami/425_project/data/clips_10s/disco_048_2.wav,20.0,30.0,10.0,2,48,,pending,train
disco_049_0,disco,3,/Users/ashfaquesami/425_project/data/raw_gtzan/genres_original/disco/disco.00049.wav,disco.00049,/Users/ashfaquesami/425_project/data/clips_10s/disco_049_0.wav,0.0,10.0,10.0,0,49,,pending,train
disco_049_1,disco,3,/Users/ashfaquesami/425_project/data/raw_gtzan/genres_original/disco/disco.00049.wav,disco.00049,/Users/ashfaquesami/425_project/data/clips_10s/disco_049_1.wav,10.0,20.0,10.0,1,49,,pending,train
disco_049_2,disco,3,/Users/ashfaquesami/425_project/data/raw_gtzan/genres_original/disco/disco.00049.wav,disco.00049,/Users/ashfaquesami/425_project/data/clips_10s/disco_049_2.wav,20.0,30.0,10.0,2,49,,pending,train
disco_050_0,disco,3,/Users/ashfaquesami/425_project/data/raw_gtzan/genres_original/disco/disco.00050.wav,disco.00050,/Users/ashfaquesami/425_project/data/clips_10s/disco_050_0.wav,0.0,10.0,10.0,0,50,,pending,train
disco_050_1,disco,3,/Users/ashfaquesami/425_project/data/raw_gtzan/genres_original/disco/disco.00050.wav,disco.00050,/Users/ashfaquesami/425_project/data/clips_10s/disco_050_1.wav,10.0,20.0,10.0,1,50,,pending,train
disco_050_2,disco,3,/Users/ashfaquesami/425_project/data/raw_gtzan/genres_original/disco/disco.00050.wav,disco.00050,/Users/ashfaquesami/425_project/data/clips_10s/disco_050_2.wav,20.0,30.0,10.0,2,50,,pending,train
disco_051_0,disco,3,/Users/ashfaquesami/425_project/data/raw_gtzan/genres_original/disco/disco.00051.wav,disco.00051,/Users/ashfaquesami/425_project/data/clips_10s/disco_051_0.wav,0.0,10.0,10.0,0,51,,pending,train
disco_051_1,disco,3,/Users/ashfaquesami/425_project/data/raw_gtzan/genres_original/disco/disco.00051.wav,disco.00051,/Users/ashfaquesami/425_project/data/clips_10s/disco_051_1.wav,10.0,20.0,10.0,1,51,,pending,train
disco_051_2,disco,3,/Users/ashfaquesami/425_project/data/raw_gtzan/genres_original/disco/disco.00051.wav,disco.00051,/Users/ashfaquesami/425_project/data/clips_10s/disco_051_2.wav,20.0,30.0,10.0,2,51,,pending,train
disco_052_0,disco,3,/Users/ashfaquesami/425_project/data/raw_gtzan/genres_original/disco/disco.00052.wav,disco.00052,/Users/ashfaquesami/425_project/data/clips_10s/disco_052_0.wav,0.0,10.0,10.0,0,52,,pending,train
disco_052_1,disco,3,/Users/ashfaquesami/425_project/data/raw_gtzan/genres_original/disco/disco.00052.wav,disco.00052,/Users/ashfaquesami/425_project/data/clips_10s/disco_052_1.wav,10.0,20.0,10.0,1,52,,pending,train
disco_052_2,disco,3,/Users/ashfaquesami/425_project/data/raw_gtzan/genres_original/disco/disco.00052.wav,disco.00052,/Users/ashfaquesami/425_project/data/clips_10s/disco_052_2.wav,20.0,30.0,10.0,2,52,,pending,train
disco_053_0,disco,3,/Users/ashfaquesami/425_project/data/raw_gtzan/genres_original/disco/disco.00053.wav,disco.00053,/Users/ashfaquesami/425_project/data/clips_10s/disco_053_0.wav,0.0,10.0,10.0,0,53,,pending,train
disco_053_1,disco,3,/Users/ashfaquesami/425_project/data/raw_gtzan/genres_original/disco/disco.00053.wav,disco.00053,/Users/ashfaquesami/425_project/data/clips_10s/disco_053_1.wav,10.0,20.0,10.0,1,53,,pending,train
disco_053_2,disco,3,/Users/ashfaquesami/425_project/data/raw_gtzan/genres_original/disco/disco.00053.wav,disco.00053,/Users/ashfaquesami/425_project/data/clips_10s/disco_053_2.wav,20.0,30.0,10.0,2,53,,pending,train
disco_054_0,disco,3,/Users/ashfaquesami/425_project/data/raw_gtzan/genres_original/disco/disco.00054.wav,disco.00054,/Users/ashfaquesami/425_project/data/clips_10s/disco_054_0.wav,0.0,10.0,10.0,0,54,,pending,train
disco_054_1,disco,3,/Users/ashfaquesami/425_project/data/raw_gtzan/genres_original/disco/disco.00054.wav,disco.00054,/Users/ashfaquesami/425_project/data/clips_10s/disco_054_1.wav,10.0,20.0,10.0,1,54,,pending,train
disco_054_2,disco,3,/Users/ashfaquesami/425_project/data/raw_gtzan/genres_original/disco/disco.00054.wav,disco.00054,/Users/ashfaquesami/425_project/data/clips_10s/disco_054_2.wav,20.0,30.0,10.0,2,54,,pending,train
disco_055_0,disco,3,/Users/ashfaquesami/425_project/data/raw_gtzan/genres_original/disco/disco.00055.wav,disco.00055,/Users/ashfaquesami/425_project/data/clips_10s/disco_055_0.wav,0.0,10.0,10.0,0,55,,pending,train
disco_055_1,disco,3,/Users/ashfaquesami/425_project/data/raw_gtzan/genres_original/disco/disco.00055.wav,disco.00055,/Users/ashfaquesami/425_project/data/clips_10s/disco_055_1.wav,10.0,20.0,10.0,1,55,,pending,train
disco_055_2,disco,3,/Users/ashfaquesami/425_project/data/raw_gtzan/genres_original/disco/disco.00055.wav,disco.00055,/Users/ashfaquesami/425_project/data/clips_10s/disco_055_2.wav,20.0,30.0,10.0,2,55,,pending,train
disco_056_0,disco,3,/Users/ashfaquesami/425_project/data/raw_gtzan/genres_original/disco/disco.00056.wav,disco.00056,/Users/ashfaquesami/425_project/data/clips_10s/disco_056_0.wav,0.0,10.0,10.0,0,56,,pending,train
disco_056_1,disco,3,/Users/ashfaquesami/425_project/data/raw_gtzan/genres_original/disco/disco.00056.wav,disco.00056,/Users/ashfaquesami/425_project/data/clips_10s/disco_056_1.wav,10.0,20.0,10.0,1,56,,pending,train
disco_056_2,disco,3,/Users/ashfaquesami/425_project/data/raw_gtzan/genres_original/disco/disco.00056.wav,disco.00056,/Users/ashfaquesami/425_project/data/clips_10s/disco_056_2.wav,20.0,30.0,10.0,2,56,,pending,train
disco_057_0,disco,3,/Users/ashfaquesami/425_project/data/raw_gtzan/genres_original/disco/disco.00057.wav,disco.00057,/Users/ashfaquesami/425_project/data/clips_10s/disco_057_0.wav,0.0,10.0,10.0,0,57,,pending,train
disco_057_1,disco,3,/Users/ashfaquesami/425_project/data/raw_gtzan/genres_original/disco/disco.00057.wav,disco.00057,/Users/ashfaquesami/425_project/data/clips_10s/disco_057_1.wav,10.0,20.0,10.0,1,57,,pending,train
disco_057_2,disco,3,/Users/ashfaquesami/425_project/data/raw_gtzan/genres_original/disco/disco.00057.wav,disco.00057,/Users/ashfaquesami/425_project/data/clips_10s/disco_057_2.wav,20.0,30.0,10.0,2,57,,pending,train
disco_058_0,disco,3,/Users/ashfaquesami/425_project/data/raw_gtzan/genres_original/disco/disco.00058.wav,disco.00058,/Users/ashfaquesami/425_project/data/clips_10s/disco_058_0.wav,0.0,10.0,10.0,0,58,,pending,train
disco_058_1,disco,3,/Users/ashfaquesami/425_project/data/raw_gtzan/genres_original/disco/disco.00058.wav,disco.00058,/Users/ashfaquesami/425_project/data/clips_10s/disco_058_1.wav,10.0,20.0,10.0,1,58,,pending,train
disco_058_2,disco,3,/Users/ashfaquesami/425_project/data/raw_gtzan/genres_original/disco/disco.00058.wav,disco.00058,/Users/ashfaquesami/425_project/data/clips_10s/disco_058_2.wav,20.0,30.0,10.0,2,58,,pending,train
disco_059_0,disco,3,/Users/ashfaquesami/425_project/data/raw_gtzan/genres_original/disco/disco.00059.wav,disco.00059,/Users/ashfaquesami/425_project/data/clips_10s/disco_059_0.wav,0.0,10.0,10.0,0,59,,pending,train
disco_059_1,disco,3,/Users/ashfaquesami/425_project/data/raw_gtzan/genres_original/disco/disco.00059.wav,disco.00059,/Users/ashfaquesami/425_project/data/clips_10s/disco_059_1.wav,10.0,20.0,10.0,1,59,,pending,train
disco_059_2,disco,3,/Users/ashfaquesami/425_project/data/raw_gtzan/genres_original/disco/disco.00059.wav,disco.00059,/Users/ashfaquesami/425_project/data/clips_10s/disco_059_2.wav,20.0,30.0,10.0,2,59,,pending,train
disco_060_0,disco,3,/Users/ashfaquesami/425_project/data/raw_gtzan/genres_original/disco/disco.00060.wav,disco.00060,/Users/ashfaquesami/425_project/data/clips_10s/disco_060_0.wav,0.0,10.0,10.0,0,60,,pending,train
disco_060_1,disco,3,/Users/ashfaquesami/425_project/data/raw_gtzan/genres_original/disco/disco.00060.wav,disco.00060,/Users/ashfaquesami/425_project/data/clips_10s/disco_060_1.wav,10.0,20.0,10.0,1,60,,pending,train
disco_060_2,disco,3,/Users/ashfaquesami/425_project/data/raw_gtzan/genres_original/disco/disco.00060.wav,disco.00060,/Users/ashfaquesami/425_project/data/clips_10s/disco_060_2.wav,20.0,30.0,10.0,2,60,,pending,train
disco_061_0,disco,3,/Users/ashfaquesami/425_project/data/raw_gtzan/genres_original/disco/disco.00061.wav,disco.00061,/Users/ashfaquesami/425_project/data/clips_10s/disco_061_0.wav,0.0,10.0,10.0,0,61,,pending,train
disco_061_1,disco,3,/Users/ashfaquesami/425_project/data/raw_gtzan/genres_original/disco/disco.00061.wav,disco.00061,/Users/ashfaquesami/425_project/data/clips_10s/disco_061_1.wav,10.0,20.0,10.0,1,61,,pending,train
disco_061_2,disco,3,/Users/ashfaquesami/425_project/data/raw_gtzan/genres_original/disco/disco.00061.wav,disco.00061,/Users/ashfaquesami/425_project/data/clips_10s/disco_061_2.wav,20.0,30.0,10.0,2,61,,pending,train
disco_062_0,disco,3,/Users/ashfaquesami/425_project/data/raw_gtzan/genres_original/disco/disco.00062.wav,disco.00062,/Users/ashfaquesami/425_project/data/clips_10s/disco_062_0.wav,0.0,10.0,10.0,0,62,,pending,train
disco_062_1,disco,3,/Users/ashfaquesami/425_project/data/raw_gtzan/genres_original/disco/disco.00062.wav,disco.00062,/Users/ashfaquesami/425_project/data/clips_10s/disco_062_1.wav,10.0,20.0,10.0,1,62,,pending,train
disco_062_2,disco,3,/Users/ashfaquesami/425_project/data/raw_gtzan/genres_original/disco/disco.00062.wav,disco.00062,/Users/ashfaquesami/425_project/data/clips_10s/disco_062_2.wav,20.0,30.0,10.0,2,62,,pending,train
disco_063_0,disco,3,/Users/ashfaquesami/425_project/data/raw_gtzan/genres_original/disco/disco.00063.wav,disco.00063,/Users/ashfaquesami/425_project/data/clips_10s/disco_063_0.wav,0.0,10.0,10.0,0,63,,pending,train
disco_063_1,disco,3,/Users/ashfaquesami/425_project/data/raw_gtzan/genres_original/disco/disco.00063.wav,disco.00063,/Users/ashfaquesami/425_project/data/clips_10s/disco_063_1.wav,10.0,20.0,10.0,1,63,,pending,train
disco_063_2,disco,3,/Users/ashfaquesami/425_project/data/raw_gtzan/genres_original/disco/disco.00063.wav,disco.00063,/Users/ashfaquesami/425_project/data/clips_10s/disco_063_2.wav,20.0,30.0,10.0,2,63,,pending,train
disco_064_0,disco,3,/Users/ashfaquesami/425_project/data/raw_gtzan/genres_original/disco/disco.00064.wav,disco.00064,/Users/ashfaquesami/425_project/data/clips_10s/disco_064_0.wav,0.0,10.0,10.0,0,64,,pending,train
disco_064_1,disco,3,/Users/ashfaquesami/425_project/data/raw_gtzan/genres_original/disco/disco.00064.wav,disco.00064,/Users/ashfaquesami/425_project/data/clips_10s/disco_064_1.wav,10.0,20.0,10.0,1,64,,pending,train
disco_064_2,disco,3,/Users/ashfaquesami/425_project/data/raw_gtzan/genres_original/disco/disco.00064.wav,disco.00064,/Users/ashfaquesami/425_project/data/clips_10s/disco_064_2.wav,20.0,30.0,10.0,2,64,,pending,train
disco_065_0,disco,3,/Users/ashfaquesami/425_project/data/raw_gtzan/genres_original/disco/disco.00065.wav,disco.00065,/Users/ashfaquesami/425_project/data/clips_10s/disco_065_0.wav,0.0,10.0,10.0,0,65,,pending,train
disco_065_1,disco,3,/Users/ashfaquesami/425_project/data/raw_gtzan/genres_original/disco/disco.00065.wav,disco.00065,/Users/ashfaquesami/425_project/data/clips_10s/disco_065_1.wav,10.0,20.0,10.0,1,65,,pending,train
disco_065_2,disco,3,/Users/ashfaquesami/425_project/data/raw_gtzan/genres_original/disco/disco.00065.wav,disco.00065,/Users/ashfaquesami/425_project/data/clips_10s/disco_065_2.wav,20.0,30.0,10.0,2,65,,pending,train
disco_066_0,disco,3,/Users/ashfaquesami/425_project/data/raw_gtzan/genres_original/disco/disco.00066.wav,disco.00066,/Users/ashfaquesami/425_project/data/clips_10s/disco_066_0.wav,0.0,10.0,10.0,0,66,,pending,test
disco_066_1,disco,3,/Users/ashfaquesami/425_project/data/raw_gtzan/genres_original/disco/disco.00066.wav,disco.00066,/Users/ashfaquesami/425_project/data/clips_10s/disco_066_1.wav,10.0,20.0,10.0,1,66,,pending,test
disco_066_2,disco,3,/Users/ashfaquesami/425_project/data/raw_gtzan/genres_original/disco/disco.00066.wav,disco.00066,/Users/ashfaquesami/425_project/data/clips_10s/disco_066_2.wav,20.0,30.0,10.0,2,66,,pending,test
disco_067_0,disco,3,/Users/ashfaquesami/425_project/data/raw_gtzan/genres_original/disco/disco.00067.wav,disco.00067,/Users/ashfaquesami/425_project/data/clips_10s/disco_067_0.wav,0.0,10.0,10.0,0,67,,pending,train
disco_067_1,disco,3,/Users/ashfaquesami/425_project/data/raw_gtzan/genres_original/disco/disco.00067.wav,disco.00067,/Users/ashfaquesami/425_project/data/clips_10s/disco_067_1.wav,10.0,20.0,10.0,1,67,,pending,train
disco_067_2,disco,3,/Users/ashfaquesami/425_project/data/raw_gtzan/genres_original/disco/disco.00067.wav,disco.00067,/Users/ashfaquesami/425_project/data/clips_10s/disco_067_2.wav,20.0,30.0,10.0,2,67,,pending,train
disco_068_0,disco,3,/Users/ashfaquesami/425_project/data/raw_gtzan/genres_original/disco/disco.00068.wav,disco.00068,/Users/ashfaquesami/425_project/data/clips_10s/disco_068_0.wav,0.0,10.0,10.0,0,68,,pending,train
disco_068_1,disco,3,/Users/ashfaquesami/425_project/data/raw_gtzan/genres_original/disco/disco.00068.wav,disco.00068,/Users/ashfaquesami/425_project/data/clips_10s/disco_068_1.wav,10.0,20.0,10.0,1,68,,pending,train
disco_068_2,disco,3,/Users/ashfaquesami/425_project/data/raw_gtzan/genres_original/disco/disco.00068.wav,disco.00068,/Users/ashfaquesami/425_project/data/clips_10s/disco_068_2.wav,20.0,30.0,10.0,2,68,,pending,train
disco_069_0,disco,3,/Users/ashfaquesami/425_project/data/raw_gtzan/genres_original/disco/disco.00069.wav,disco.00069,/Users/ashfaquesami/425_project/data/clips_10s/disco_069_0.wav,0.0,10.0,10.0,0,69,,pending,train
disco_069_1,disco,3,/Users/ashfaquesami/425_project/data/raw_gtzan/genres_original/disco/disco.00069.wav,disco.00069,/Users/ashfaquesami/425_project/data/clips_10s/disco_069_1.wav,10.0,20.0,10.0,1,69,,pending,train
disco_069_2,disco,3,/Users/ashfaquesami/425_project/data/raw_gtzan/genres_original/disco/disco.00069.wav,disco.00069,/Users/ashfaquesami/425_project/data/clips_10s/disco_069_2.wav,20.0,30.0,10.0,2,69,,pending,train
disco_070_0,disco,3,/Users/ashfaquesami/425_project/data/raw_gtzan/genres_original/disco/disco.00070.wav,disco.00070,/Users/ashfaquesami/425_project/data/clips_10s/disco_070_0.wav,0.0,10.0,10.0,0,70,,pending,train
disco_070_1,disco,3,/Users/ashfaquesami/425_project/data/raw_gtzan/genres_original/disco/disco.00070.wav,disco.00070,/Users/ashfaquesami/425_project/data/clips_10s/disco_070_1.wav,10.0,20.0,10.0,1,70,,pending,train
disco_070_2,disco,3,/Users/ashfaquesami/425_project/data/raw_gtzan/genres_original/disco/disco.00070.wav,disco.00070,/Users/ashfaquesami/425_project/data/clips_10s/disco_070_2.wav,20.0,30.0,10.0,2,70,,pending,train
disco_071_0,disco,3,/Users/ashfaquesami/425_project/data/raw_gtzan/genres_original/disco/disco.00071.wav,disco.00071,/Users/ashfaquesami/425_project/data/clips_10s/disco_071_0.wav,0.0,10.0,10.0,0,71,,pending,train
disco_071_1,disco,3,/Users/ashfaquesami/425_project/data/raw_gtzan/genres_original/disco/disco.00071.wav,disco.00071,/Users/ashfaquesami/425_project/data/clips_10s/disco_071_1.wav,10.0,20.0,10.0,1,71,,pending,train
disco_071_2,disco,3,/Users/ashfaquesami/425_project/data/raw_gtzan/genres_original/disco/disco.00071.wav,disco.00071,/Users/ashfaquesami/425_project/data/clips_10s/disco_071_2.wav,20.0,30.0,10.0,2,71,,pending,train
disco_072_0,disco,3,/Users/ashfaquesami/425_project/data/raw_gtzan/genres_original/disco/disco.00072.wav,disco.00072,/Users/ashfaquesami/425_project/data/clips_10s/disco_072_0.wav,0.0,10.0,10.0,0,72,,pending,test
disco_072_1,disco,3,/Users/ashfaquesami/425_project/data/raw_gtzan/genres_original/disco/disco.00072.wav,disco.00072,/Users/ashfaquesami/425_project/data/clips_10s/disco_072_1.wav,10.0,20.0,10.0,1,72,,pending,test
disco_072_2,disco,3,/Users/ashfaquesami/425_project/data/raw_gtzan/genres_original/disco/disco.00072.wav,disco.00072,/Users/ashfaquesami/425_project/data/clips_10s/disco_072_2.wav,20.0,30.0,10.0,2,72,,pending,test
disco_073_0,disco,3,/Users/ashfaquesami/425_project/data/raw_gtzan/genres_original/disco/disco.00073.wav,disco.00073,/Users/ashfaquesami/425_project/data/clips_10s/disco_073_0.wav,0.0,10.0,10.0,0,73,,pending,train
disco_073_1,disco,3,/Users/ashfaquesami/425_project/data/raw_gtzan/genres_original/disco/disco.00073.wav,disco.00073,/Users/ashfaquesami/425_project/data/clips_10s/disco_073_1.wav,10.0,20.0,10.0,1,73,,pending,train
disco_073_2,disco,3,/Users/ashfaquesami/425_project/data/raw_gtzan/genres_original/disco/disco.00073.wav,disco.00073,/Users/ashfaquesami/425_project/data/clips_10s/disco_073_2.wav,20.0,30.0,10.0,2,73,,pending,train
disco_074_0,disco,3,/Users/ashfaquesami/425_project/data/raw_gtzan/genres_original/disco/disco.00074.wav,disco.00074,/Users/ashfaquesami/425_project/data/clips_10s/disco_074_0.wav,0.0,10.0,10.0,0,74,,pending,train
disco_074_1,disco,3,/Users/ashfaquesami/425_project/data/raw_gtzan/genres_original/disco/disco.00074.wav,disco.00074,/Users/ashfaquesami/425_project/data/clips_10s/disco_074_1.wav,10.0,20.0,10.0,1,74,,pending,train
disco_074_2,disco,3,/Users/ashfaquesami/425_project/data/raw_gtzan/genres_original/disco/disco.00074.wav,disco.00074,/Users/ashfaquesami/425_project/data/clips_10s/disco_074_2.wav,20.0,30.0,10.0,2,74,,pending,train
disco_075_0,disco,3,/Users/ashfaquesami/425_project/data/raw_gtzan/genres_original/disco/disco.00075.wav,disco.00075,/Users/ashfaquesami/425_project/data/clips_10s/disco_075_0.wav,0.0,10.0,10.0,0,75,,pending,train
disco_075_1,disco,3,/Users/ashfaquesami/425_project/data/raw_gtzan/genres_original/disco/disco.00075.wav,disco.00075,/Users/ashfaquesami/425_project/data/clips_10s/disco_075_1.wav,10.0,20.0,10.0,1,75,,pending,train
disco_075_2,disco,3,/Users/ashfaquesami/425_project/data/raw_gtzan/genres_original/disco/disco.00075.wav,disco.00075,/Users/ashfaquesami/425_project/data/clips_10s/disco_075_2.wav,20.0,30.0,10.0,2,75,,pending,train
disco_076_0,disco,3,/Users/ashfaquesami/425_project/data/raw_gtzan/genres_original/disco/disco.00076.wav,disco.00076,/Users/ashfaquesami/425_project/data/clips_10s/disco_076_0.wav,0.0,10.0,10.0,0,76,,pending,train
disco_076_1,disco,3,/Users/ashfaquesami/425_project/data/raw_gtzan/genres_original/disco/disco.00076.wav,disco.00076,/Users/ashfaquesami/425_project/data/clips_10s/disco_076_1.wav,10.0,20.0,10.0,1,76,,pending,train
disco_076_2,disco,3,/Users/ashfaquesami/425_project/data/raw_gtzan/genres_original/disco/disco.00076.wav,disco.00076,/Users/ashfaquesami/425_project/data/clips_10s/disco_076_2.wav,20.0,30.0,10.0,2,76,,pending,train
disco_077_0,disco,3,/Users/ashfaquesami/425_project/data/raw_gtzan/genres_original/disco/disco.00077.wav,disco.00077,/Users/ashfaquesami/425_project/data/clips_10s/disco_077_0.wav,0.0,10.0,10.0,0,77,,pending,train
disco_077_1,disco,3,/Users/ashfaquesami/425_project/data/raw_gtzan/genres_original/disco/disco.00077.wav,disco.00077,/Users/ashfaquesami/425_project/data/clips_10s/disco_077_1.wav,10.0,20.0,10.0,1,77,,pending,train
disco_077_2,disco,3,/Users/ashfaquesami/425_project/data/raw_gtzan/genres_original/disco/disco.00077.wav,disco.00077,/Users/ashfaquesami/425_project/data/clips_10s/disco_077_2.wav,20.0,30.0,10.0,2,77,,pending,train
disco_078_0,disco,3,/Users/ashfaquesami/425_project/data/raw_gtzan/genres_original/disco/disco.00078.wav,disco.00078,/Users/ashfaquesami/425_project/data/clips_10s/disco_078_0.wav,0.0,10.0,10.0,0,78,,pending,val
disco_078_1,disco,3,/Users/ashfaquesami/425_project/data/raw_gtzan/genres_original/disco/disco.00078.wav,disco.00078,/Users/ashfaquesami/425_project/data/clips_10s/disco_078_1.wav,10.0,20.0,10.0,1,78,,pending,val
disco_078_2,disco,3,/Users/ashfaquesami/425_project/data/raw_gtzan/genres_original/disco/disco.00078.wav,disco.00078,/Users/ashfaquesami/425_project/data/clips_10s/disco_078_2.wav,20.0,30.0,10.0,2,78,,pending,val
disco_079_0,disco,3,/Users/ashfaquesami/425_project/data/raw_gtzan/genres_original/disco/disco.00079.wav,disco.00079,/Users/ashfaquesami/425_project/data/clips_10s/disco_079_0.wav,0.0,10.0,10.0,0,79,,pending,val
disco_079_1,disco,3,/Users/ashfaquesami/425_project/data/raw_gtzan/genres_original/disco/disco.00079.wav,disco.00079,/Users/ashfaquesami/425_project/data/clips_10s/disco_079_1.wav,10.0,20.0,10.0,1,79,,pending,val
disco_079_2,disco,3,/Users/ashfaquesami/425_project/data/raw_gtzan/genres_original/disco/disco.00079.wav,disco.00079,/Users/ashfaquesami/425_project/data/clips_10s/disco_079_2.wav,20.0,30.0,10.0,2,79,,pending,val
disco_080_0,disco,3,/Users/ashfaquesami/425_project/data/raw_gtzan/genres_original/disco/disco.00080.wav,disco.00080,/Users/ashfaquesami/425_project/data/clips_10s/disco_080_0.wav,0.0,10.0,10.0,0,80,,pending,train
disco_080_1,disco,3,/Users/ashfaquesami/425_project/data/raw_gtzan/genres_original/disco/disco.00080.wav,disco.00080,/Users/ashfaquesami/425_project/data/clips_10s/disco_080_1.wav,10.0,20.0,10.0,1,80,,pending,train
disco_080_2,disco,3,/Users/ashfaquesami/425_project/data/raw_gtzan/genres_original/disco/disco.00080.wav,disco.00080,/Users/ashfaquesami/425_project/data/clips_10s/disco_080_2.wav,20.0,30.0,10.0,2,80,,pending,train
disco_081_0,disco,3,/Users/ashfaquesami/425_project/data/raw_gtzan/genres_original/disco/disco.00081.wav,disco.00081,/Users/ashfaquesami/425_project/data/clips_10s/disco_081_0.wav,0.0,10.0,10.0,0,81,,pending,train
disco_081_1,disco,3,/Users/ashfaquesami/425_project/data/raw_gtzan/genres_original/disco/disco.00081.wav,disco.00081,/Users/ashfaquesami/425_project/data/clips_10s/disco_081_1.wav,10.0,20.0,10.0,1,81,,pending,train
disco_081_2,disco,3,/Users/ashfaquesami/425_project/data/raw_gtzan/genres_original/disco/disco.00081.wav,disco.00081,/Users/ashfaquesami/425_project/data/clips_10s/disco_081_2.wav,20.0,30.0,10.0,2,81,,pending,train
disco_082_0,disco,3,/Users/ashfaquesami/425_project/data/raw_gtzan/genres_original/disco/disco.00082.wav,disco.00082,/Users/ashfaquesami/425_project/data/clips_10s/disco_082_0.wav,0.0,10.0,10.0,0,82,,pending,train
disco_082_1,disco,3,/Users/ashfaquesami/425_project/data/raw_gtzan/genres_original/disco/disco.00082.wav,disco.00082,/Users/ashfaquesami/425_project/data/clips_10s/disco_082_1.wav,10.0,20.0,10.0,1,82,,pending,train
disco_082_2,disco,3,/Users/ashfaquesami/425_project/data/raw_gtzan/genres_original/disco/disco.00082.wav,disco.00082,/Users/ashfaquesami/425_project/data/clips_10s/disco_082_2.wav,20.0,30.0,10.0,2,82,,pending,train
disco_083_0,disco,3,/Users/ashfaquesami/425_project/data/raw_gtzan/genres_original/disco/disco.00083.wav,disco.00083,/Users/ashfaquesami/425_project/data/clips_10s/disco_083_0.wav,0.0,10.0,10.0,0,83,,pending,train
disco_083_1,disco,3,/Users/ashfaquesami/425_project/data/raw_gtzan/genres_original/disco/disco.00083.wav,disco.00083,/Users/ashfaquesami/425_project/data/clips_10s/disco_083_1.wav,10.0,20.0,10.0,1,83,,pending,train
disco_083_2,disco,3,/Users/ashfaquesami/425_project/data/raw_gtzan/genres_original/disco/disco.00083.wav,disco.00083,/Users/ashfaquesami/425_project/data/clips_10s/disco_083_2.wav,20.0,30.0,10.0,2,83,,pending,train
disco_084_0,disco,3,/Users/ashfaquesami/425_project/data/raw_gtzan/genres_original/disco/disco.00084.wav,disco.00084,/Users/ashfaquesami/425_project/data/clips_10s/disco_084_0.wav,0.0,10.0,10.0,0,84,,pending,train
disco_084_1,disco,3,/Users/ashfaquesami/425_project/data/raw_gtzan/genres_original/disco/disco.00084.wav,disco.00084,/Users/ashfaquesami/425_project/data/clips_10s/disco_084_1.wav,10.0,20.0,10.0,1,84,,pending,train
disco_084_2,disco,3,/Users/ashfaquesami/425_project/data/raw_gtzan/genres_original/disco/disco.00084.wav,disco.00084,/Users/ashfaquesami/425_project/data/clips_10s/disco_084_2.wav,20.0,30.0,10.0,2,84,,pending,train
disco_085_0,disco,3,/Users/ashfaquesami/425_project/data/raw_gtzan/genres_original/disco/disco.00085.wav,disco.00085,/Users/ashfaquesami/425_project/data/clips_10s/disco_085_0.wav,0.0,10.0,10.0,0,85,,pending,test
disco_085_1,disco,3,/Users/ashfaquesami/425_project/data/raw_gtzan/genres_original/disco/disco.00085.wav,disco.00085,/Users/ashfaquesami/425_project/data/clips_10s/disco_085_1.wav,10.0,20.0,10.0,1,85,,pending,test
disco_085_2,disco,3,/Users/ashfaquesami/425_project/data/raw_gtzan/genres_original/disco/disco.00085.wav,disco.00085,/Users/ashfaquesami/425_project/data/clips_10s/disco_085_2.wav,20.0,30.0,10.0,2,85,,pending,test
disco_086_0,disco,3,/Users/ashfaquesami/425_project/data/raw_gtzan/genres_original/disco/disco.00086.wav,disco.00086,/Users/ashfaquesami/425_project/data/clips_10s/disco_086_0.wav,0.0,10.0,10.0,0,86,,pending,train
disco_086_1,disco,3,/Users/ashfaquesami/425_project/data/raw_gtzan/genres_original/disco/disco.00086.wav,disco.00086,/Users/ashfaquesami/425_project/data/clips_10s/disco_086_1.wav,10.0,20.0,10.0,1,86,,pending,train
disco_086_2,disco,3,/Users/ashfaquesami/425_project/data/raw_gtzan/genres_original/disco/disco.00086.wav,disco.00086,/Users/ashfaquesami/425_project/data/clips_10s/disco_086_2.wav,20.0,30.0,10.0,2,86,,pending,train
disco_087_0,disco,3,/Users/ashfaquesami/425_project/data/raw_gtzan/genres_original/disco/disco.00087.wav,disco.00087,/Users/ashfaquesami/425_project/data/clips_10s/disco_087_0.wav,0.0,10.0,10.0,0,87,,pending,test
disco_087_1,disco,3,/Users/ashfaquesami/425_project/data/raw_gtzan/genres_original/disco/disco.00087.wav,disco.00087,/Users/ashfaquesami/425_project/data/clips_10s/disco_087_1.wav,10.0,20.0,10.0,1,87,,pending,test
disco_087_2,disco,3,/Users/ashfaquesami/425_project/data/raw_gtzan/genres_original/disco/disco.00087.wav,disco.00087,/Users/ashfaquesami/425_project/data/clips_10s/disco_087_2.wav,20.0,30.0,10.0,2,87,,pending,test
disco_088_0,disco,3,/Users/ashfaquesami/425_project/data/raw_gtzan/genres_original/disco/disco.00088.wav,disco.00088,/Users/ashfaquesami/425_project/data/clips_10s/disco_088_0.wav,0.0,10.0,10.0,0,88,,pending,train
disco_088_1,disco,3,/Users/ashfaquesami/425_project/data/raw_gtzan/genres_original/disco/disco.00088.wav,disco.00088,/Users/ashfaquesami/425_project/data/clips_10s/disco_088_1.wav,10.0,20.0,10.0,1,88,,pending,train
disco_088_2,disco,3,/Users/ashfaquesami/425_project/data/raw_gtzan/genres_original/disco/disco.00088.wav,disco.00088,/Users/ashfaquesami/425_project/data/clips_10s/disco_088_2.wav,20.0,30.0,10.0,2,88,,pending,train
disco_089_0,disco,3,/Users/ashfaquesami/425_project/data/raw_gtzan/genres_original/disco/disco.00089.wav,disco.00089,/Users/ashfaquesami/425_project/data/clips_10s/disco_089_0.wav,0.0,10.0,10.0,0,89,,pending,test
disco_089_1,disco,3,/Users/ashfaquesami/425_project/data/raw_gtzan/genres_original/disco/disco.00089.wav,disco.00089,/Users/ashfaquesami/425_project/data/clips_10s/disco_089_1.wav,10.0,20.0,10.0,1,89,,pending,test
disco_089_2,disco,3,/Users/ashfaquesami/425_project/data/raw_gtzan/genres_original/disco/disco.00089.wav,disco.00089,/Users/ashfaquesami/425_project/data/clips_10s/disco_089_2.wav,20.0,30.0,10.0,2,89,,pending,test
disco_090_0,disco,3,/Users/ashfaquesami/425_project/data/raw_gtzan/genres_original/disco/disco.00090.wav,disco.00090,/Users/ashfaquesami/425_project/data/clips_10s/disco_090_0.wav,0.0,10.0,10.0,0,90,,pending,train
disco_090_1,disco,3,/Users/ashfaquesami/425_project/data/raw_gtzan/genres_original/disco/disco.00090.wav,disco.00090,/Users/ashfaquesami/425_project/data/clips_10s/disco_090_1.wav,10.0,20.0,10.0,1,90,,pending,train
disco_090_2,disco,3,/Users/ashfaquesami/425_project/data/raw_gtzan/genres_original/disco/disco.00090.wav,disco.00090,/Users/ashfaquesami/425_project/data/clips_10s/disco_090_2.wav,20.0,30.0,10.0,2,90,,pending,train
disco_091_0,disco,3,/Users/ashfaquesami/425_project/data/raw_gtzan/genres_original/disco/disco.00091.wav,disco.00091,/Users/ashfaquesami/425_project/data/clips_10s/disco_091_0.wav,0.0,10.0,10.0,0,91,,pending,val
disco_091_1,disco,3,/Users/ashfaquesami/425_project/data/raw_gtzan/genres_original/disco/disco.00091.wav,disco.00091,/Users/ashfaquesami/425_project/data/clips_10s/disco_091_1.wav,10.0,20.0,10.0,1,91,,pending,val
disco_091_2,disco,3,/Users/ashfaquesami/425_project/data/raw_gtzan/genres_original/disco/disco.00091.wav,disco.00091,/Users/ashfaquesami/425_project/data/clips_10s/disco_091_2.wav,20.0,30.0,10.0,2,91,,pending,val
disco_092_0,disco,3,/Users/ashfaquesami/425_project/data/raw_gtzan/genres_original/disco/disco.00092.wav,disco.00092,/Users/ashfaquesami/425_project/data/clips_10s/disco_092_0.wav,0.0,10.0,10.0,0,92,,pending,val
disco_092_1,disco,3,/Users/ashfaquesami/425_project/data/raw_gtzan/genres_original/disco/disco.00092.wav,disco.00092,/Users/ashfaquesami/425_project/data/clips_10s/disco_092_1.wav,10.0,20.0,10.0,1,92,,pending,val
disco_092_2,disco,3,/Users/ashfaquesami/425_project/data/raw_gtzan/genres_original/disco/disco.00092.wav,disco.00092,/Users/ashfaquesami/425_project/data/clips_10s/disco_092_2.wav,20.0,30.0,10.0,2,92,,pending,val
disco_093_0,disco,3,/Users/ashfaquesami/425_project/data/raw_gtzan/genres_original/disco/disco.00093.wav,disco.00093,/Users/ashfaquesami/425_project/data/clips_10s/disco_093_0.wav,0.0,10.0,10.0,0,93,,pending,train
disco_093_1,disco,3,/Users/ashfaquesami/425_project/data/raw_gtzan/genres_original/disco/disco.00093.wav,disco.00093,/Users/ashfaquesami/425_project/data/clips_10s/disco_093_1.wav,10.0,20.0,10.0,1,93,,pending,train
disco_093_2,disco,3,/Users/ashfaquesami/425_project/data/raw_gtzan/genres_original/disco/disco.00093.wav,disco.00093,/Users/ashfaquesami/425_project/data/clips_10s/disco_093_2.wav,20.0,30.0,10.0,2,93,,pending,train
disco_094_0,disco,3,/Users/ashfaquesami/425_project/data/raw_gtzan/genres_original/disco/disco.00094.wav,disco.00094,/Users/ashfaquesami/425_project/data/clips_10s/disco_094_0.wav,0.0,10.0,10.0,0,94,,pending,train
disco_094_1,disco,3,/Users/ashfaquesami/425_project/data/raw_gtzan/genres_original/disco/disco.00094.wav,disco.00094,/Users/ashfaquesami/425_project/data/clips_10s/disco_094_1.wav,10.0,20.0,10.0,1,94,,pending,train
disco_094_2,disco,3,/Users/ashfaquesami/425_project/data/raw_gtzan/genres_original/disco/disco.00094.wav,disco.00094,/Users/ashfaquesami/425_project/data/clips_10s/disco_094_2.wav,20.0,30.0,10.0,2,94,,pending,train
disco_095_0,disco,3,/Users/ashfaquesami/425_project/data/raw_gtzan/genres_original/disco/disco.00095.wav,disco.00095,/Users/ashfaquesami/425_project/data/clips_10s/disco_095_0.wav,0.0,10.0,10.0,0,95,,pending,train
disco_095_1,disco,3,/Users/ashfaquesami/425_project/data/raw_gtzan/genres_original/disco/disco.00095.wav,disco.00095,/Users/ashfaquesami/425_project/data/clips_10s/disco_095_1.wav,10.0,20.0,10.0,1,95,,pending,train
disco_095_2,disco,3,/Users/ashfaquesami/425_project/data/raw_gtzan/genres_original/disco/disco.00095.wav,disco.00095,/Users/ashfaquesami/425_project/data/clips_10s/disco_095_2.wav,20.0,30.0,10.0,2,95,,pending,train
disco_096_0,disco,3,/Users/ashfaquesami/425_project/data/raw_gtzan/genres_original/disco/disco.00096.wav,disco.00096,/Users/ashfaquesami/425_project/data/clips_10s/disco_096_0.wav,0.0,10.0,10.0,0,96,,pending,train
disco_096_1,disco,3,/Users/ashfaquesami/425_project/data/raw_gtzan/genres_original/disco/disco.00096.wav,disco.00096,/Users/ashfaquesami/425_project/data/clips_10s/disco_096_1.wav,10.0,20.0,10.0,1,96,,pending,train
disco_096_2,disco,3,/Users/ashfaquesami/425_project/data/raw_gtzan/genres_original/disco/disco.00096.wav,disco.00096,/Users/ashfaquesami/425_project/data/clips_10s/disco_096_2.wav,20.0,30.0,10.0,2,96,,pending,train
disco_097_0,disco,3,/Users/ashfaquesami/425_project/data/raw_gtzan/genres_original/disco/disco.00097.wav,disco.00097,/Users/ashfaquesami/425_project/data/clips_10s/disco_097_0.wav,0.0,10.0,10.0,0,97,,pending,val
disco_097_1,disco,3,/Users/ashfaquesami/425_project/data/raw_gtzan/genres_original/disco/disco.00097.wav,disco.00097,/Users/ashfaquesami/425_project/data/clips_10s/disco_097_1.wav,10.0,20.0,10.0,1,97,,pending,val
disco_097_2,disco,3,/Users/ashfaquesami/425_project/data/raw_gtzan/genres_original/disco/disco.00097.wav,disco.00097,/Users/ashfaquesami/425_project/data/clips_10s/disco_097_2.wav,20.0,30.0,10.0,2,97,,pending,val
disco_098_0,disco,3,/Users/ashfaquesami/425_project/data/raw_gtzan/genres_original/disco/disco.00098.wav,disco.00098,/Users/ashfaquesami/425_project/data/clips_10s/disco_098_0.wav,0.0,10.0,10.0,0,98,,pending,train
disco_098_1,disco,3,/Users/ashfaquesami/425_project/data/raw_gtzan/genres_original/disco/disco.00098.wav,disco.00098,/Users/ashfaquesami/425_project/data/clips_10s/disco_098_1.wav,10.0,20.0,10.0,1,98,,pending,train
disco_098_2,disco,3,/Users/ashfaquesami/425_project/data/raw_gtzan/genres_original/disco/disco.00098.wav,disco.00098,/Users/ashfaquesami/425_project/data/clips_10s/disco_098_2.wav,20.0,30.0,10.0,2,98,,pending,train
disco_099_0,disco,3,/Users/ashfaquesami/425_project/data/raw_gtzan/genres_original/disco/disco.00099.wav,disco.00099,/Users/ashfaquesami/425_project/data/clips_10s/disco_099_0.wav,0.0,10.0,10.0,0,99,,pending,train
disco_099_1,disco,3,/Users/ashfaquesami/425_project/data/raw_gtzan/genres_original/disco/disco.00099.wav,disco.00099,/Users/ashfaquesami/425_project/data/clips_10s/disco_099_1.wav,10.0,20.0,10.0,1,99,,pending,train
disco_099_2,disco,3,/Users/ashfaquesami/425_project/data/raw_gtzan/genres_original/disco/disco.00099.wav,disco.00099,/Users/ashfaquesami/425_project/data/clips_10s/disco_099_2.wav,20.0,30.0,10.0,2,99,,pending,train
hiphop_000_0,hiphop,4,/Users/ashfaquesami/425_project/data/raw_gtzan/genres_original/hiphop/hiphop.00000.wav,hiphop.00000,/Users/ashfaquesami/425_project/data/clips_10s/hiphop_000_0.wav,0.0,10.0,10.0,0,0,,pending,train
hiphop_000_1,hiphop,4,/Users/ashfaquesami/425_project/data/raw_gtzan/genres_original/hiphop/hiphop.00000.wav,hiphop.00000,/Users/ashfaquesami/425_project/data/clips_10s/hiphop_000_1.wav,10.0,20.0,10.0,1,0,,pending,train
hiphop_000_2,hiphop,4,/Users/ashfaquesami/425_project/data/raw_gtzan/genres_original/hiphop/hiphop.00000.wav,hiphop.00000,/Users/ashfaquesami/425_project/data/clips_10s/hiphop_000_2.wav,20.0,30.0,10.0,2,0,,pending,train
hiphop_001_0,hiphop,4,/Users/ashfaquesami/425_project/data/raw_gtzan/genres_original/hiphop/hiphop.00001.wav,hiphop.00001,/Users/ashfaquesami/425_project/data/clips_10s/hiphop_001_0.wav,0.0,10.0,10.0,0,1,,pending,test
hiphop_001_1,hiphop,4,/Users/ashfaquesami/425_project/data/raw_gtzan/genres_original/hiphop/hiphop.00001.wav,hiphop.00001,/Users/ashfaquesami/425_project/data/clips_10s/hiphop_001_1.wav,10.0,20.0,10.0,1,1,,pending,test
hiphop_001_2,hiphop,4,/Users/ashfaquesami/425_project/data/raw_gtzan/genres_original/hiphop/hiphop.00001.wav,hiphop.00001,/Users/ashfaquesami/425_project/data/clips_10s/hiphop_001_2.wav,20.0,30.0,10.0,2,1,,pending,test
hiphop_002_0,hiphop,4,/Users/ashfaquesami/425_project/data/raw_gtzan/genres_original/hiphop/hiphop.00002.wav,hiphop.00002,/Users/ashfaquesami/425_project/data/clips_10s/hiphop_002_0.wav,0.0,10.0,10.0,0,2,,pending,train
hiphop_002_1,hiphop,4,/Users/ashfaquesami/425_project/data/raw_gtzan/genres_original/hiphop/hiphop.00002.wav,hiphop.00002,/Users/ashfaquesami/425_project/data/clips_10s/hiphop_002_1.wav,10.0,20.0,10.0,1,2,,pending,train
hiphop_002_2,hiphop,4,/Users/ashfaquesami/425_project/data/raw_gtzan/genres_original/hiphop/hiphop.00002.wav,hiphop.00002,/Users/ashfaquesami/425_project/data/clips_10s/hiphop_002_2.wav,20.0,30.0,10.0,2,2,,pending,train
hiphop_003_0,hiphop,4,/Users/ashfaquesami/425_project/data/raw_gtzan/genres_original/hiphop/hiphop.00003.wav,hiphop.00003,/Users/ashfaquesami/425_project/data/clips_10s/hiphop_003_0.wav,0.0,10.0,10.0,0,3,,pending,train
hiphop_003_1,hiphop,4,/Users/ashfaquesami/425_project/data/raw_gtzan/genres_original/hiphop/hiphop.00003.wav,hiphop.00003,/Users/ashfaquesami/425_project/data/clips_10s/hiphop_003_1.wav,10.0,20.0,10.0,1,3,,pending,train
hiphop_003_2,hiphop,4,/Users/ashfaquesami/425_project/data/raw_gtzan/genres_original/hiphop/hiphop.00003.wav,hiphop.00003,/Users/ashfaquesami/425_project/data/clips_10s/hiphop_003_2.wav,20.0,30.0,10.0,2,3,,pending,train
hiphop_004_0,hiphop,4,/Users/ashfaquesami/425_project/data/raw_gtzan/genres_original/hiphop/hiphop.00004.wav,hiphop.00004,/Users/ashfaquesami/425_project/data/clips_10s/hiphop_004_0.wav,0.0,10.0,10.0,0,4,,pending,train
hiphop_004_1,hiphop,4,/Users/ashfaquesami/425_project/data/raw_gtzan/genres_original/hiphop/hiphop.00004.wav,hiphop.00004,/Users/ashfaquesami/425_project/data/clips_10s/hiphop_004_1.wav,10.0,20.0,10.0,1,4,,pending,train
hiphop_004_2,hiphop,4,/Users/ashfaquesami/425_project/data/raw_gtzan/genres_original/hiphop/hiphop.00004.wav,hiphop.00004,/Users/ashfaquesami/425_project/data/clips_10s/hiphop_004_2.wav,20.0,30.0,10.0,2,4,,pending,train
hiphop_005_0,hiphop,4,/Users/ashfaquesami/425_project/data/raw_gtzan/genres_original/hiphop/hiphop.00005.wav,hiphop.00005,/Users/ashfaquesami/425_project/data/clips_10s/hiphop_005_0.wav,0.0,10.0,10.0,0,5,,pending,train
hiphop_005_1,hiphop,4,/Users/ashfaquesami/425_project/data/raw_gtzan/genres_original/hiphop/hiphop.00005.wav,hiphop.00005,/Users/ashfaquesami/425_project/data/clips_10s/hiphop_005_1.wav,10.0,20.0,10.0,1,5,,pending,train
hiphop_005_2,hiphop,4,/Users/ashfaquesami/425_project/data/raw_gtzan/genres_original/hiphop/hiphop.00005.wav,hiphop.00005,/Users/ashfaquesami/425_project/data/clips_10s/hiphop_005_2.wav,20.0,30.0,10.0,2,5,,pending,train
hiphop_006_0,hiphop,4,/Users/ashfaquesami/425_project/data/raw_gtzan/genres_original/hiphop/hiphop.00006.wav,hiphop.00006,/Users/ashfaquesami/425_project/data/clips_10s/hiphop_006_0.wav,0.0,10.0,10.0,0,6,,pending,val
hiphop_006_1,hiphop,4,/Users/ashfaquesami/425_project/data/raw_gtzan/genres_original/hiphop/hiphop.00006.wav,hiphop.00006,/Users/ashfaquesami/425_project/data/clips_10s/hiphop_006_1.wav,10.0,20.0,10.0,1,6,,pending,val
hiphop_006_2,hiphop,4,/Users/ashfaquesami/425_project/data/raw_gtzan/genres_original/hiphop/hiphop.00006.wav,hiphop.00006,/Users/ashfaquesami/425_project/data/clips_10s/hiphop_006_2.wav,20.0,30.0,10.0,2,6,,pending,val
hiphop_007_0,hiphop,4,/Users/ashfaquesami/425_project/data/raw_gtzan/genres_original/hiphop/hiphop.00007.wav,hiphop.00007,/Users/ashfaquesami/425_project/data/clips_10s/hiphop_007_0.wav,0.0,10.0,10.0,0,7,,pending,train
hiphop_007_1,hiphop,4,/Users/ashfaquesami/425_project/data/raw_gtzan/genres_original/hiphop/hiphop.00007.wav,hiphop.00007,/Users/ashfaquesami/425_project/data/clips_10s/hiphop_007_1.wav,10.0,20.0,10.0,1,7,,pending,train
hiphop_007_2,hiphop,4,/Users/ashfaquesami/425_project/data/raw_gtzan/genres_original/hiphop/hiphop.00007.wav,hiphop.00007,/Users/ashfaquesami/425_project/data/clips_10s/hiphop_007_2.wav,20.0,30.0,10.0,2,7,,pending,train
hiphop_008_0,hiphop,4,/Users/ashfaquesami/425_project/data/raw_gtzan/genres_original/hiphop/hiphop.00008.wav,hiphop.00008,/Users/ashfaquesami/425_project/data/clips_10s/hiphop_008_0.wav,0.0,10.0,10.0,0,8,,pending,train
hiphop_008_1,hiphop,4,/Users/ashfaquesami/425_project/data/raw_gtzan/genres_original/hiphop/hiphop.00008.wav,hiphop.00008,/Users/ashfaquesami/425_project/data/clips_10s/hiphop_008_1.wav,10.0,20.0,10.0,1,8,,pending,train
hiphop_008_2,hiphop,4,/Users/ashfaquesami/425_project/data/raw_gtzan/genres_original/hiphop/hiphop.00008.wav,hiphop.00008,/Users/ashfaquesami/425_project/data/clips_10s/hiphop_008_2.wav,20.0,30.0,10.0,2,8,,pending,train
hiphop_009_0,hiphop,4,/Users/ashfaquesami/425_project/data/raw_gtzan/genres_original/hiphop/hiphop.00009.wav,hiphop.00009,/Users/ashfaquesami/425_project/data/clips_10s/hiphop_009_0.wav,0.0,10.0,10.0,0,9,,pending,train
hiphop_009_1,hiphop,4,/Users/ashfaquesami/425_project/data/raw_gtzan/genres_original/hiphop/hiphop.00009.wav,hiphop.00009,/Users/ashfaquesami/425_project/data/clips_10s/hiphop_009_1.wav,10.0,20.0,10.0,1,9,,pending,train
hiphop_009_2,hiphop,4,/Users/ashfaquesami/425_project/data/raw_gtzan/genres_original/hiphop/hiphop.00009.wav,hiphop.00009,/Users/ashfaquesami/425_project/data/clips_10s/hiphop_009_2.wav,20.0,30.0,10.0,2,9,,pending,train
hiphop_010_0,hiphop,4,/Users/ashfaquesami/425_project/data/raw_gtzan/genres_original/hiphop/hiphop.00010.wav,hiphop.00010,/Users/ashfaquesami/425_project/data/clips_10s/hiphop_010_0.wav,0.0,10.0,10.0,0,10,,pending,train
hiphop_010_1,hiphop,4,/Users/ashfaquesami/425_project/data/raw_gtzan/genres_original/hiphop/hiphop.00010.wav,hiphop.00010,/Users/ashfaquesami/425_project/data/clips_10s/hiphop_010_1.wav,10.0,20.0,10.0,1,10,,pending,train
hiphop_010_2,hiphop,4,/Users/ashfaquesami/425_project/data/raw_gtzan/genres_original/hiphop/hiphop.00010.wav,hiphop.00010,/Users/ashfaquesami/425_project/data/clips_10s/hiphop_010_2.wav,20.0,30.0,10.0,2,10,,pending,train
hiphop_011_0,hiphop,4,/Users/ashfaquesami/425_project/data/raw_gtzan/genres_original/hiphop/hiphop.00011.wav,hiphop.00011,/Users/ashfaquesami/425_project/data/clips_10s/hiphop_011_0.wav,0.0,10.0,10.0,0,11,,pending,train
hiphop_011_1,hiphop,4,/Users/ashfaquesami/425_project/data/raw_gtzan/genres_original/hiphop/hiphop.00011.wav,hiphop.00011,/Users/ashfaquesami/425_project/data/clips_10s/hiphop_011_1.wav,10.0,20.0,10.0,1,11,,pending,train
hiphop_011_2,hiphop,4,/Users/ashfaquesami/425_project/data/raw_gtzan/genres_original/hiphop/hiphop.00011.wav,hiphop.00011,/Users/ashfaquesami/425_project/data/clips_10s/hiphop_011_2.wav,20.0,30.0,10.0,2,11,,pending,train
hiphop_012_0,hiphop,4,/Users/ashfaquesami/425_project/data/raw_gtzan/genres_original/hiphop/hiphop.00012.wav,hiphop.00012,/Users/ashfaquesami/425_project/data/clips_10s/hiphop_012_0.wav,0.0,10.0,10.0,0,12,,pending,train
hiphop_012_1,hiphop,4,/Users/ashfaquesami/425_project/data/raw_gtzan/genres_original/hiphop/hiphop.00012.wav,hiphop.00012,/Users/ashfaquesami/425_project/data/clips_10s/hiphop_012_1.wav,10.0,20.0,10.0,1,12,,pending,train
hiphop_012_2,hiphop,4,/Users/ashfaquesami/425_project/data/raw_gtzan/genres_original/hiphop/hiphop.00012.wav,hiphop.00012,/Users/ashfaquesami/425_project/data/clips_10s/hiphop_012_2.wav,20.0,30.0,10.0,2,12,,pending,train
hiphop_013_0,hiphop,4,/Users/ashfaquesami/425_project/data/raw_gtzan/genres_original/hiphop/hiphop.00013.wav,hiphop.00013,/Users/ashfaquesami/425_project/data/clips_10s/hiphop_013_0.wav,0.0,10.0,10.0,0,13,,pending,test
hiphop_013_1,hiphop,4,/Users/ashfaquesami/425_project/data/raw_gtzan/genres_original/hiphop/hiphop.00013.wav,hiphop.00013,/Users/ashfaquesami/425_project/data/clips_10s/hiphop_013_1.wav,10.0,20.0,10.0,1,13,,pending,test
hiphop_013_2,hiphop,4,/Users/ashfaquesami/425_project/data/raw_gtzan/genres_original/hiphop/hiphop.00013.wav,hiphop.00013,/Users/ashfaquesami/425_project/data/clips_10s/hiphop_013_2.wav,20.0,30.0,10.0,2,13,,pending,test
hiphop_014_0,hiphop,4,/Users/ashfaquesami/425_project/data/raw_gtzan/genres_original/hiphop/hiphop.00014.wav,hiphop.00014,/Users/ashfaquesami/425_project/data/clips_10s/hiphop_014_0.wav,0.0,10.0,10.0,0,14,,pending,train
hiphop_014_1,hiphop,4,/Users/ashfaquesami/425_project/data/raw_gtzan/genres_original/hiphop/hiphop.00014.wav,hiphop.00014,/Users/ashfaquesami/425_project/data/clips_10s/hiphop_014_1.wav,10.0,20.0,10.0,1,14,,pending,train
hiphop_014_2,hiphop,4,/Users/ashfaquesami/425_project/data/raw_gtzan/genres_original/hiphop/hiphop.00014.wav,hiphop.00014,/Users/ashfaquesami/425_project/data/clips_10s/hiphop_014_2.wav,20.0,30.0,10.0,2,14,,pending,train
hiphop_015_0,hiphop,4,/Users/ashfaquesami/425_project/data/raw_gtzan/genres_original/hiphop/hiphop.00015.wav,hiphop.00015,/Users/ashfaquesami/425_project/data/clips_10s/hiphop_015_0.wav,0.0,10.0,10.0,0,15,,pending,train
hiphop_015_1,hiphop,4,/Users/ashfaquesami/425_project/data/raw_gtzan/genres_original/hiphop/hiphop.00015.wav,hiphop.00015,/Users/ashfaquesami/425_project/data/clips_10s/hiphop_015_1.wav,10.0,20.0,10.0,1,15,,pending,train
hiphop_015_2,hiphop,4,/Users/ashfaquesami/425_project/data/raw_gtzan/genres_original/hiphop/hiphop.00015.wav,hiphop.00015,/Users/ashfaquesami/425_project/data/clips_10s/hiphop_015_2.wav,20.0,30.0,10.0,2,15,,pending,train
hiphop_016_0,hiphop,4,/Users/ashfaquesami/425_project/data/raw_gtzan/genres_original/hiphop/hiphop.00016.wav,hiphop.00016,/Users/ashfaquesami/425_project/data/clips_10s/hiphop_016_0.wav,0.0,10.0,10.0,0,16,,pending,train
hiphop_016_1,hiphop,4,/Users/ashfaquesami/425_project/data/raw_gtzan/genres_original/hiphop/hiphop.00016.wav,hiphop.00016,/Users/ashfaquesami/425_project/data/clips_10s/hiphop_016_1.wav,10.0,20.0,10.0,1,16,,pending,train
hiphop_016_2,hiphop,4,/Users/ashfaquesami/425_project/data/raw_gtzan/genres_original/hiphop/hiphop.00016.wav,hiphop.00016,/Users/ashfaquesami/425_project/data/clips_10s/hiphop_016_2.wav,20.0,30.0,10.0,2,16,,pending,train
hiphop_017_0,hiphop,4,/Users/ashfaquesami/425_project/data/raw_gtzan/genres_original/hiphop/hiphop.00017.wav,hiphop.00017,/Users/ashfaquesami/425_project/data/clips_10s/hiphop_017_0.wav,0.0,10.0,10.0,0,17,,pending,train
hiphop_017_1,hiphop,4,/Users/ashfaquesami/425_project/data/raw_gtzan/genres_original/hiphop/hiphop.00017.wav,hiphop.00017,/Users/ashfaquesami/425_project/data/clips_10s/hiphop_017_1.wav,10.0,20.0,10.0,1,17,,pending,train
hiphop_017_2,hiphop,4,/Users/ashfaquesami/425_project/data/raw_gtzan/genres_original/hiphop/hiphop.00017.wav,hiphop.00017,/Users/ashfaquesami/425_project/data/clips_10s/hiphop_017_2.wav,20.0,30.0,10.0,2,17,,pending,train
hiphop_018_0,hiphop,4,/Users/ashfaquesami/425_project/data/raw_gtzan/genres_original/hiphop/hiphop.00018.wav,hiphop.00018,/Users/ashfaquesami/425_project/data/clips_10s/hiphop_018_0.wav,0.0,10.0,10.0,0,18,,pending,val
hiphop_018_1,hiphop,4,/Users/ashfaquesami/425_project/data/raw_gtzan/genres_original/hiphop/hiphop.00018.wav,hiphop.00018,/Users/ashfaquesami/425_project/data/clips_10s/hiphop_018_1.wav,10.0,20.0,10.0,1,18,,pending,val
hiphop_018_2,hiphop,4,/Users/ashfaquesami/425_project/data/raw_gtzan/genres_original/hiphop/hiphop.00018.wav,hiphop.00018,/Users/ashfaquesami/425_project/data/clips_10s/hiphop_018_2.wav,20.0,30.0,10.0,2,18,,pending,val
hiphop_019_0,hiphop,4,/Users/ashfaquesami/425_project/data/raw_gtzan/genres_original/hiphop/hiphop.00019.wav,hiphop.00019,/Users/ashfaquesami/425_project/data/clips_10s/hiphop_019_0.wav,0.0,10.0,10.0,0,19,,pending,train
hiphop_019_1,hiphop,4,/Users/ashfaquesami/425_project/data/raw_gtzan/genres_original/hiphop/hiphop.00019.wav,hiphop.00019,/Users/ashfaquesami/425_project/data/clips_10s/hiphop_019_1.wav,10.0,20.0,10.0,1,19,,pending,train
hiphop_019_2,hiphop,4,/Users/ashfaquesami/425_project/data/raw_gtzan/genres_original/hiphop/hiphop.00019.wav,hiphop.00019,/Users/ashfaquesami/425_project/data/clips_10s/hiphop_019_2.wav,20.0,30.0,10.0,2,19,,pending,train
hiphop_020_0,hiphop,4,/Users/ashfaquesami/425_project/data/raw_gtzan/genres_original/hiphop/hiphop.00020.wav,hiphop.00020,/Users/ashfaquesami/425_project/data/clips_10s/hiphop_020_0.wav,0.0,10.0,10.0,0,20,,pending,train
hiphop_020_1,hiphop,4,/Users/ashfaquesami/425_project/data/raw_gtzan/genres_original/hiphop/hiphop.00020.wav,hiphop.00020,/Users/ashfaquesami/425_project/data/clips_10s/hiphop_020_1.wav,10.0,20.0,10.0,1,20,,pending,train
hiphop_020_2,hiphop,4,/Users/ashfaquesami/425_project/data/raw_gtzan/genres_original/hiphop/hiphop.00020.wav,hiphop.00020,/Users/ashfaquesami/425_project/data/clips_10s/hiphop_020_2.wav,20.0,30.0,10.0,2,20,,pending,train
hiphop_021_0,hiphop,4,/Users/ashfaquesami/425_project/data/raw_gtzan/genres_original/hiphop/hiphop.00021.wav,hiphop.00021,/Users/ashfaquesami/425_project/data/clips_10s/hiphop_021_0.wav,0.0,10.0,10.0,0,21,,pending,train
hiphop_021_1,hiphop,4,/Users/ashfaquesami/425_project/data/raw_gtzan/genres_original/hiphop/hiphop.00021.wav,hiphop.00021,/Users/ashfaquesami/425_project/data/clips_10s/hiphop_021_1.wav,10.0,20.0,10.0,1,21,,pending,train
hiphop_021_2,hiphop,4,/Users/ashfaquesami/425_project/data/raw_gtzan/genres_original/hiphop/hiphop.00021.wav,hiphop.00021,/Users/ashfaquesami/425_project/data/clips_10s/hiphop_021_2.wav,20.0,30.0,10.0,2,21,,pending,train
hiphop_022_0,hiphop,4,/Users/ashfaquesami/425_project/data/raw_gtzan/genres_original/hiphop/hiphop.00022.wav,hiphop.00022,/Users/ashfaquesami/425_project/data/clips_10s/hiphop_022_0.wav,0.0,10.0,10.0,0,22,,pending,train
hiphop_022_1,hiphop,4,/Users/ashfaquesami/425_project/data/raw_gtzan/genres_original/hiphop/hiphop.00022.wav,hiphop.00022,/Users/ashfaquesami/425_project/data/clips_10s/hiphop_022_1.wav,10.0,20.0,10.0,1,22,,pending,train
hiphop_022_2,hiphop,4,/Users/ashfaquesami/425_project/data/raw_gtzan/genres_original/hiphop/hiphop.00022.wav,hiphop.00022,/Users/ashfaquesami/425_project/data/clips_10s/hiphop_022_2.wav,20.0,30.0,10.0,2,22,,pending,train
hiphop_023_0,hiphop,4,/Users/ashfaquesami/425_project/data/raw_gtzan/genres_original/hiphop/hiphop.00023.wav,hiphop.00023,/Users/ashfaquesami/425_project/data/clips_10s/hiphop_023_0.wav,0.0,10.0,10.0,0,23,,pending,train
hiphop_023_1,hiphop,4,/Users/ashfaquesami/425_project/data/raw_gtzan/genres_original/hiphop/hiphop.00023.wav,hiphop.00023,/Users/ashfaquesami/425_project/data/clips_10s/hiphop_023_1.wav,10.0,20.0,10.0,1,23,,pending,train
hiphop_023_2,hiphop,4,/Users/ashfaquesami/425_project/data/raw_gtzan/genres_original/hiphop/hiphop.00023.wav,hiphop.00023,/Users/ashfaquesami/425_project/data/clips_10s/hiphop_023_2.wav,20.0,30.0,10.0,2,23,,pending,train
hiphop_024_0,hiphop,4,/Users/ashfaquesami/425_project/data/raw_gtzan/genres_original/hiphop/hiphop.00024.wav,hiphop.00024,/Users/ashfaquesami/425_project/data/clips_10s/hiphop_024_0.wav,0.0,10.0,10.0,0,24,,pending,train
hiphop_024_1,hiphop,4,/Users/ashfaquesami/425_project/data/raw_gtzan/genres_original/hiphop/hiphop.00024.wav,hiphop.00024,/Users/ashfaquesami/425_project/data/clips_10s/hiphop_024_1.wav,10.0,20.0,10.0,1,24,,pending,train
hiphop_024_2,hiphop,4,/Users/ashfaquesami/425_project/data/raw_gtzan/genres_original/hiphop/hiphop.00024.wav,hiphop.00024,/Users/ashfaquesami/425_project/data/clips_10s/hiphop_024_2.wav,20.0,30.0,10.0,2,24,,pending,train
hiphop_025_0,hiphop,4,/Users/ashfaquesami/425_project/data/raw_gtzan/genres_original/hiphop/hiphop.00025.wav,hiphop.00025,/Users/ashfaquesami/425_project/data/clips_10s/hiphop_025_0.wav,0.0,10.0,10.0,0,25,,pending,train
hiphop_025_1,hiphop,4,/Users/ashfaquesami/425_project/data/raw_gtzan/genres_original/hiphop/hiphop.00025.wav,hiphop.00025,/Users/ashfaquesami/425_project/data/clips_10s/hiphop_025_1.wav,10.0,20.0,10.0,1,25,,pending,train
hiphop_025_2,hiphop,4,/Users/ashfaquesami/425_project/data/raw_gtzan/genres_original/hiphop/hiphop.00025.wav,hiphop.00025,/Users/ashfaquesami/425_project/data/clips_10s/hiphop_025_2.wav,20.0,30.0,10.0,2,25,,pending,train
hiphop_026_0,hiphop,4,/Users/ashfaquesami/425_project/data/raw_gtzan/genres_original/hiphop/hiphop.00026.wav,hiphop.00026,/Users/ashfaquesami/425_project/data/clips_10s/hiphop_026_0.wav,0.0,10.0,10.0,0,26,,pending,train
hiphop_026_1,hiphop,4,/Users/ashfaquesami/425_project/data/raw_gtzan/genres_original/hiphop/hiphop.00026.wav,hiphop.00026,/Users/ashfaquesami/425_project/data/clips_10s/hiphop_026_1.wav,10.0,20.0,10.0,1,26,,pending,train
hiphop_026_2,hiphop,4,/Users/ashfaquesami/425_project/data/raw_gtzan/genres_original/hiphop/hiphop.00026.wav,hiphop.00026,/Users/ashfaquesami/425_project/data/clips_10s/hiphop_026_2.wav,20.0,30.0,10.0,2,26,,pending,train
hiphop_027_0,hiphop,4,/Users/ashfaquesami/425_project/data/raw_gtzan/genres_original/hiphop/hiphop.00027.wav,hiphop.00027,/Users/ashfaquesami/425_project/data/clips_10s/hiphop_027_0.wav,0.0,10.0,10.0,0,27,,pending,test
hiphop_027_1,hiphop,4,/Users/ashfaquesami/425_project/data/raw_gtzan/genres_original/hiphop/hiphop.00027.wav,hiphop.00027,/Users/ashfaquesami/425_project/data/clips_10s/hiphop_027_1.wav,10.0,20.0,10.0,1,27,,pending,test
hiphop_027_2,hiphop,4,/Users/ashfaquesami/425_project/data/raw_gtzan/genres_original/hiphop/hiphop.00027.wav,hiphop.00027,/Users/ashfaquesami/425_project/data/clips_10s/hiphop_027_2.wav,20.0,30.0,10.0,2,27,,pending,test
hiphop_028_0,hiphop,4,/Users/ashfaquesami/425_project/data/raw_gtzan/genres_original/hiphop/hiphop.00028.wav,hiphop.00028,/Users/ashfaquesami/425_project/data/clips_10s/hiphop_028_0.wav,0.0,10.0,10.0,0,28,,pending,train
hiphop_028_1,hiphop,4,/Users/ashfaquesami/425_project/data/raw_gtzan/genres_original/hiphop/hiphop.00028.wav,hiphop.00028,/Users/ashfaquesami/425_project/data/clips_10s/hiphop_028_1.wav,10.0,20.0,10.0,1,28,,pending,train
hiphop_028_2,hiphop,4,/Users/ashfaquesami/425_project/data/raw_gtzan/genres_original/hiphop/hiphop.00028.wav,hiphop.00028,/Users/ashfaquesami/425_project/data/clips_10s/hiphop_028_2.wav,20.0,30.0,10.0,2,28,,pending,train
hiphop_029_0,hiphop,4,/Users/ashfaquesami/425_project/data/raw_gtzan/genres_original/hiphop/hiphop.00029.wav,hiphop.00029,/Users/ashfaquesami/425_project/data/clips_10s/hiphop_029_0.wav,0.0,10.0,10.0,0,29,,pending,train
hiphop_029_1,hiphop,4,/Users/ashfaquesami/425_project/data/raw_gtzan/genres_original/hiphop/hiphop.00029.wav,hiphop.00029,/Users/ashfaquesami/425_project/data/clips_10s/hiphop_029_1.wav,10.0,20.0,10.0,1,29,,pending,train
hiphop_029_2,hiphop,4,/Users/ashfaquesami/425_project/data/raw_gtzan/genres_original/hiphop/hiphop.00029.wav,hiphop.00029,/Users/ashfaquesami/425_project/data/clips_10s/hiphop_029_2.wav,20.0,30.0,10.0,2,29,,pending,train
hiphop_030_0,hiphop,4,/Users/ashfaquesami/425_project/data/raw_gtzan/genres_original/hiphop/hiphop.00030.wav,hiphop.00030,/Users/ashfaquesami/425_project/data/clips_10s/hiphop_030_0.wav,0.0,10.0,10.0,0,30,,pending,train
hiphop_030_1,hiphop,4,/Users/ashfaquesami/425_project/data/raw_gtzan/genres_original/hiphop/hiphop.00030.wav,hiphop.00030,/Users/ashfaquesami/425_project/data/clips_10s/hiphop_030_1.wav,10.0,20.0,10.0,1,30,,pending,train
hiphop_030_2,hiphop,4,/Users/ashfaquesami/425_project/data/raw_gtzan/genres_original/hiphop/hiphop.00030.wav,hiphop.00030,/Users/ashfaquesami/425_project/data/clips_10s/hiphop_030_2.wav,20.0,30.0,10.0,2,30,,pending,train
hiphop_031_0,hiphop,4,/Users/ashfaquesami/425_project/data/raw_gtzan/genres_original/hiphop/hiphop.00031.wav,hiphop.00031,/Users/ashfaquesami/425_project/data/clips_10s/hiphop_031_0.wav,0.0,10.0,10.0,0,31,,pending,train
hiphop_031_1,hiphop,4,/Users/ashfaquesami/425_project/data/raw_gtzan/genres_original/hiphop/hiphop.00031.wav,hiphop.00031,/Users/ashfaquesami/425_project/data/clips_10s/hiphop_031_1.wav,10.0,20.0,10.0,1,31,,pending,train
hiphop_031_2,hiphop,4,/Users/ashfaquesami/425_project/data/raw_gtzan/genres_original/hiphop/hiphop.00031.wav,hiphop.00031,/Users/ashfaquesami/425_project/data/clips_10s/hiphop_031_2.wav,20.0,30.0,10.0,2,31,,pending,train
hiphop_032_0,hiphop,4,/Users/ashfaquesami/425_project/data/raw_gtzan/genres_original/hiphop/hiphop.00032.wav,hiphop.00032,/Users/ashfaquesami/425_project/data/clips_10s/hiphop_032_0.wav,0.0,10.0,10.0,0,32,,pending,train
hiphop_032_1,hiphop,4,/Users/ashfaquesami/425_project/data/raw_gtzan/genres_original/hiphop/hiphop.00032.wav,hiphop.00032,/Users/ashfaquesami/425_project/data/clips_10s/hiphop_032_1.wav,10.0,20.0,10.0,1,32,,pending,train
hiphop_032_2,hiphop,4,/Users/ashfaquesami/425_project/data/raw_gtzan/genres_original/hiphop/hiphop.00032.wav,hiphop.00032,/Users/ashfaquesami/425_project/data/clips_10s/hiphop_032_2.wav,20.0,30.0,10.0,2,32,,pending,train
hiphop_033_0,hiphop,4,/Users/ashfaquesami/425_project/data/raw_gtzan/genres_original/hiphop/hiphop.00033.wav,hiphop.00033,/Users/ashfaquesami/425_project/data/clips_10s/hiphop_033_0.wav,0.0,10.0,10.0,0,33,,pending,train
hiphop_033_1,hiphop,4,/Users/ashfaquesami/425_project/data/raw_gtzan/genres_original/hiphop/hiphop.00033.wav,hiphop.00033,/Users/ashfaquesami/425_project/data/clips_10s/hiphop_033_1.wav,10.0,20.0,10.0,1,33,,pending,train
hiphop_033_2,hiphop,4,/Users/ashfaquesami/425_project/data/raw_gtzan/genres_original/hiphop/hiphop.00033.wav,hiphop.00033,/Users/ashfaquesami/425_project/data/clips_10s/hiphop_033_2.wav,20.0,30.0,10.0,2,33,,pending,train
hiphop_034_0,hiphop,4,/Users/ashfaquesami/425_project/data/raw_gtzan/genres_original/hiphop/hiphop.00034.wav,hiphop.00034,/Users/ashfaquesami/425_project/data/clips_10s/hiphop_034_0.wav,0.0,10.0,10.0,0,34,,pending,train
hiphop_034_1,hiphop,4,/Users/ashfaquesami/425_project/data/raw_gtzan/genres_original/hiphop/hiphop.00034.wav,hiphop.00034,/Users/ashfaquesami/425_project/data/clips_10s/hiphop_034_1.wav,10.0,20.0,10.0,1,34,,pending,train
hiphop_034_2,hiphop,4,/Users/ashfaquesami/425_project/data/raw_gtzan/genres_original/hiphop/hiphop.00034.wav,hiphop.00034,/Users/ashfaquesami/425_project/data/clips_10s/hiphop_034_2.wav,20.0,30.0,10.0,2,34,,pending,train
hiphop_035_0,hiphop,4,/Users/ashfaquesami/425_project/data/raw_gtzan/genres_original/hiphop/hiphop.00035.wav,hiphop.00035,/Users/ashfaquesami/425_project/data/clips_10s/hiphop_035_0.wav,0.0,10.0,10.0,0,35,,pending,test
hiphop_035_1,hiphop,4,/Users/ashfaquesami/425_project/data/raw_gtzan/genres_original/hiphop/hiphop.00035.wav,hiphop.00035,/Users/ashfaquesami/425_project/data/clips_10s/hiphop_035_1.wav,10.0,20.0,10.0,1,35,,pending,test
hiphop_035_2,hiphop,4,/Users/ashfaquesami/425_project/data/raw_gtzan/genres_original/hiphop/hiphop.00035.wav,hiphop.00035,/Users/ashfaquesami/425_project/data/clips_10s/hiphop_035_2.wav,20.0,30.0,10.0,2,35,,pending,test
hiphop_036_0,hiphop,4,/Users/ashfaquesami/425_project/data/raw_gtzan/genres_original/hiphop/hiphop.00036.wav,hiphop.00036,/Users/ashfaquesami/425_project/data/clips_10s/hiphop_036_0.wav,0.0,10.0,10.0,0,36,,pending,train
hiphop_036_1,hiphop,4,/Users/ashfaquesami/425_project/data/raw_gtzan/genres_original/hiphop/hiphop.00036.wav,hiphop.00036,/Users/ashfaquesami/425_project/data/clips_10s/hiphop_036_1.wav,10.0,20.0,10.0,1,36,,pending,train
hiphop_036_2,hiphop,4,/Users/ashfaquesami/425_project/data/raw_gtzan/genres_original/hiphop/hiphop.00036.wav,hiphop.00036,/Users/ashfaquesami/425_project/data/clips_10s/hiphop_036_2.wav,20.0,30.0,10.0,2,36,,pending,train
hiphop_037_0,hiphop,4,/Users/ashfaquesami/425_project/data/raw_gtzan/genres_original/hiphop/hiphop.00037.wav,hiphop.00037,/Users/ashfaquesami/425_project/data/clips_10s/hiphop_037_0.wav,0.0,10.0,10.0,0,37,,pending,train
hiphop_037_1,hiphop,4,/Users/ashfaquesami/425_project/data/raw_gtzan/genres_original/hiphop/hiphop.00037.wav,hiphop.00037,/Users/ashfaquesami/425_project/data/clips_10s/hiphop_037_1.wav,10.0,20.0,10.0,1,37,,pending,train
hiphop_037_2,hiphop,4,/Users/ashfaquesami/425_project/data/raw_gtzan/genres_original/hiphop/hiphop.00037.wav,hiphop.00037,/Users/ashfaquesami/425_project/data/clips_10s/hiphop_037_2.wav,20.0,30.0,10.0,2,37,,pending,train
hiphop_038_0,hiphop,4,/Users/ashfaquesami/425_project/data/raw_gtzan/genres_original/hiphop/hiphop.00038.wav,hiphop.00038,/Users/ashfaquesami/425_project/data/clips_10s/hiphop_038_0.wav,0.0,10.0,10.0,0,38,,pending,train
hiphop_038_1,hiphop,4,/Users/ashfaquesami/425_project/data/raw_gtzan/genres_original/hiphop/hiphop.00038.wav,hiphop.00038,/Users/ashfaquesami/425_project/data/clips_10s/hiphop_038_1.wav,10.0,20.0,10.0,1,38,,pending,train
hiphop_038_2,hiphop,4,/Users/ashfaquesami/425_project/data/raw_gtzan/genres_original/hiphop/hiphop.00038.wav,hiphop.00038,/Users/ashfaquesami/425_project/data/clips_10s/hiphop_038_2.wav,20.0,30.0,10.0,2,38,,pending,train
hiphop_039_0,hiphop,4,/Users/ashfaquesami/425_project/data/raw_gtzan/genres_original/hiphop/hiphop.00039.wav,hiphop.00039,/Users/ashfaquesami/425_project/data/clips_10s/hiphop_039_0.wav,0.0,10.0,10.0,0,39,,pending,train
hiphop_039_1,hiphop,4,/Users/ashfaquesami/425_project/data/raw_gtzan/genres_original/hiphop/hiphop.00039.wav,hiphop.00039,/Users/ashfaquesami/425_project/data/clips_10s/hiphop_039_1.wav,10.0,20.0,10.0,1,39,,pending,train
hiphop_039_2,hiphop,4,/Users/ashfaquesami/425_project/data/raw_gtzan/genres_original/hiphop/hiphop.00039.wav,hiphop.00039,/Users/ashfaquesami/425_project/data/clips_10s/hiphop_039_2.wav,20.0,30.0,10.0,2,39,,pending,train
hiphop_040_0,hiphop,4,/Users/ashfaquesami/425_project/data/raw_gtzan/genres_original/hiphop/hiphop.00040.wav,hiphop.00040,/Users/ashfaquesami/425_project/data/clips_10s/hiphop_040_0.wav,0.0,10.0,10.0,0,40,,pending,train
hiphop_040_1,hiphop,4,/Users/ashfaquesami/425_project/data/raw_gtzan/genres_original/hiphop/hiphop.00040.wav,hiphop.00040,/Users/ashfaquesami/425_project/data/clips_10s/hiphop_040_1.wav,10.0,20.0,10.0,1,40,,pending,train
hiphop_040_2,hiphop,4,/Users/ashfaquesami/425_project/data/raw_gtzan/genres_original/hiphop/hiphop.00040.wav,hiphop.00040,/Users/ashfaquesami/425_project/data/clips_10s/hiphop_040_2.wav,20.0,30.0,10.0,2,40,,pending,train
hiphop_041_0,hiphop,4,/Users/ashfaquesami/425_project/data/raw_gtzan/genres_original/hiphop/hiphop.00041.wav,hiphop.00041,/Users/ashfaquesami/425_project/data/clips_10s/hiphop_041_0.wav,0.0,10.0,10.0,0,41,,pending,train
hiphop_041_1,hiphop,4,/Users/ashfaquesami/425_project/data/raw_gtzan/genres_original/hiphop/hiphop.00041.wav,hiphop.00041,/Users/ashfaquesami/425_project/data/clips_10s/hiphop_041_1.wav,10.0,20.0,10.0,1,41,,pending,train
hiphop_041_2,hiphop,4,/Users/ashfaquesami/425_project/data/raw_gtzan/genres_original/hiphop/hiphop.00041.wav,hiphop.00041,/Users/ashfaquesami/425_project/data/clips_10s/hiphop_041_2.wav,20.0,30.0,10.0,2,41,,pending,train
hiphop_042_0,hiphop,4,/Users/ashfaquesami/425_project/data/raw_gtzan/genres_original/hiphop/hiphop.00042.wav,hiphop.00042,/Users/ashfaquesami/425_project/data/clips_10s/hiphop_042_0.wav,0.0,10.0,10.0,0,42,,pending,train
hiphop_042_1,hiphop,4,/Users/ashfaquesami/425_project/data/raw_gtzan/genres_original/hiphop/hiphop.00042.wav,hiphop.00042,/Users/ashfaquesami/425_project/data/clips_10s/hiphop_042_1.wav,10.0,20.0,10.0,1,42,,pending,train
hiphop_042_2,hiphop,4,/Users/ashfaquesami/425_project/data/raw_gtzan/genres_original/hiphop/hiphop.00042.wav,hiphop.00042,/Users/ashfaquesami/425_project/data/clips_10s/hiphop_042_2.wav,20.0,30.0,10.0,2,42,,pending,train
hiphop_043_0,hiphop,4,/Users/ashfaquesami/425_project/data/raw_gtzan/genres_original/hiphop/hiphop.00043.wav,hiphop.00043,/Users/ashfaquesami/425_project/data/clips_10s/hiphop_043_0.wav,0.0,10.0,10.0,0,43,,pending,train
hiphop_043_1,hiphop,4,/Users/ashfaquesami/425_project/data/raw_gtzan/genres_original/hiphop/hiphop.00043.wav,hiphop.00043,/Users/ashfaquesami/425_project/data/clips_10s/hiphop_043_1.wav,10.0,20.0,10.0,1,43,,pending,train
hiphop_043_2,hiphop,4,/Users/ashfaquesami/425_project/data/raw_gtzan/genres_original/hiphop/hiphop.00043.wav,hiphop.00043,/Users/ashfaquesami/425_project/data/clips_10s/hiphop_043_2.wav,20.0,30.0,10.0,2,43,,pending,train
hiphop_044_0,hiphop,4,/Users/ashfaquesami/425_project/data/raw_gtzan/genres_original/hiphop/hiphop.00044.wav,hiphop.00044,/Users/ashfaquesami/425_project/data/clips_10s/hiphop_044_0.wav,0.0,10.0,10.0,0,44,,pending,train
hiphop_044_1,hiphop,4,/Users/ashfaquesami/425_project/data/raw_gtzan/genres_original/hiphop/hiphop.00044.wav,hiphop.00044,/Users/ashfaquesami/425_project/data/clips_10s/hiphop_044_1.wav,10.0,20.0,10.0,1,44,,pending,train
hiphop_044_2,hiphop,4,/Users/ashfaquesami/425_project/data/raw_gtzan/genres_original/hiphop/hiphop.00044.wav,hiphop.00044,/Users/ashfaquesami/425_project/data/clips_10s/hiphop_044_2.wav,20.0,30.0,10.0,2,44,,pending,train
hiphop_045_0,hiphop,4,/Users/ashfaquesami/425_project/data/raw_gtzan/genres_original/hiphop/hiphop.00045.wav,hiphop.00045,/Users/ashfaquesami/425_project/data/clips_10s/hiphop_045_0.wav,0.0,10.0,10.0,0,45,,pending,train
hiphop_045_1,hiphop,4,/Users/ashfaquesami/425_project/data/raw_gtzan/genres_original/hiphop/hiphop.00045.wav,hiphop.00045,/Users/ashfaquesami/425_project/data/clips_10s/hiphop_045_1.wav,10.0,20.0,10.0,1,45,,pending,train
hiphop_045_2,hiphop,4,/Users/ashfaquesami/425_project/data/raw_gtzan/genres_original/hiphop/hiphop.00045.wav,hiphop.00045,/Users/ashfaquesami/425_project/data/clips_10s/hiphop_045_2.wav,20.0,30.0,10.0,2,45,,pending,train
hiphop_046_0,hiphop,4,/Users/ashfaquesami/425_project/data/raw_gtzan/genres_original/hiphop/hiphop.00046.wav,hiphop.00046,/Users/ashfaquesami/425_project/data/clips_10s/hiphop_046_0.wav,0.0,10.0,10.0,0,46,,pending,train
hiphop_046_1,hiphop,4,/Users/ashfaquesami/425_project/data/raw_gtzan/genres_original/hiphop/hiphop.00046.wav,hiphop.00046,/Users/ashfaquesami/425_project/data/clips_10s/hiphop_046_1.wav,10.0,20.0,10.0,1,46,,pending,train
hiphop_046_2,hiphop,4,/Users/ashfaquesami/425_project/data/raw_gtzan/genres_original/hiphop/hiphop.00046.wav,hiphop.00046,/Users/ashfaquesami/425_project/data/clips_10s/hiphop_046_2.wav,20.0,30.0,10.0,2,46,,pending,train
hiphop_047_0,hiphop,4,/Users/ashfaquesami/425_project/data/raw_gtzan/genres_original/hiphop/hiphop.00047.wav,hiphop.00047,/Users/ashfaquesami/425_project/data/clips_10s/hiphop_047_0.wav,0.0,10.0,10.0,0,47,,pending,train
hiphop_047_1,hiphop,4,/Users/ashfaquesami/425_project/data/raw_gtzan/genres_original/hiphop/hiphop.00047.wav,hiphop.00047,/Users/ashfaquesami/425_project/data/clips_10s/hiphop_047_1.wav,10.0,20.0,10.0,1,47,,pending,train
hiphop_047_2,hiphop,4,/Users/ashfaquesami/425_project/data/raw_gtzan/genres_original/hiphop/hiphop.00047.wav,hiphop.00047,/Users/ashfaquesami/425_project/data/clips_10s/hiphop_047_2.wav,20.0,30.0,10.0,2,47,,pending,train
hiphop_048_0,hiphop,4,/Users/ashfaquesami/425_project/data/raw_gtzan/genres_original/hiphop/hiphop.00048.wav,hiphop.00048,/Users/ashfaquesami/425_project/data/clips_10s/hiphop_048_0.wav,0.0,10.0,10.0,0,48,,pending,train
hiphop_048_1,hiphop,4,/Users/ashfaquesami/425_project/data/raw_gtzan/genres_original/hiphop/hiphop.00048.wav,hiphop.00048,/Users/ashfaquesami/425_project/data/clips_10s/hiphop_048_1.wav,10.0,20.0,10.0,1,48,,pending,train
hiphop_048_2,hiphop,4,/Users/ashfaquesami/425_project/data/raw_gtzan/genres_original/hiphop/hiphop.00048.wav,hiphop.00048,/Users/ashfaquesami/425_project/data/clips_10s/hiphop_048_2.wav,20.0,30.0,10.0,2,48,,pending,train
hiphop_049_0,hiphop,4,/Users/ashfaquesami/425_project/data/raw_gtzan/genres_original/hiphop/hiphop.00049.wav,hiphop.00049,/Users/ashfaquesami/425_project/data/clips_10s/hiphop_049_0.wav,0.0,10.0,10.0,0,49,,pending,train
hiphop_049_1,hiphop,4,/Users/ashfaquesami/425_project/data/raw_gtzan/genres_original/hiphop/hiphop.00049.wav,hiphop.00049,/Users/ashfaquesami/425_project/data/clips_10s/hiphop_049_1.wav,10.0,20.0,10.0,1,49,,pending,train
hiphop_049_2,hiphop,4,/Users/ashfaquesami/425_project/data/raw_gtzan/genres_original/hiphop/hiphop.00049.wav,hiphop.00049,/Users/ashfaquesami/425_project/data/clips_10s/hiphop_049_2.wav,20.0,30.0,10.0,2,49,,pending,train
hiphop_050_0,hiphop,4,/Users/ashfaquesami/425_project/data/raw_gtzan/genres_original/hiphop/hiphop.00050.wav,hiphop.00050,/Users/ashfaquesami/425_project/data/clips_10s/hiphop_050_0.wav,0.0,10.0,10.0,0,50,,pending,train
hiphop_050_1,hiphop,4,/Users/ashfaquesami/425_project/data/raw_gtzan/genres_original/hiphop/hiphop.00050.wav,hiphop.00050,/Users/ashfaquesami/425_project/data/clips_10s/hiphop_050_1.wav,10.0,20.0,10.0,1,50,,pending,train
hiphop_050_2,hiphop,4,/Users/ashfaquesami/425_project/data/raw_gtzan/genres_original/hiphop/hiphop.00050.wav,hiphop.00050,/Users/ashfaquesami/425_project/data/clips_10s/hiphop_050_2.wav,20.0,30.0,10.0,2,50,,pending,train
hiphop_051_0,hiphop,4,/Users/ashfaquesami/425_project/data/raw_gtzan/genres_original/hiphop/hiphop.00051.wav,hiphop.00051,/Users/ashfaquesami/425_project/data/clips_10s/hiphop_051_0.wav,0.0,10.0,10.0,0,51,,pending,train
hiphop_051_1,hiphop,4,/Users/ashfaquesami/425_project/data/raw_gtzan/genres_original/hiphop/hiphop.00051.wav,hiphop.00051,/Users/ashfaquesami/425_project/data/clips_10s/hiphop_051_1.wav,10.0,20.0,10.0,1,51,,pending,train
hiphop_051_2,hiphop,4,/Users/ashfaquesami/425_project/data/raw_gtzan/genres_original/hiphop/hiphop.00051.wav,hiphop.00051,/Users/ashfaquesami/425_project/data/clips_10s/hiphop_051_2.wav,20.0,30.0,10.0,2,51,,pending,train
hiphop_052_0,hiphop,4,/Users/ashfaquesami/425_project/data/raw_gtzan/genres_original/hiphop/hiphop.00052.wav,hiphop.00052,/Users/ashfaquesami/425_project/data/clips_10s/hiphop_052_0.wav,0.0,10.0,10.0,0,52,,pending,train
hiphop_052_1,hiphop,4,/Users/ashfaquesami/425_project/data/raw_gtzan/genres_original/hiphop/hiphop.00052.wav,hiphop.00052,/Users/ashfaquesami/425_project/data/clips_10s/hiphop_052_1.wav,10.0,20.0,10.0,1,52,,pending,train
hiphop_052_2,hiphop,4,/Users/ashfaquesami/425_project/data/raw_gtzan/genres_original/hiphop/hiphop.00052.wav,hiphop.00052,/Users/ashfaquesami/425_project/data/clips_10s/hiphop_052_2.wav,20.0,30.0,10.0,2,52,,pending,train
hiphop_053_0,hiphop,4,/Users/ashfaquesami/425_project/data/raw_gtzan/genres_original/hiphop/hiphop.00053.wav,hiphop.00053,/Users/ashfaquesami/425_project/data/clips_10s/hiphop_053_0.wav,0.0,10.0,10.0,0,53,,pending,train
hiphop_053_1,hiphop,4,/Users/ashfaquesami/425_project/data/raw_gtzan/genres_original/hiphop/hiphop.00053.wav,hiphop.00053,/Users/ashfaquesami/425_project/data/clips_10s/hiphop_053_1.wav,10.0,20.0,10.0,1,53,,pending,train
hiphop_053_2,hiphop,4,/Users/ashfaquesami/425_project/data/raw_gtzan/genres_original/hiphop/hiphop.00053.wav,hiphop.00053,/Users/ashfaquesami/425_project/data/clips_10s/hiphop_053_2.wav,20.0,30.0,10.0,2,53,,pending,train
hiphop_054_0,hiphop,4,/Users/ashfaquesami/425_project/data/raw_gtzan/genres_original/hiphop/hiphop.00054.wav,hiphop.00054,/Users/ashfaquesami/425_project/data/clips_10s/hiphop_054_0.wav,0.0,10.0,10.0,0,54,,pending,test
hiphop_054_1,hiphop,4,/Users/ashfaquesami/425_project/data/raw_gtzan/genres_original/hiphop/hiphop.00054.wav,hiphop.00054,/Users/ashfaquesami/425_project/data/clips_10s/hiphop_054_1.wav,10.0,20.0,10.0,1,54,,pending,test
hiphop_054_2,hiphop,4,/Users/ashfaquesami/425_project/data/raw_gtzan/genres_original/hiphop/hiphop.00054.wav,hiphop.00054,/Users/ashfaquesami/425_project/data/clips_10s/hiphop_054_2.wav,20.0,30.0,10.0,2,54,,pending,test
hiphop_055_0,hiphop,4,/Users/ashfaquesami/425_project/data/raw_gtzan/genres_original/hiphop/hiphop.00055.wav,hiphop.00055,/Users/ashfaquesami/425_project/data/clips_10s/hiphop_055_0.wav,0.0,10.0,10.0,0,55,,pending,val
hiphop_055_1,hiphop,4,/Users/ashfaquesami/425_project/data/raw_gtzan/genres_original/hiphop/hiphop.00055.wav,hiphop.00055,/Users/ashfaquesami/425_project/data/clips_10s/hiphop_055_1.wav,10.0,20.0,10.0,1,55,,pending,val
hiphop_055_2,hiphop,4,/Users/ashfaquesami/425_project/data/raw_gtzan/genres_original/hiphop/hiphop.00055.wav,hiphop.00055,/Users/ashfaquesami/425_project/data/clips_10s/hiphop_055_2.wav,20.0,30.0,10.0,2,55,,pending,val
hiphop_056_0,hiphop,4,/Users/ashfaquesami/425_project/data/raw_gtzan/genres_original/hiphop/hiphop.00056.wav,hiphop.00056,/Users/ashfaquesami/425_project/data/clips_10s/hiphop_056_0.wav,0.0,10.0,10.0,0,56,,pending,train
hiphop_056_1,hiphop,4,/Users/ashfaquesami/425_project/data/raw_gtzan/genres_original/hiphop/hiphop.00056.wav,hiphop.00056,/Users/ashfaquesami/425_project/data/clips_10s/hiphop_056_1.wav,10.0,20.0,10.0,1,56,,pending,train
hiphop_056_2,hiphop,4,/Users/ashfaquesami/425_project/data/raw_gtzan/genres_original/hiphop/hiphop.00056.wav,hiphop.00056,/Users/ashfaquesami/425_project/data/clips_10s/hiphop_056_2.wav,20.0,30.0,10.0,2,56,,pending,train
hiphop_057_0,hiphop,4,/Users/ashfaquesami/425_project/data/raw_gtzan/genres_original/hiphop/hiphop.00057.wav,hiphop.00057,/Users/ashfaquesami/425_project/data/clips_10s/hiphop_057_0.wav,0.0,10.0,10.0,0,57,,pending,train
hiphop_057_1,hiphop,4,/Users/ashfaquesami/425_project/data/raw_gtzan/genres_original/hiphop/hiphop.00057.wav,hiphop.00057,/Users/ashfaquesami/425_project/data/clips_10s/hiphop_057_1.wav,10.0,20.0,10.0,1,57,,pending,train
hiphop_057_2,hiphop,4,/Users/ashfaquesami/425_project/data/raw_gtzan/genres_original/hiphop/hiphop.00057.wav,hiphop.00057,/Users/ashfaquesami/425_project/data/clips_10s/hiphop_057_2.wav,20.0,30.0,10.0,2,57,,pending,train
hiphop_058_0,hiphop,4,/Users/ashfaquesami/425_project/data/raw_gtzan/genres_original/hiphop/hiphop.00058.wav,hiphop.00058,/Users/ashfaquesami/425_project/data/clips_10s/hiphop_058_0.wav,0.0,10.0,10.0,0,58,,pending,test
hiphop_058_1,hiphop,4,/Users/ashfaquesami/425_project/data/raw_gtzan/genres_original/hiphop/hiphop.00058.wav,hiphop.00058,/Users/ashfaquesami/425_project/data/clips_10s/hiphop_058_1.wav,10.0,20.0,10.0,1,58,,pending,test
hiphop_058_2,hiphop,4,/Users/ashfaquesami/425_project/data/raw_gtzan/genres_original/hiphop/hiphop.00058.wav,hiphop.00058,/Users/ashfaquesami/425_project/data/clips_10s/hiphop_058_2.wav,20.0,30.0,10.0,2,58,,pending,test
hiphop_059_0,hiphop,4,/Users/ashfaquesami/425_project/data/raw_gtzan/genres_original/hiphop/hiphop.00059.wav,hiphop.00059,/Users/ashfaquesami/425_project/data/clips_10s/hiphop_059_0.wav,0.0,10.0,10.0,0,59,,pending,test
hiphop_059_1,hiphop,4,/Users/ashfaquesami/425_project/data/raw_gtzan/genres_original/hiphop/hiphop.00059.wav,hiphop.00059,/Users/ashfaquesami/425_project/data/clips_10s/hiphop_059_1.wav,10.0,20.0,10.0,1,59,,pending,test
hiphop_059_2,hiphop,4,/Users/ashfaquesami/425_project/data/raw_gtzan/genres_original/hiphop/hiphop.00059.wav,hiphop.00059,/Users/ashfaquesami/425_project/data/clips_10s/hiphop_059_2.wav,20.0,30.0,10.0,2,59,,pending,test
hiphop_060_0,hiphop,4,/Users/ashfaquesami/425_project/data/raw_gtzan/genres_original/hiphop/hiphop.00060.wav,hiphop.00060,/Users/ashfaquesami/425_project/data/clips_10s/hiphop_060_0.wav,0.0,10.0,10.0,0,60,,pending,val
hiphop_060_1,hiphop,4,/Users/ashfaquesami/425_project/data/raw_gtzan/genres_original/hiphop/hiphop.00060.wav,hiphop.00060,/Users/ashfaquesami/425_project/data/clips_10s/hiphop_060_1.wav,10.0,20.0,10.0,1,60,,pending,val
hiphop_060_2,hiphop,4,/Users/ashfaquesami/425_project/data/raw_gtzan/genres_original/hiphop/hiphop.00060.wav,hiphop.00060,/Users/ashfaquesami/425_project/data/clips_10s/hiphop_060_2.wav,20.0,30.0,10.0,2,60,,pending,val
hiphop_061_0,hiphop,4,/Users/ashfaquesami/425_project/data/raw_gtzan/genres_original/hiphop/hiphop.00061.wav,hiphop.00061,/Users/ashfaquesami/425_project/data/clips_10s/hiphop_061_0.wav,0.0,10.0,10.0,0,61,,pending,val
hiphop_061_1,hiphop,4,/Users/ashfaquesami/425_project/data/raw_gtzan/genres_original/hiphop/hiphop.00061.wav,hiphop.00061,/Users/ashfaquesami/425_project/data/clips_10s/hiphop_061_1.wav,10.0,20.0,10.0,1,61,,pending,val
hiphop_061_2,hiphop,4,/Users/ashfaquesami/425_project/data/raw_gtzan/genres_original/hiphop/hiphop.00061.wav,hiphop.00061,/Users/ashfaquesami/425_project/data/clips_10s/hiphop_061_2.wav,20.0,30.0,10.0,2,61,,pending,val
hiphop_062_0,hiphop,4,/Users/ashfaquesami/425_project/data/raw_gtzan/genres_original/hiphop/hiphop.00062.wav,hiphop.00062,/Users/ashfaquesami/425_project/data/clips_10s/hiphop_062_0.wav,0.0,10.0,10.0,0,62,,pending,train
hiphop_062_1,hiphop,4,/Users/ashfaquesami/425_project/data/raw_gtzan/genres_original/hiphop/hiphop.00062.wav,hiphop.00062,/Users/ashfaquesami/425_project/data/clips_10s/hiphop_062_1.wav,10.0,20.0,10.0,1,62,,pending,train
hiphop_062_2,hiphop,4,/Users/ashfaquesami/425_project/data/raw_gtzan/genres_original/hiphop/hiphop.00062.wav,hiphop.00062,/Users/ashfaquesami/425_project/data/clips_10s/hiphop_062_2.wav,20.0,30.0,10.0,2,62,,pending,train
hiphop_063_0,hiphop,4,/Users/ashfaquesami/425_project/data/raw_gtzan/genres_original/hiphop/hiphop.00063.wav,hiphop.00063,/Users/ashfaquesami/425_project/data/clips_10s/hiphop_063_0.wav,0.0,10.0,10.0,0,63,,pending,train
hiphop_063_1,hiphop,4,/Users/ashfaquesami/425_project/data/raw_gtzan/genres_original/hiphop/hiphop.00063.wav,hiphop.00063,/Users/ashfaquesami/425_project/data/clips_10s/hiphop_063_1.wav,10.0,20.0,10.0,1,63,,pending,train
hiphop_063_2,hiphop,4,/Users/ashfaquesami/425_project/data/raw_gtzan/genres_original/hiphop/hiphop.00063.wav,hiphop.00063,/Users/ashfaquesami/425_project/data/clips_10s/hiphop_063_2.wav,20.0,30.0,10.0,2,63,,pending,train
hiphop_064_0,hiphop,4,/Users/ashfaquesami/425_project/data/raw_gtzan/genres_original/hiphop/hiphop.00064.wav,hiphop.00064,/Users/ashfaquesami/425_project/data/clips_10s/hiphop_064_0.wav,0.0,10.0,10.0,0,64,,pending,train
hiphop_064_1,hiphop,4,/Users/ashfaquesami/425_project/data/raw_gtzan/genres_original/hiphop/hiphop.00064.wav,hiphop.00064,/Users/ashfaquesami/425_project/data/clips_10s/hiphop_064_1.wav,10.0,20.0,10.0,1,64,,pending,train
hiphop_064_2,hiphop,4,/Users/ashfaquesami/425_project/data/raw_gtzan/genres_original/hiphop/hiphop.00064.wav,hiphop.00064,/Users/ashfaquesami/425_project/data/clips_10s/hiphop_064_2.wav,20.0,30.0,10.0,2,64,,pending,train
hiphop_065_0,hiphop,4,/Users/ashfaquesami/425_project/data/raw_gtzan/genres_original/hiphop/hiphop.00065.wav,hiphop.00065,/Users/ashfaquesami/425_project/data/clips_10s/hiphop_065_0.wav,0.0,10.0,10.0,0,65,,pending,train
hiphop_065_1,hiphop,4,/Users/ashfaquesami/425_project/data/raw_gtzan/genres_original/hiphop/hiphop.00065.wav,hiphop.00065,/Users/ashfaquesami/425_project/data/clips_10s/hiphop_065_1.wav,10.0,20.0,10.0,1,65,,pending,train
hiphop_065_2,hiphop,4,/Users/ashfaquesami/425_project/data/raw_gtzan/genres_original/hiphop/hiphop.00065.wav,hiphop.00065,/Users/ashfaquesami/425_project/data/clips_10s/hiphop_065_2.wav,20.0,30.0,10.0,2,65,,pending,train
hiphop_066_0,hiphop,4,/Users/ashfaquesami/425_project/data/raw_gtzan/genres_original/hiphop/hiphop.00066.wav,hiphop.00066,/Users/ashfaquesami/425_project/data/clips_10s/hiphop_066_0.wav,0.0,10.0,10.0,0,66,,pending,test
hiphop_066_1,hiphop,4,/Users/ashfaquesami/425_project/data/raw_gtzan/genres_original/hiphop/hiphop.00066.wav,hiphop.00066,/Users/ashfaquesami/425_project/data/clips_10s/hiphop_066_1.wav,10.0,20.0,10.0,1,66,,pending,test
hiphop_066_2,hiphop,4,/Users/ashfaquesami/425_project/data/raw_gtzan/genres_original/hiphop/hiphop.00066.wav,hiphop.00066,/Users/ashfaquesami/425_project/data/clips_10s/hiphop_066_2.wav,20.0,30.0,10.0,2,66,,pending,test
hiphop_067_0,hiphop,4,/Users/ashfaquesami/425_project/data/raw_gtzan/genres_original/hiphop/hiphop.00067.wav,hiphop.00067,/Users/ashfaquesami/425_project/data/clips_10s/hiphop_067_0.wav,0.0,10.0,10.0,0,67,,pending,train
hiphop_067_1,hiphop,4,/Users/ashfaquesami/425_project/data/raw_gtzan/genres_original/hiphop/hiphop.00067.wav,hiphop.00067,/Users/ashfaquesami/425_project/data/clips_10s/hiphop_067_1.wav,10.0,20.0,10.0,1,67,,pending,train
hiphop_067_2,hiphop,4,/Users/ashfaquesami/425_project/data/raw_gtzan/genres_original/hiphop/hiphop.00067.wav,hiphop.00067,/Users/ashfaquesami/425_project/data/clips_10s/hiphop_067_2.wav,20.0,30.0,10.0,2,67,,pending,train
hiphop_068_0,hiphop,4,/Users/ashfaquesami/425_project/data/raw_gtzan/genres_original/hiphop/hiphop.00068.wav,hiphop.00068,/Users/ashfaquesami/425_project/data/clips_10s/hiphop_068_0.wav,0.0,10.0,10.0,0,68,,pending,train
hiphop_068_1,hiphop,4,/Users/ashfaquesami/425_project/data/raw_gtzan/genres_original/hiphop/hiphop.00068.wav,hiphop.00068,/Users/ashfaquesami/425_project/data/clips_10s/hiphop_068_1.wav,10.0,20.0,10.0,1,68,,pending,train
hiphop_068_2,hiphop,4,/Users/ashfaquesami/425_project/data/raw_gtzan/genres_original/hiphop/hiphop.00068.wav,hiphop.00068,/Users/ashfaquesami/425_project/data/clips_10s/hiphop_068_2.wav,20.0,30.0,10.0,2,68,,pending,train
hiphop_069_0,hiphop,4,/Users/ashfaquesami/425_project/data/raw_gtzan/genres_original/hiphop/hiphop.00069.wav,hiphop.00069,/Users/ashfaquesami/425_project/data/clips_10s/hiphop_069_0.wav,0.0,10.0,10.0,0,69,,pending,train
hiphop_069_1,hiphop,4,/Users/ashfaquesami/425_project/data/raw_gtzan/genres_original/hiphop/hiphop.00069.wav,hiphop.00069,/Users/ashfaquesami/425_project/data/clips_10s/hiphop_069_1.wav,10.0,20.0,10.0,1,69,,pending,train
hiphop_069_2,hiphop,4,/Users/ashfaquesami/425_project/data/raw_gtzan/genres_original/hiphop/hiphop.00069.wav,hiphop.00069,/Users/ashfaquesami/425_project/data/clips_10s/hiphop_069_2.wav,20.0,30.0,10.0,2,69,,pending,train
hiphop_070_0,hiphop,4,/Users/ashfaquesami/425_project/data/raw_gtzan/genres_original/hiphop/hiphop.00070.wav,hiphop.00070,/Users/ashfaquesami/425_project/data/clips_10s/hiphop_070_0.wav,0.0,10.0,10.0,0,70,,pending,train
hiphop_070_1,hiphop,4,/Users/ashfaquesami/425_project/data/raw_gtzan/genres_original/hiphop/hiphop.00070.wav,hiphop.00070,/Users/ashfaquesami/425_project/data/clips_10s/hiphop_070_1.wav,10.0,20.0,10.0,1,70,,pending,train
hiphop_070_2,hiphop,4,/Users/ashfaquesami/425_project/data/raw_gtzan/genres_original/hiphop/hiphop.00070.wav,hiphop.00070,/Users/ashfaquesami/425_project/data/clips_10s/hiphop_070_2.wav,20.0,30.0,10.0,2,70,,pending,train
hiphop_071_0,hiphop,4,/Users/ashfaquesami/425_project/data/raw_gtzan/genres_original/hiphop/hiphop.00071.wav,hiphop.00071,/Users/ashfaquesami/425_project/data/clips_10s/hiphop_071_0.wav,0.0,10.0,10.0,0,71,,pending,val
hiphop_071_1,hiphop,4,/Users/ashfaquesami/425_project/data/raw_gtzan/genres_original/hiphop/hiphop.00071.wav,hiphop.00071,/Users/ashfaquesami/425_project/data/clips_10s/hiphop_071_1.wav,10.0,20.0,10.0,1,71,,pending,val
hiphop_071_2,hiphop,4,/Users/ashfaquesami/425_project/data/raw_gtzan/genres_original/hiphop/hiphop.00071.wav,hiphop.00071,/Users/ashfaquesami/425_project/data/clips_10s/hiphop_071_2.wav,20.0,30.0,10.0,2,71,,pending,val
hiphop_072_0,hiphop,4,/Users/ashfaquesami/425_project/data/raw_gtzan/genres_original/hiphop/hiphop.00072.wav,hiphop.00072,/Users/ashfaquesami/425_project/data/clips_10s/hiphop_072_0.wav,0.0,10.0,10.0,0,72,,pending,train
hiphop_072_1,hiphop,4,/Users/ashfaquesami/425_project/data/raw_gtzan/genres_original/hiphop/hiphop.00072.wav,hiphop.00072,/Users/ashfaquesami/425_project/data/clips_10s/hiphop_072_1.wav,10.0,20.0,10.0,1,72,,pending,train
hiphop_072_2,hiphop,4,/Users/ashfaquesami/425_project/data/raw_gtzan/genres_original/hiphop/hiphop.00072.wav,hiphop.00072,/Users/ashfaquesami/425_project/data/clips_10s/hiphop_072_2.wav,20.0,30.0,10.0,2,72,,pending,train
hiphop_073_0,hiphop,4,/Users/ashfaquesami/425_project/data/raw_gtzan/genres_original/hiphop/hiphop.00073.wav,hiphop.00073,/Users/ashfaquesami/425_project/data/clips_10s/hiphop_073_0.wav,0.0,10.0,10.0,0,73,,pending,train
hiphop_073_1,hiphop,4,/Users/ashfaquesami/425_project/data/raw_gtzan/genres_original/hiphop/hiphop.00073.wav,hiphop.00073,/Users/ashfaquesami/425_project/data/clips_10s/hiphop_073_1.wav,10.0,20.0,10.0,1,73,,pending,train
hiphop_073_2,hiphop,4,/Users/ashfaquesami/425_project/data/raw_gtzan/genres_original/hiphop/hiphop.00073.wav,hiphop.00073,/Users/ashfaquesami/425_project/data/clips_10s/hiphop_073_2.wav,20.0,30.0,10.0,2,73,,pending,train
hiphop_074_0,hiphop,4,/Users/ashfaquesami/425_project/data/raw_gtzan/genres_original/hiphop/hiphop.00074.wav,hiphop.00074,/Users/ashfaquesami/425_project/data/clips_10s/hiphop_074_0.wav,0.0,10.0,10.0,0,74,,pending,test
hiphop_074_1,hiphop,4,/Users/ashfaquesami/425_project/data/raw_gtzan/genres_original/hiphop/hiphop.00074.wav,hiphop.00074,/Users/ashfaquesami/425_project/data/clips_10s/hiphop_074_1.wav,10.0,20.0,10.0,1,74,,pending,test
hiphop_074_2,hiphop,4,/Users/ashfaquesami/425_project/data/raw_gtzan/genres_original/hiphop/hiphop.00074.wav,hiphop.00074,/Users/ashfaquesami/425_project/data/clips_10s/hiphop_074_2.wav,20.0,30.0,10.0,2,74,,pending,test
hiphop_075_0,hiphop,4,/Users/ashfaquesami/425_project/data/raw_gtzan/genres_original/hiphop/hiphop.00075.wav,hiphop.00075,/Users/ashfaquesami/425_project/data/clips_10s/hiphop_075_0.wav,0.0,10.0,10.0,0,75,,pending,test
hiphop_075_1,hiphop,4,/Users/ashfaquesami/425_project/data/raw_gtzan/genres_original/hiphop/hiphop.00075.wav,hiphop.00075,/Users/ashfaquesami/425_project/data/clips_10s/hiphop_075_1.wav,10.0,20.0,10.0,1,75,,pending,test
hiphop_075_2,hiphop,4,/Users/ashfaquesami/425_project/data/raw_gtzan/genres_original/hiphop/hiphop.00075.wav,hiphop.00075,/Users/ashfaquesami/425_project/data/clips_10s/hiphop_075_2.wav,20.0,30.0,10.0,2,75,,pending,test
hiphop_076_0,hiphop,4,/Users/ashfaquesami/425_project/data/raw_gtzan/genres_original/hiphop/hiphop.00076.wav,hiphop.00076,/Users/ashfaquesami/425_project/data/clips_10s/hiphop_076_0.wav,0.0,10.0,10.0,0,76,,pending,test
hiphop_076_1,hiphop,4,/Users/ashfaquesami/425_project/data/raw_gtzan/genres_original/hiphop/hiphop.00076.wav,hiphop.00076,/Users/ashfaquesami/425_project/data/clips_10s/hiphop_076_1.wav,10.0,20.0,10.0,1,76,,pending,test
hiphop_076_2,hiphop,4,/Users/ashfaquesami/425_project/data/raw_gtzan/genres_original/hiphop/hiphop.00076.wav,hiphop.00076,/Users/ashfaquesami/425_project/data/clips_10s/hiphop_076_2.wav,20.0,30.0,10.0,2,76,,pending,test
hiphop_077_0,hiphop,4,/Users/ashfaquesami/425_project/data/raw_gtzan/genres_original/hiphop/hiphop.00077.wav,hiphop.00077,/Users/ashfaquesami/425_project/data/clips_10s/hiphop_077_0.wav,0.0,10.0,10.0,0,77,,pending,train
hiphop_077_1,hiphop,4,/Users/ashfaquesami/425_project/data/raw_gtzan/genres_original/hiphop/hiphop.00077.wav,hiphop.00077,/Users/ashfaquesami/425_project/data/clips_10s/hiphop_077_1.wav,10.0,20.0,10.0,1,77,,pending,train
hiphop_077_2,hiphop,4,/Users/ashfaquesami/425_project/data/raw_gtzan/genres_original/hiphop/hiphop.00077.wav,hiphop.00077,/Users/ashfaquesami/425_project/data/clips_10s/hiphop_077_2.wav,20.0,30.0,10.0,2,77,,pending,train
hiphop_078_0,hiphop,4,/Users/ashfaquesami/425_project/data/raw_gtzan/genres_original/hiphop/hiphop.00078.wav,hiphop.00078,/Users/ashfaquesami/425_project/data/clips_10s/hiphop_078_0.wav,0.0,10.0,10.0,0,78,,pending,train
hiphop_078_1,hiphop,4,/Users/ashfaquesami/425_project/data/raw_gtzan/genres_original/hiphop/hiphop.00078.wav,hiphop.00078,/Users/ashfaquesami/425_project/data/clips_10s/hiphop_078_1.wav,10.0,20.0,10.0,1,78,,pending,train
hiphop_078_2,hiphop,4,/Users/ashfaquesami/425_project/data/raw_gtzan/genres_original/hiphop/hiphop.00078.wav,hiphop.00078,/Users/ashfaquesami/425_project/data/clips_10s/hiphop_078_2.wav,20.0,30.0,10.0,2,78,,pending,train
hiphop_079_0,hiphop,4,/Users/ashfaquesami/425_project/data/raw_gtzan/genres_original/hiphop/hiphop.00079.wav,hiphop.00079,/Users/ashfaquesami/425_project/data/clips_10s/hiphop_079_0.wav,0.0,10.0,10.0,0,79,,pending,train
hiphop_079_1,hiphop,4,/Users/ashfaquesami/425_project/data/raw_gtzan/genres_original/hiphop/hiphop.00079.wav,hiphop.00079,/Users/ashfaquesami/425_project/data/clips_10s/hiphop_079_1.wav,10.0,20.0,10.0,1,79,,pending,train
hiphop_079_2,hiphop,4,/Users/ashfaquesami/425_project/data/raw_gtzan/genres_original/hiphop/hiphop.00079.wav,hiphop.00079,/Users/ashfaquesami/425_project/data/clips_10s/hiphop_079_2.wav,20.0,30.0,10.0,2,79,,pending,train
hiphop_080_0,hiphop,4,/Users/ashfaquesami/425_project/data/raw_gtzan/genres_original/hiphop/hiphop.00080.wav,hiphop.00080,/Users/ashfaquesami/425_project/data/clips_10s/hiphop_080_0.wav,0.0,10.0,10.0,0,80,,pending,train
hiphop_080_1,hiphop,4,/Users/ashfaquesami/425_project/data/raw_gtzan/genres_original/hiphop/hiphop.00080.wav,hiphop.00080,/Users/ashfaquesami/425_project/data/clips_10s/hiphop_080_1.wav,10.0,20.0,10.0,1,80,,pending,train
hiphop_080_2,hiphop,4,/Users/ashfaquesami/425_project/data/raw_gtzan/genres_original/hiphop/hiphop.00080.wav,hiphop.00080,/Users/ashfaquesami/425_project/data/clips_10s/hiphop_080_2.wav,20.0,30.0,10.0,2,80,,pending,train
hiphop_081_0,hiphop,4,/Users/ashfaquesami/425_project/data/raw_gtzan/genres_original/hiphop/hiphop.00081.wav,hiphop.00081,/Users/ashfaquesami/425_project/data/clips_10s/hiphop_081_0.wav,0.0,10.0,10.0,0,81,,pending,train
hiphop_081_1,hiphop,4,/Users/ashfaquesami/425_project/data/raw_gtzan/genres_original/hiphop/hiphop.00081.wav,hiphop.00081,/Users/ashfaquesami/425_project/data/clips_10s/hiphop_081_1.wav,10.0,20.0,10.0,1,81,,pending,train
hiphop_081_2,hiphop,4,/Users/ashfaquesami/425_project/data/raw_gtzan/genres_original/hiphop/hiphop.00081.wav,hiphop.00081,/Users/ashfaquesami/425_project/data/clips_10s/hiphop_081_2.wav,20.0,30.0,10.0,2,81,,pending,train
hiphop_082_0,hiphop,4,/Users/ashfaquesami/425_project/data/raw_gtzan/genres_original/hiphop/hiphop.00082.wav,hiphop.00082,/Users/ashfaquesami/425_project/data/clips_10s/hiphop_082_0.wav,0.0,10.0,10.0,0,82,,pending,train
hiphop_082_1,hiphop,4,/Users/ashfaquesami/425_project/data/raw_gtzan/genres_original/hiphop/hiphop.00082.wav,hiphop.00082,/Users/ashfaquesami/425_project/data/clips_10s/hiphop_082_1.wav,10.0,20.0,10.0,1,82,,pending,train
hiphop_082_2,hiphop,4,/Users/ashfaquesami/425_project/data/raw_gtzan/genres_original/hiphop/hiphop.00082.wav,hiphop.00082,/Users/ashfaquesami/425_project/data/clips_10s/hiphop_082_2.wav,20.0,30.0,10.0,2,82,,pending,train
hiphop_083_0,hiphop,4,/Users/ashfaquesami/425_project/data/raw_gtzan/genres_original/hiphop/hiphop.00083.wav,hiphop.00083,/Users/ashfaquesami/425_project/data/clips_10s/hiphop_083_0.wav,0.0,10.0,10.0,0,83,,pending,train
hiphop_083_1,hiphop,4,/Users/ashfaquesami/425_project/data/raw_gtzan/genres_original/hiphop/hiphop.00083.wav,hiphop.00083,/Users/ashfaquesami/425_project/data/clips_10s/hiphop_083_1.wav,10.0,20.0,10.0,1,83,,pending,train
hiphop_083_2,hiphop,4,/Users/ashfaquesami/425_project/data/raw_gtzan/genres_original/hiphop/hiphop.00083.wav,hiphop.00083,/Users/ashfaquesami/425_project/data/clips_10s/hiphop_083_2.wav,20.0,30.0,10.0,2,83,,pending,train
hiphop_084_0,hiphop,4,/Users/ashfaquesami/425_project/data/raw_gtzan/genres_original/hiphop/hiphop.00084.wav,hiphop.00084,/Users/ashfaquesami/425_project/data/clips_10s/hiphop_084_0.wav,0.0,10.0,10.0,0,84,,pending,test
hiphop_084_1,hiphop,4,/Users/ashfaquesami/425_project/data/raw_gtzan/genres_original/hiphop/hiphop.00084.wav,hiphop.00084,/Users/ashfaquesami/425_project/data/clips_10s/hiphop_084_1.wav,10.0,20.0,10.0,1,84,,pending,test
hiphop_084_2,hiphop,4,/Users/ashfaquesami/425_project/data/raw_gtzan/genres_original/hiphop/hiphop.00084.wav,hiphop.00084,/Users/ashfaquesami/425_project/data/clips_10s/hiphop_084_2.wav,20.0,30.0,10.0,2,84,,pending,test
hiphop_085_0,hiphop,4,/Users/ashfaquesami/425_project/data/raw_gtzan/genres_original/hiphop/hiphop.00085.wav,hiphop.00085,/Users/ashfaquesami/425_project/data/clips_10s/hiphop_085_0.wav,0.0,10.0,10.0,0,85,,pending,train
hiphop_085_1,hiphop,4,/Users/ashfaquesami/425_project/data/raw_gtzan/genres_original/hiphop/hiphop.00085.wav,hiphop.00085,/Users/ashfaquesami/425_project/data/clips_10s/hiphop_085_1.wav,10.0,20.0,10.0,1,85,,pending,train
hiphop_085_2,hiphop,4,/Users/ashfaquesami/425_project/data/raw_gtzan/genres_original/hiphop/hiphop.00085.wav,hiphop.00085,/Users/ashfaquesami/425_project/data/clips_10s/hiphop_085_2.wav,20.0,30.0,10.0,2,85,,pending,train
hiphop_086_0,hiphop,4,/Users/ashfaquesami/425_project/data/raw_gtzan/genres_original/hiphop/hiphop.00086.wav,hiphop.00086,/Users/ashfaquesami/425_project/data/clips_10s/hiphop_086_0.wav,0.0,10.0,10.0,0,86,,pending,train
hiphop_086_1,hiphop,4,/Users/ashfaquesami/425_project/data/raw_gtzan/genres_original/hiphop/hiphop.00086.wav,hiphop.00086,/Users/ashfaquesami/425_project/data/clips_10s/hiphop_086_1.wav,10.0,20.0,10.0,1,86,,pending,train
hiphop_086_2,hiphop,4,/Users/ashfaquesami/425_project/data/raw_gtzan/genres_original/hiphop/hiphop.00086.wav,hiphop.00086,/Users/ashfaquesami/425_project/data/clips_10s/hiphop_086_2.wav,20.0,30.0,10.0,2,86,,pending,train
hiphop_087_0,hiphop,4,/Users/ashfaquesami/425_project/data/raw_gtzan/genres_original/hiphop/hiphop.00087.wav,hiphop.00087,/Users/ashfaquesami/425_project/data/clips_10s/hiphop_087_0.wav,0.0,10.0,10.0,0,87,,pending,train
hiphop_087_1,hiphop,4,/Users/ashfaquesami/425_project/data/raw_gtzan/genres_original/hiphop/hiphop.00087.wav,hiphop.00087,/Users/ashfaquesami/425_project/data/clips_10s/hiphop_087_1.wav,10.0,20.0,10.0,1,87,,pending,train
hiphop_087_2,hiphop,4,/Users/ashfaquesami/425_project/data/raw_gtzan/genres_original/hiphop/hiphop.00087.wav,hiphop.00087,/Users/ashfaquesami/425_project/data/clips_10s/hiphop_087_2.wav,20.0,30.0,10.0,2,87,,pending,train
hiphop_088_0,hiphop,4,/Users/ashfaquesami/425_project/data/raw_gtzan/genres_original/hiphop/hiphop.00088.wav,hiphop.00088,/Users/ashfaquesami/425_project/data/clips_10s/hiphop_088_0.wav,0.0,10.0,10.0,0,88,,pending,train
hiphop_088_1,hiphop,4,/Users/ashfaquesami/425_project/data/raw_gtzan/genres_original/hiphop/hiphop.00088.wav,hiphop.00088,/Users/ashfaquesami/425_project/data/clips_10s/hiphop_088_1.wav,10.0,20.0,10.0,1,88,,pending,train
hiphop_088_2,hiphop,4,/Users/ashfaquesami/425_project/data/raw_gtzan/genres_original/hiphop/hiphop.00088.wav,hiphop.00088,/Users/ashfaquesami/425_project/data/clips_10s/hiphop_088_2.wav,20.0,30.0,10.0,2,88,,pending,train
hiphop_089_0,hiphop,4,/Users/ashfaquesami/425_project/data/raw_gtzan/genres_original/hiphop/hiphop.00089.wav,hiphop.00089,/Users/ashfaquesami/425_project/data/clips_10s/hiphop_089_0.wav,0.0,10.0,10.0,0,89,,pending,val
hiphop_089_1,hiphop,4,/Users/ashfaquesami/425_project/data/raw_gtzan/genres_original/hiphop/hiphop.00089.wav,hiphop.00089,/Users/ashfaquesami/425_project/data/clips_10s/hiphop_089_1.wav,10.0,20.0,10.0,1,89,,pending,val
hiphop_089_2,hiphop,4,/Users/ashfaquesami/425_project/data/raw_gtzan/genres_original/hiphop/hiphop.00089.wav,hiphop.00089,/Users/ashfaquesami/425_project/data/clips_10s/hiphop_089_2.wav,20.0,30.0,10.0,2,89,,pending,val
hiphop_090_0,hiphop,4,/Users/ashfaquesami/425_project/data/raw_gtzan/genres_original/hiphop/hiphop.00090.wav,hiphop.00090,/Users/ashfaquesami/425_project/data/clips_10s/hiphop_090_0.wav,0.0,10.0,10.0,0,90,,pending,train
hiphop_090_1,hiphop,4,/Users/ashfaquesami/425_project/data/raw_gtzan/genres_original/hiphop/hiphop.00090.wav,hiphop.00090,/Users/ashfaquesami/425_project/data/clips_10s/hiphop_090_1.wav,10.0,20.0,10.0,1,90,,pending,train
hiphop_090_2,hiphop,4,/Users/ashfaquesami/425_project/data/raw_gtzan/genres_original/hiphop/hiphop.00090.wav,hiphop.00090,/Users/ashfaquesami/425_project/data/clips_10s/hiphop_090_2.wav,20.0,30.0,10.0,2,90,,pending,train
hiphop_091_0,hiphop,4,/Users/ashfaquesami/425_project/data/raw_gtzan/genres_original/hiphop/hiphop.00091.wav,hiphop.00091,/Users/ashfaquesami/425_project/data/clips_10s/hiphop_091_0.wav,0.0,10.0,10.0,0,91,,pending,test
hiphop_091_1,hiphop,4,/Users/ashfaquesami/425_project/data/raw_gtzan/genres_original/hiphop/hiphop.00091.wav,hiphop.00091,/Users/ashfaquesami/425_project/data/clips_10s/hiphop_091_1.wav,10.0,20.0,10.0,1,91,,pending,test
hiphop_091_2,hiphop,4,/Users/ashfaquesami/425_project/data/raw_gtzan/genres_original/hiphop/hiphop.00091.wav,hiphop.00091,/Users/ashfaquesami/425_project/data/clips_10s/hiphop_091_2.wav,20.0,30.0,10.0,2,91,,pending,test
hiphop_092_0,hiphop,4,/Users/ashfaquesami/425_project/data/raw_gtzan/genres_original/hiphop/hiphop.00092.wav,hiphop.00092,/Users/ashfaquesami/425_project/data/clips_10s/hiphop_092_0.wav,0.0,10.0,10.0,0,92,,pending,val
hiphop_092_1,hiphop,4,/Users/ashfaquesami/425_project/data/raw_gtzan/genres_original/hiphop/hiphop.00092.wav,hiphop.00092,/Users/ashfaquesami/425_project/data/clips_10s/hiphop_092_1.wav,10.0,20.0,10.0,1,92,,pending,val
hiphop_092_2,hiphop,4,/Users/ashfaquesami/425_project/data/raw_gtzan/genres_original/hiphop/hiphop.00092.wav,hiphop.00092,/Users/ashfaquesami/425_project/data/clips_10s/hiphop_092_2.wav,20.0,30.0,10.0,2,92,,pending,val
hiphop_093_0,hiphop,4,/Users/ashfaquesami/425_project/data/raw_gtzan/genres_original/hiphop/hiphop.00093.wav,hiphop.00093,/Users/ashfaquesami/425_project/data/clips_10s/hiphop_093_0.wav,0.0,10.0,10.0,0,93,,pending,train
hiphop_093_1,hiphop,4,/Users/ashfaquesami/425_project/data/raw_gtzan/genres_original/hiphop/hiphop.00093.wav,hiphop.00093,/Users/ashfaquesami/425_project/data/clips_10s/hiphop_093_1.wav,10.0,20.0,10.0,1,93,,pending,train
hiphop_093_2,hiphop,4,/Users/ashfaquesami/425_project/data/raw_gtzan/genres_original/hiphop/hiphop.00093.wav,hiphop.00093,/Users/ashfaquesami/425_project/data/clips_10s/hiphop_093_2.wav,20.0,30.0,10.0,2,93,,pending,train
hiphop_094_0,hiphop,4,/Users/ashfaquesami/425_project/data/raw_gtzan/genres_original/hiphop/hiphop.00094.wav,hiphop.00094,/Users/ashfaquesami/425_project/data/clips_10s/hiphop_094_0.wav,0.0,10.0,10.0,0,94,,pending,train
hiphop_094_1,hiphop,4,/Users/ashfaquesami/425_project/data/raw_gtzan/genres_original/hiphop/hiphop.00094.wav,hiphop.00094,/Users/ashfaquesami/425_project/data/clips_10s/hiphop_094_1.wav,10.0,20.0,10.0,1,94,,pending,train
hiphop_094_2,hiphop,4,/Users/ashfaquesami/425_project/data/raw_gtzan/genres_original/hiphop/hiphop.00094.wav,hiphop.00094,/Users/ashfaquesami/425_project/data/clips_10s/hiphop_094_2.wav,20.0,30.0,10.0,2,94,,pending,train
hiphop_095_0,hiphop,4,/Users/ashfaquesami/425_project/data/raw_gtzan/genres_original/hiphop/hiphop.00095.wav,hiphop.00095,/Users/ashfaquesami/425_project/data/clips_10s/hiphop_095_0.wav,0.0,10.0,10.0,0,95,,pending,train
hiphop_095_1,hiphop,4,/Users/ashfaquesami/425_project/data/raw_gtzan/genres_original/hiphop/hiphop.00095.wav,hiphop.00095,/Users/ashfaquesami/425_project/data/clips_10s/hiphop_095_1.wav,10.0,20.0,10.0,1,95,,pending,train
hiphop_095_2,hiphop,4,/Users/ashfaquesami/425_project/data/raw_gtzan/genres_original/hiphop/hiphop.00095.wav,hiphop.00095,/Users/ashfaquesami/425_project/data/clips_10s/hiphop_095_2.wav,20.0,30.0,10.0,2,95,,pending,train
hiphop_096_0,hiphop,4,/Users/ashfaquesami/425_project/data/raw_gtzan/genres_original/hiphop/hiphop.00096.wav,hiphop.00096,/Users/ashfaquesami/425_project/data/clips_10s/hiphop_096_0.wav,0.0,10.0,10.0,0,96,,pending,train
hiphop_096_1,hiphop,4,/Users/ashfaquesami/425_project/data/raw_gtzan/genres_original/hiphop/hiphop.00096.wav,hiphop.00096,/Users/ashfaquesami/425_project/data/clips_10s/hiphop_096_1.wav,10.0,20.0,10.0,1,96,,pending,train
hiphop_096_2,hiphop,4,/Users/ashfaquesami/425_project/data/raw_gtzan/genres_original/hiphop/hiphop.00096.wav,hiphop.00096,/Users/ashfaquesami/425_project/data/clips_10s/hiphop_096_2.wav,20.0,30.0,10.0,2,96,,pending,train
hiphop_097_0,hiphop,4,/Users/ashfaquesami/425_project/data/raw_gtzan/genres_original/hiphop/hiphop.00097.wav,hiphop.00097,/Users/ashfaquesami/425_project/data/clips_10s/hiphop_097_0.wav,0.0,10.0,10.0,0,97,,pending,train
hiphop_097_1,hiphop,4,/Users/ashfaquesami/425_project/data/raw_gtzan/genres_original/hiphop/hiphop.00097.wav,hiphop.00097,/Users/ashfaquesami/425_project/data/clips_10s/hiphop_097_1.wav,10.0,20.0,10.0,1,97,,pending,train
hiphop_097_2,hiphop,4,/Users/ashfaquesami/425_project/data/raw_gtzan/genres_original/hiphop/hiphop.00097.wav,hiphop.00097,/Users/ashfaquesami/425_project/data/clips_10s/hiphop_097_2.wav,20.0,30.0,10.0,2,97,,pending,train
hiphop_098_0,hiphop,4,/Users/ashfaquesami/425_project/data/raw_gtzan/genres_original/hiphop/hiphop.00098.wav,hiphop.00098,/Users/ashfaquesami/425_project/data/clips_10s/hiphop_098_0.wav,0.0,10.0,10.0,0,98,,pending,val
hiphop_098_1,hiphop,4,/Users/ashfaquesami/425_project/data/raw_gtzan/genres_original/hiphop/hiphop.00098.wav,hiphop.00098,/Users/ashfaquesami/425_project/data/clips_10s/hiphop_098_1.wav,10.0,20.0,10.0,1,98,,pending,val
hiphop_098_2,hiphop,4,/Users/ashfaquesami/425_project/data/raw_gtzan/genres_original/hiphop/hiphop.00098.wav,hiphop.00098,/Users/ashfaquesami/425_project/data/clips_10s/hiphop_098_2.wav,20.0,30.0,10.0,2,98,,pending,val
hiphop_099_0,hiphop,4,/Users/ashfaquesami/425_project/data/raw_gtzan/genres_original/hiphop/hiphop.00099.wav,hiphop.00099,/Users/ashfaquesami/425_project/data/clips_10s/hiphop_099_0.wav,0.0,10.0,10.0,0,99,,pending,train
hiphop_099_1,hiphop,4,/Users/ashfaquesami/425_project/data/raw_gtzan/genres_original/hiphop/hiphop.00099.wav,hiphop.00099,/Users/ashfaquesami/425_project/data/clips_10s/hiphop_099_1.wav,10.0,20.0,10.0,1,99,,pending,train
hiphop_099_2,hiphop,4,/Users/ashfaquesami/425_project/data/raw_gtzan/genres_original/hiphop/hiphop.00099.wav,hiphop.00099,/Users/ashfaquesami/425_project/data/clips_10s/hiphop_099_2.wav,20.0,30.0,10.0,2,99,,pending,train
jazz_000_0,jazz,5,/Users/ashfaquesami/425_project/data/raw_gtzan/genres_original/jazz/jazz.00000.wav,jazz.00000,/Users/ashfaquesami/425_project/data/clips_10s/jazz_000_0.wav,0.0,10.0,10.0,0,0,,pending,train
jazz_000_1,jazz,5,/Users/ashfaquesami/425_project/data/raw_gtzan/genres_original/jazz/jazz.00000.wav,jazz.00000,/Users/ashfaquesami/425_project/data/clips_10s/jazz_000_1.wav,10.0,20.0,10.0,1,0,,pending,train
jazz_000_2,jazz,5,/Users/ashfaquesami/425_project/data/raw_gtzan/genres_original/jazz/jazz.00000.wav,jazz.00000,/Users/ashfaquesami/425_project/data/clips_10s/jazz_000_2.wav,20.0,30.0,10.0,2,0,,pending,train
jazz_001_0,jazz,5,/Users/ashfaquesami/425_project/data/raw_gtzan/genres_original/jazz/jazz.00001.wav,jazz.00001,/Users/ashfaquesami/425_project/data/clips_10s/jazz_001_0.wav,0.0,10.0,10.0,0,1,,pending,train
jazz_001_1,jazz,5,/Users/ashfaquesami/425_project/data/raw_gtzan/genres_original/jazz/jazz.00001.wav,jazz.00001,/Users/ashfaquesami/425_project/data/clips_10s/jazz_001_1.wav,10.0,20.0,10.0,1,1,,pending,train
jazz_001_2,jazz,5,/Users/ashfaquesami/425_project/data/raw_gtzan/genres_original/jazz/jazz.00001.wav,jazz.00001,/Users/ashfaquesami/425_project/data/clips_10s/jazz_001_2.wav,20.0,30.0,10.0,2,1,,pending,train
jazz_002_0,jazz,5,/Users/ashfaquesami/425_project/data/raw_gtzan/genres_original/jazz/jazz.00002.wav,jazz.00002,/Users/ashfaquesami/425_project/data/clips_10s/jazz_002_0.wav,0.0,10.0,10.0,0,2,,pending,val
jazz_002_1,jazz,5,/Users/ashfaquesami/425_project/data/raw_gtzan/genres_original/jazz/jazz.00002.wav,jazz.00002,/Users/ashfaquesami/425_project/data/clips_10s/jazz_002_1.wav,10.0,20.0,10.0,1,2,,pending,val
jazz_002_2,jazz,5,/Users/ashfaquesami/425_project/data/raw_gtzan/genres_original/jazz/jazz.00002.wav,jazz.00002,/Users/ashfaquesami/425_project/data/clips_10s/jazz_002_2.wav,20.0,30.0,10.0,2,2,,pending,val
jazz_003_0,jazz,5,/Users/ashfaquesami/425_project/data/raw_gtzan/genres_original/jazz/jazz.00003.wav,jazz.00003,/Users/ashfaquesami/425_project/data/clips_10s/jazz_003_0.wav,0.0,10.0,10.0,0,3,,pending,train
jazz_003_1,jazz,5,/Users/ashfaquesami/425_project/data/raw_gtzan/genres_original/jazz/jazz.00003.wav,jazz.00003,/Users/ashfaquesami/425_project/data/clips_10s/jazz_003_1.wav,10.0,20.0,10.0,1,3,,pending,train
jazz_003_2,jazz,5,/Users/ashfaquesami/425_project/data/raw_gtzan/genres_original/jazz/jazz.00003.wav,jazz.00003,/Users/ashfaquesami/425_project/data/clips_10s/jazz_003_2.wav,20.0,30.0,10.0,2,3,,pending,train
jazz_004_0,jazz,5,/Users/ashfaquesami/425_project/data/raw_gtzan/genres_original/jazz/jazz.00004.wav,jazz.00004,/Users/ashfaquesami/425_project/data/clips_10s/jazz_004_0.wav,0.0,10.0,10.0,0,4,,pending,test
jazz_004_1,jazz,5,/Users/ashfaquesami/425_project/data/raw_gtzan/genres_original/jazz/jazz.00004.wav,jazz.00004,/Users/ashfaquesami/425_project/data/clips_10s/jazz_004_1.wav,10.0,20.0,10.0,1,4,,pending,test
jazz_004_2,jazz,5,/Users/ashfaquesami/425_project/data/raw_gtzan/genres_original/jazz/jazz.00004.wav,jazz.00004,/Users/ashfaquesami/425_project/data/clips_10s/jazz_004_2.wav,20.0,30.0,10.0,2,4,,pending,test
jazz_005_0,jazz,5,/Users/ashfaquesami/425_project/data/raw_gtzan/genres_original/jazz/jazz.00005.wav,jazz.00005,/Users/ashfaquesami/425_project/data/clips_10s/jazz_005_0.wav,0.0,10.0,10.0,0,5,,pending,train
jazz_005_1,jazz,5,/Users/ashfaquesami/425_project/data/raw_gtzan/genres_original/jazz/jazz.00005.wav,jazz.00005,/Users/ashfaquesami/425_project/data/clips_10s/jazz_005_1.wav,10.0,20.0,10.0,1,5,,pending,train
jazz_005_2,jazz,5,/Users/ashfaquesami/425_project/data/raw_gtzan/genres_original/jazz/jazz.00005.wav,jazz.00005,/Users/ashfaquesami/425_project/data/clips_10s/jazz_005_2.wav,20.0,30.0,10.0,2,5,,pending,train
jazz_006_0,jazz,5,/Users/ashfaquesami/425_project/data/raw_gtzan/genres_original/jazz/jazz.00006.wav,jazz.00006,/Users/ashfaquesami/425_project/data/clips_10s/jazz_006_0.wav,0.0,10.0,10.0,0,6,,pending,train
jazz_006_1,jazz,5,/Users/ashfaquesami/425_project/data/raw_gtzan/genres_original/jazz/jazz.00006.wav,jazz.00006,/Users/ashfaquesami/425_project/data/clips_10s/jazz_006_1.wav,10.0,20.0,10.0,1,6,,pending,train
jazz_006_2,jazz,5,/Users/ashfaquesami/425_project/data/raw_gtzan/genres_original/jazz/jazz.00006.wav,jazz.00006,/Users/ashfaquesami/425_project/data/clips_10s/jazz_006_2.wav,20.0,30.0,10.0,2,6,,pending,train
jazz_007_0,jazz,5,/Users/ashfaquesami/425_project/data/raw_gtzan/genres_original/jazz/jazz.00007.wav,jazz.00007,/Users/ashfaquesami/425_project/data/clips_10s/jazz_007_0.wav,0.0,10.0,10.0,0,7,,pending,train
jazz_007_1,jazz,5,/Users/ashfaquesami/425_project/data/raw_gtzan/genres_original/jazz/jazz.00007.wav,jazz.00007,/Users/ashfaquesami/425_project/data/clips_10s/jazz_007_1.wav,10.0,20.0,10.0,1,7,,pending,train
jazz_007_2,jazz,5,/Users/ashfaquesami/425_project/data/raw_gtzan/genres_original/jazz/jazz.00007.wav,jazz.00007,/Users/ashfaquesami/425_project/data/clips_10s/jazz_007_2.wav,20.0,30.0,10.0,2,7,,pending,train
jazz_008_0,jazz,5,/Users/ashfaquesami/425_project/data/raw_gtzan/genres_original/jazz/jazz.00008.wav,jazz.00008,/Users/ashfaquesami/425_project/data/clips_10s/jazz_008_0.wav,0.0,10.0,10.0,0,8,,pending,test
jazz_008_1,jazz,5,/Users/ashfaquesami/425_project/data/raw_gtzan/genres_original/jazz/jazz.00008.wav,jazz.00008,/Users/ashfaquesami/425_project/data/clips_10s/jazz_008_1.wav,10.0,20.0,10.0,1,8,,pending,test
jazz_008_2,jazz,5,/Users/ashfaquesami/425_project/data/raw_gtzan/genres_original/jazz/jazz.00008.wav,jazz.00008,/Users/ashfaquesami/425_project/data/clips_10s/jazz_008_2.wav,20.0,30.0,10.0,2,8,,pending,test
jazz_009_0,jazz,5,/Users/ashfaquesami/425_project/data/raw_gtzan/genres_original/jazz/jazz.00009.wav,jazz.00009,/Users/ashfaquesami/425_project/data/clips_10s/jazz_009_0.wav,0.0,10.0,10.0,0,9,,pending,train
jazz_009_1,jazz,5,/Users/ashfaquesami/425_project/data/raw_gtzan/genres_original/jazz/jazz.00009.wav,jazz.00009,/Users/ashfaquesami/425_project/data/clips_10s/jazz_009_1.wav,10.0,20.0,10.0,1,9,,pending,train
jazz_009_2,jazz,5,/Users/ashfaquesami/425_project/data/raw_gtzan/genres_original/jazz/jazz.00009.wav,jazz.00009,/Users/ashfaquesami/425_project/data/clips_10s/jazz_009_2.wav,20.0,30.0,10.0,2,9,,pending,train
jazz_010_0,jazz,5,/Users/ashfaquesami/425_project/data/raw_gtzan/genres_original/jazz/jazz.00010.wav,jazz.00010,/Users/ashfaquesami/425_project/data/clips_10s/jazz_010_0.wav,0.0,10.0,10.0,0,10,,pending,test
jazz_010_1,jazz,5,/Users/ashfaquesami/425_project/data/raw_gtzan/genres_original/jazz/jazz.00010.wav,jazz.00010,/Users/ashfaquesami/425_project/data/clips_10s/jazz_010_1.wav,10.0,20.0,10.0,1,10,,pending,test
jazz_010_2,jazz,5,/Users/ashfaquesami/425_project/data/raw_gtzan/genres_original/jazz/jazz.00010.wav,jazz.00010,/Users/ashfaquesami/425_project/data/clips_10s/jazz_010_2.wav,20.0,30.0,10.0,2,10,,pending,test
jazz_011_0,jazz,5,/Users/ashfaquesami/425_project/data/raw_gtzan/genres_original/jazz/jazz.00011.wav,jazz.00011,/Users/ashfaquesami/425_project/data/clips_10s/jazz_011_0.wav,0.0,10.0,10.0,0,11,,pending,train
jazz_011_1,jazz,5,/Users/ashfaquesami/425_project/data/raw_gtzan/genres_original/jazz/jazz.00011.wav,jazz.00011,/Users/ashfaquesami/425_project/data/clips_10s/jazz_011_1.wav,10.0,20.0,10.0,1,11,,pending,train
jazz_011_2,jazz,5,/Users/ashfaquesami/425_project/data/raw_gtzan/genres_original/jazz/jazz.00011.wav,jazz.00011,/Users/ashfaquesami/425_project/data/clips_10s/jazz_011_2.wav,20.0,30.0,10.0,2,11,,pending,train
jazz_012_0,jazz,5,/Users/ashfaquesami/425_project/data/raw_gtzan/genres_original/jazz/jazz.00012.wav,jazz.00012,/Users/ashfaquesami/425_project/data/clips_10s/jazz_012_0.wav,0.0,10.0,10.0,0,12,,pending,train
jazz_012_1,jazz,5,/Users/ashfaquesami/425_project/data/raw_gtzan/genres_original/jazz/jazz.00012.wav,jazz.00012,/Users/ashfaquesami/425_project/data/clips_10s/jazz_012_1.wav,10.0,20.0,10.0,1,12,,pending,train
jazz_012_2,jazz,5,/Users/ashfaquesami/425_project/data/raw_gtzan/genres_original/jazz/jazz.00012.wav,jazz.00012,/Users/ashfaquesami/425_project/data/clips_10s/jazz_012_2.wav,20.0,30.0,10.0,2,12,,pending,train
jazz_013_0,jazz,5,/Users/ashfaquesami/425_project/data/raw_gtzan/genres_original/jazz/jazz.00013.wav,jazz.00013,/Users/ashfaquesami/425_project/data/clips_10s/jazz_013_0.wav,0.0,10.0,10.0,0,13,,pending,train
jazz_013_1,jazz,5,/Users/ashfaquesami/425_project/data/raw_gtzan/genres_original/jazz/jazz.00013.wav,jazz.00013,/Users/ashfaquesami/425_project/data/clips_10s/jazz_013_1.wav,10.0,20.0,10.0,1,13,,pending,train
jazz_013_2,jazz,5,/Users/ashfaquesami/425_project/data/raw_gtzan/genres_original/jazz/jazz.00013.wav,jazz.00013,/Users/ashfaquesami/425_project/data/clips_10s/jazz_013_2.wav,20.0,30.0,10.0,2,13,,pending,train
jazz_014_0,jazz,5,/Users/ashfaquesami/425_project/data/raw_gtzan/genres_original/jazz/jazz.00014.wav,jazz.00014,/Users/ashfaquesami/425_project/data/clips_10s/jazz_014_0.wav,0.0,10.0,10.0,0,14,,pending,train
jazz_014_1,jazz,5,/Users/ashfaquesami/425_project/data/raw_gtzan/genres_original/jazz/jazz.00014.wav,jazz.00014,/Users/ashfaquesami/425_project/data/clips_10s/jazz_014_1.wav,10.0,20.0,10.0,1,14,,pending,train
jazz_014_2,jazz,5,/Users/ashfaquesami/425_project/data/raw_gtzan/genres_original/jazz/jazz.00014.wav,jazz.00014,/Users/ashfaquesami/425_project/data/clips_10s/jazz_014_2.wav,20.0,30.0,10.0,2,14,,pending,train
jazz_015_0,jazz,5,/Users/ashfaquesami/425_project/data/raw_gtzan/genres_original/jazz/jazz.00015.wav,jazz.00015,/Users/ashfaquesami/425_project/data/clips_10s/jazz_015_0.wav,0.0,10.0,10.0,0,15,,pending,train
jazz_015_1,jazz,5,/Users/ashfaquesami/425_project/data/raw_gtzan/genres_original/jazz/jazz.00015.wav,jazz.00015,/Users/ashfaquesami/425_project/data/clips_10s/jazz_015_1.wav,10.0,20.0,10.0,1,15,,pending,train
jazz_015_2,jazz,5,/Users/ashfaquesami/425_project/data/raw_gtzan/genres_original/jazz/jazz.00015.wav,jazz.00015,/Users/ashfaquesami/425_project/data/clips_10s/jazz_015_2.wav,20.0,30.0,10.0,2,15,,pending,train
jazz_016_0,jazz,5,/Users/ashfaquesami/425_project/data/raw_gtzan/genres_original/jazz/jazz.00016.wav,jazz.00016,/Users/ashfaquesami/425_project/data/clips_10s/jazz_016_0.wav,0.0,10.0,10.0,0,16,,pending,train
jazz_016_1,jazz,5,/Users/ashfaquesami/425_project/data/raw_gtzan/genres_original/jazz/jazz.00016.wav,jazz.00016,/Users/ashfaquesami/425_project/data/clips_10s/jazz_016_1.wav,10.0,20.0,10.0,1,16,,pending,train
jazz_016_2,jazz,5,/Users/ashfaquesami/425_project/data/raw_gtzan/genres_original/jazz/jazz.00016.wav,jazz.00016,/Users/ashfaquesami/425_project/data/clips_10s/jazz_016_2.wav,20.0,30.0,10.0,2,16,,pending,train
jazz_017_0,jazz,5,/Users/ashfaquesami/425_project/data/raw_gtzan/genres_original/jazz/jazz.00017.wav,jazz.00017,/Users/ashfaquesami/425_project/data/clips_10s/jazz_017_0.wav,0.0,10.0,10.0,0,17,,pending,train
jazz_017_1,jazz,5,/Users/ashfaquesami/425_project/data/raw_gtzan/genres_original/jazz/jazz.00017.wav,jazz.00017,/Users/ashfaquesami/425_project/data/clips_10s/jazz_017_1.wav,10.0,20.0,10.0,1,17,,pending,train
jazz_017_2,jazz,5,/Users/ashfaquesami/425_project/data/raw_gtzan/genres_original/jazz/jazz.00017.wav,jazz.00017,/Users/ashfaquesami/425_project/data/clips_10s/jazz_017_2.wav,20.0,30.0,10.0,2,17,,pending,train
jazz_018_0,jazz,5,/Users/ashfaquesami/425_project/data/raw_gtzan/genres_original/jazz/jazz.00018.wav,jazz.00018,/Users/ashfaquesami/425_project/data/clips_10s/jazz_018_0.wav,0.0,10.0,10.0,0,18,,pending,train
jazz_018_1,jazz,5,/Users/ashfaquesami/425_project/data/raw_gtzan/genres_original/jazz/jazz.00018.wav,jazz.00018,/Users/ashfaquesami/425_project/data/clips_10s/jazz_018_1.wav,10.0,20.0,10.0,1,18,,pending,train
jazz_018_2,jazz,5,/Users/ashfaquesami/425_project/data/raw_gtzan/genres_original/jazz/jazz.00018.wav,jazz.00018,/Users/ashfaquesami/425_project/data/clips_10s/jazz_018_2.wav,20.0,30.0,10.0,2,18,,pending,train
jazz_019_0,jazz,5,/Users/ashfaquesami/425_project/data/raw_gtzan/genres_original/jazz/jazz.00019.wav,jazz.00019,/Users/ashfaquesami/425_project/data/clips_10s/jazz_019_0.wav,0.0,10.0,10.0,0,19,,pending,train
jazz_019_1,jazz,5,/Users/ashfaquesami/425_project/data/raw_gtzan/genres_original/jazz/jazz.00019.wav,jazz.00019,/Users/ashfaquesami/425_project/data/clips_10s/jazz_019_1.wav,10.0,20.0,10.0,1,19,,pending,train
jazz_019_2,jazz,5,/Users/ashfaquesami/425_project/data/raw_gtzan/genres_original/jazz/jazz.00019.wav,jazz.00019,/Users/ashfaquesami/425_project/data/clips_10s/jazz_019_2.wav,20.0,30.0,10.0,2,19,,pending,train
jazz_020_0,jazz,5,/Users/ashfaquesami/425_project/data/raw_gtzan/genres_original/jazz/jazz.00020.wav,jazz.00020,/Users/ashfaquesami/425_project/data/clips_10s/jazz_020_0.wav,0.0,10.0,10.0,0,20,,pending,val
jazz_020_1,jazz,5,/Users/ashfaquesami/425_project/data/raw_gtzan/genres_original/jazz/jazz.00020.wav,jazz.00020,/Users/ashfaquesami/425_project/data/clips_10s/jazz_020_1.wav,10.0,20.0,10.0,1,20,,pending,val
jazz_020_2,jazz,5,/Users/ashfaquesami/425_project/data/raw_gtzan/genres_original/jazz/jazz.00020.wav,jazz.00020,/Users/ashfaquesami/425_project/data/clips_10s/jazz_020_2.wav,20.0,30.0,10.0,2,20,,pending,val
jazz_021_0,jazz,5,/Users/ashfaquesami/425_project/data/raw_gtzan/genres_original/jazz/jazz.00021.wav,jazz.00021,/Users/ashfaquesami/425_project/data/clips_10s/jazz_021_0.wav,0.0,10.0,10.0,0,21,,pending,train
jazz_021_1,jazz,5,/Users/ashfaquesami/425_project/data/raw_gtzan/genres_original/jazz/jazz.00021.wav,jazz.00021,/Users/ashfaquesami/425_project/data/clips_10s/jazz_021_1.wav,10.0,20.0,10.0,1,21,,pending,train
jazz_021_2,jazz,5,/Users/ashfaquesami/425_project/data/raw_gtzan/genres_original/jazz/jazz.00021.wav,jazz.00021,/Users/ashfaquesami/425_project/data/clips_10s/jazz_021_2.wav,20.0,30.0,10.0,2,21,,pending,train
jazz_022_0,jazz,5,/Users/ashfaquesami/425_project/data/raw_gtzan/genres_original/jazz/jazz.00022.wav,jazz.00022,/Users/ashfaquesami/425_project/data/clips_10s/jazz_022_0.wav,0.0,10.0,10.0,0,22,,pending,train
jazz_022_1,jazz,5,/Users/ashfaquesami/425_project/data/raw_gtzan/genres_original/jazz/jazz.00022.wav,jazz.00022,/Users/ashfaquesami/425_project/data/clips_10s/jazz_022_1.wav,10.0,20.0,10.0,1,22,,pending,train
jazz_022_2,jazz,5,/Users/ashfaquesami/425_project/data/raw_gtzan/genres_original/jazz/jazz.00022.wav,jazz.00022,/Users/ashfaquesami/425_project/data/clips_10s/jazz_022_2.wav,20.0,30.0,10.0,2,22,,pending,train
jazz_023_0,jazz,5,/Users/ashfaquesami/425_project/data/raw_gtzan/genres_original/jazz/jazz.00023.wav,jazz.00023,/Users/ashfaquesami/425_project/data/clips_10s/jazz_023_0.wav,0.0,10.0,10.0,0,23,,pending,train
jazz_023_1,jazz,5,/Users/ashfaquesami/425_project/data/raw_gtzan/genres_original/jazz/jazz.00023.wav,jazz.00023,/Users/ashfaquesami/425_project/data/clips_10s/jazz_023_1.wav,10.0,20.0,10.0,1,23,,pending,train
jazz_023_2,jazz,5,/Users/ashfaquesami/425_project/data/raw_gtzan/genres_original/jazz/jazz.00023.wav,jazz.00023,/Users/ashfaquesami/425_project/data/clips_10s/jazz_023_2.wav,20.0,30.0,10.0,2,23,,pending,train
jazz_024_0,jazz,5,/Users/ashfaquesami/425_project/data/raw_gtzan/genres_original/jazz/jazz.00024.wav,jazz.00024,/Users/ashfaquesami/425_project/data/clips_10s/jazz_024_0.wav,0.0,10.0,10.0,0,24,,pending,val
jazz_024_1,jazz,5,/Users/ashfaquesami/425_project/data/raw_gtzan/genres_original/jazz/jazz.00024.wav,jazz.00024,/Users/ashfaquesami/425_project/data/clips_10s/jazz_024_1.wav,10.0,20.0,10.0,1,24,,pending,val
jazz_024_2,jazz,5,/Users/ashfaquesami/425_project/data/raw_gtzan/genres_original/jazz/jazz.00024.wav,jazz.00024,/Users/ashfaquesami/425_project/data/clips_10s/jazz_024_2.wav,20.0,30.0,10.0,2,24,,pending,val
jazz_025_0,jazz,5,/Users/ashfaquesami/425_project/data/raw_gtzan/genres_original/jazz/jazz.00025.wav,jazz.00025,/Users/ashfaquesami/425_project/data/clips_10s/jazz_025_0.wav,0.0,10.0,10.0,0,25,,pending,train
jazz_025_1,jazz,5,/Users/ashfaquesami/425_project/data/raw_gtzan/genres_original/jazz/jazz.00025.wav,jazz.00025,/Users/ashfaquesami/425_project/data/clips_10s/jazz_025_1.wav,10.0,20.0,10.0,1,25,,pending,train
jazz_025_2,jazz,5,/Users/ashfaquesami/425_project/data/raw_gtzan/genres_original/jazz/jazz.00025.wav,jazz.00025,/Users/ashfaquesami/425_project/data/clips_10s/jazz_025_2.wav,20.0,30.0,10.0,2,25,,pending,train
jazz_026_0,jazz,5,/Users/ashfaquesami/425_project/data/raw_gtzan/genres_original/jazz/jazz.00026.wav,jazz.00026,/Users/ashfaquesami/425_project/data/clips_10s/jazz_026_0.wav,0.0,10.0,10.0,0,26,,pending,train
jazz_026_1,jazz,5,/Users/ashfaquesami/425_project/data/raw_gtzan/genres_original/jazz/jazz.00026.wav,jazz.00026,/Users/ashfaquesami/425_project/data/clips_10s/jazz_026_1.wav,10.0,20.0,10.0,1,26,,pending,train
jazz_026_2,jazz,5,/Users/ashfaquesami/425_project/data/raw_gtzan/genres_original/jazz/jazz.00026.wav,jazz.00026,/Users/ashfaquesami/425_project/data/clips_10s/jazz_026_2.wav,20.0,30.0,10.0,2,26,,pending,train
jazz_027_0,jazz,5,/Users/ashfaquesami/425_project/data/raw_gtzan/genres_original/jazz/jazz.00027.wav,jazz.00027,/Users/ashfaquesami/425_project/data/clips_10s/jazz_027_0.wav,0.0,10.0,10.0,0,27,,pending,train
jazz_027_1,jazz,5,/Users/ashfaquesami/425_project/data/raw_gtzan/genres_original/jazz/jazz.00027.wav,jazz.00027,/Users/ashfaquesami/425_project/data/clips_10s/jazz_027_1.wav,10.0,20.0,10.0,1,27,,pending,train
jazz_027_2,jazz,5,/Users/ashfaquesami/425_project/data/raw_gtzan/genres_original/jazz/jazz.00027.wav,jazz.00027,/Users/ashfaquesami/425_project/data/clips_10s/jazz_027_2.wav,20.0,30.0,10.0,2,27,,pending,train
jazz_028_0,jazz,5,/Users/ashfaquesami/425_project/data/raw_gtzan/genres_original/jazz/jazz.00028.wav,jazz.00028,/Users/ashfaquesami/425_project/data/clips_10s/jazz_028_0.wav,0.0,10.0,10.0,0,28,,pending,train
jazz_028_1,jazz,5,/Users/ashfaquesami/425_project/data/raw_gtzan/genres_original/jazz/jazz.00028.wav,jazz.00028,/Users/ashfaquesami/425_project/data/clips_10s/jazz_028_1.wav,10.0,20.0,10.0,1,28,,pending,train
jazz_028_2,jazz,5,/Users/ashfaquesami/425_project/data/raw_gtzan/genres_original/jazz/jazz.00028.wav,jazz.00028,/Users/ashfaquesami/425_project/data/clips_10s/jazz_028_2.wav,20.0,30.0,10.0,2,28,,pending,train
jazz_029_0,jazz,5,/Users/ashfaquesami/425_project/data/raw_gtzan/genres_original/jazz/jazz.00029.wav,jazz.00029,/Users/ashfaquesami/425_project/data/clips_10s/jazz_029_0.wav,0.0,10.0,10.0,0,29,,pending,train
jazz_029_1,jazz,5,/Users/ashfaquesami/425_project/data/raw_gtzan/genres_original/jazz/jazz.00029.wav,jazz.00029,/Users/ashfaquesami/425_project/data/clips_10s/jazz_029_1.wav,10.0,20.0,10.0,1,29,,pending,train
jazz_029_2,jazz,5,/Users/ashfaquesami/425_project/data/raw_gtzan/genres_original/jazz/jazz.00029.wav,jazz.00029,/Users/ashfaquesami/425_project/data/clips_10s/jazz_029_2.wav,20.0,30.0,10.0,2,29,,pending,train
jazz_030_0,jazz,5,/Users/ashfaquesami/425_project/data/raw_gtzan/genres_original/jazz/jazz.00030.wav,jazz.00030,/Users/ashfaquesami/425_project/data/clips_10s/jazz_030_0.wav,0.0,10.0,10.0,0,30,,pending,train
jazz_030_1,jazz,5,/Users/ashfaquesami/425_project/data/raw_gtzan/genres_original/jazz/jazz.00030.wav,jazz.00030,/Users/ashfaquesami/425_project/data/clips_10s/jazz_030_1.wav,10.0,20.0,10.0,1,30,,pending,train
jazz_030_2,jazz,5,/Users/ashfaquesami/425_project/data/raw_gtzan/genres_original/jazz/jazz.00030.wav,jazz.00030,/Users/ashfaquesami/425_project/data/clips_10s/jazz_030_2.wav,20.0,30.0,10.0,2,30,,pending,train
jazz_031_0,jazz,5,/Users/ashfaquesami/425_project/data/raw_gtzan/genres_original/jazz/jazz.00031.wav,jazz.00031,/Users/ashfaquesami/425_project/data/clips_10s/jazz_031_0.wav,0.0,10.0,10.0,0,31,,pending,train
jazz_031_1,jazz,5,/Users/ashfaquesami/425_project/data/raw_gtzan/genres_original/jazz/jazz.00031.wav,jazz.00031,/Users/ashfaquesami/425_project/data/clips_10s/jazz_031_1.wav,10.0,20.0,10.0,1,31,,pending,train
jazz_031_2,jazz,5,/Users/ashfaquesami/425_project/data/raw_gtzan/genres_original/jazz/jazz.00031.wav,jazz.00031,/Users/ashfaquesami/425_project/data/clips_10s/jazz_031_2.wav,20.0,30.0,10.0,2,31,,pending,train
jazz_032_0,jazz,5,/Users/ashfaquesami/425_project/data/raw_gtzan/genres_original/jazz/jazz.00032.wav,jazz.00032,/Users/ashfaquesami/425_project/data/clips_10s/jazz_032_0.wav,0.0,10.0,10.0,0,32,,pending,train
jazz_032_1,jazz,5,/Users/ashfaquesami/425_project/data/raw_gtzan/genres_original/jazz/jazz.00032.wav,jazz.00032,/Users/ashfaquesami/425_project/data/clips_10s/jazz_032_1.wav,10.0,20.0,10.0,1,32,,pending,train
jazz_032_2,jazz,5,/Users/ashfaquesami/425_project/data/raw_gtzan/genres_original/jazz/jazz.00032.wav,jazz.00032,/Users/ashfaquesami/425_project/data/clips_10s/jazz_032_2.wav,20.0,30.0,10.0,2,32,,pending,train
jazz_033_0,jazz,5,/Users/ashfaquesami/425_project/data/raw_gtzan/genres_original/jazz/jazz.00033.wav,jazz.00033,/Users/ashfaquesami/425_project/data/clips_10s/jazz_033_0.wav,0.0,10.0,10.0,0,33,,pending,train
jazz_033_1,jazz,5,/Users/ashfaquesami/425_project/data/raw_gtzan/genres_original/jazz/jazz.00033.wav,jazz.00033,/Users/ashfaquesami/425_project/data/clips_10s/jazz_033_1.wav,10.0,20.0,10.0,1,33,,pending,train
jazz_033_2,jazz,5,/Users/ashfaquesami/425_project/data/raw_gtzan/genres_original/jazz/jazz.00033.wav,jazz.00033,/Users/ashfaquesami/425_project/data/clips_10s/jazz_033_2.wav,20.0,30.0,10.0,2,33,,pending,train
jazz_034_0,jazz,5,/Users/ashfaquesami/425_project/data/raw_gtzan/genres_original/jazz/jazz.00034.wav,jazz.00034,/Users/ashfaquesami/425_project/data/clips_10s/jazz_034_0.wav,0.0,10.0,10.0,0,34,,pending,train
jazz_034_1,jazz,5,/Users/ashfaquesami/425_project/data/raw_gtzan/genres_original/jazz/jazz.00034.wav,jazz.00034,/Users/ashfaquesami/425_project/data/clips_10s/jazz_034_1.wav,10.0,20.0,10.0,1,34,,pending,train
jazz_034_2,jazz,5,/Users/ashfaquesami/425_project/data/raw_gtzan/genres_original/jazz/jazz.00034.wav,jazz.00034,/Users/ashfaquesami/425_project/data/clips_10s/jazz_034_2.wav,20.0,30.0,10.0,2,34,,pending,train
jazz_035_0,jazz,5,/Users/ashfaquesami/425_project/data/raw_gtzan/genres_original/jazz/jazz.00035.wav,jazz.00035,/Users/ashfaquesami/425_project/data/clips_10s/jazz_035_0.wav,0.0,10.0,10.0,0,35,,pending,train
jazz_035_1,jazz,5,/Users/ashfaquesami/425_project/data/raw_gtzan/genres_original/jazz/jazz.00035.wav,jazz.00035,/Users/ashfaquesami/425_project/data/clips_10s/jazz_035_1.wav,10.0,20.0,10.0,1,35,,pending,train
jazz_035_2,jazz,5,/Users/ashfaquesami/425_project/data/raw_gtzan/genres_original/jazz/jazz.00035.wav,jazz.00035,/Users/ashfaquesami/425_project/data/clips_10s/jazz_035_2.wav,20.0,30.0,10.0,2,35,,pending,train
jazz_036_0,jazz,5,/Users/ashfaquesami/425_project/data/raw_gtzan/genres_original/jazz/jazz.00036.wav,jazz.00036,/Users/ashfaquesami/425_project/data/clips_10s/jazz_036_0.wav,0.0,10.0,10.0,0,36,,pending,train
jazz_036_1,jazz,5,/Users/ashfaquesami/425_project/data/raw_gtzan/genres_original/jazz/jazz.00036.wav,jazz.00036,/Users/ashfaquesami/425_project/data/clips_10s/jazz_036_1.wav,10.0,20.0,10.0,1,36,,pending,train
jazz_036_2,jazz,5,/Users/ashfaquesami/425_project/data/raw_gtzan/genres_original/jazz/jazz.00036.wav,jazz.00036,/Users/ashfaquesami/425_project/data/clips_10s/jazz_036_2.wav,20.0,30.0,10.0,2,36,,pending,train
jazz_037_0,jazz,5,/Users/ashfaquesami/425_project/data/raw_gtzan/genres_original/jazz/jazz.00037.wav,jazz.00037,/Users/ashfaquesami/425_project/data/clips_10s/jazz_037_0.wav,0.0,10.0,10.0,0,37,,pending,train
jazz_037_1,jazz,5,/Users/ashfaquesami/425_project/data/raw_gtzan/genres_original/jazz/jazz.00037.wav,jazz.00037,/Users/ashfaquesami/425_project/data/clips_10s/jazz_037_1.wav,10.0,20.0,10.0,1,37,,pending,train
jazz_037_2,jazz,5,/Users/ashfaquesami/425_project/data/raw_gtzan/genres_original/jazz/jazz.00037.wav,jazz.00037,/Users/ashfaquesami/425_project/data/clips_10s/jazz_037_2.wav,20.0,30.0,10.0,2,37,,pending,train
jazz_038_0,jazz,5,/Users/ashfaquesami/425_project/data/raw_gtzan/genres_original/jazz/jazz.00038.wav,jazz.00038,/Users/ashfaquesami/425_project/data/clips_10s/jazz_038_0.wav,0.0,10.0,10.0,0,38,,pending,train
jazz_038_1,jazz,5,/Users/ashfaquesami/425_project/data/raw_gtzan/genres_original/jazz/jazz.00038.wav,jazz.00038,/Users/ashfaquesami/425_project/data/clips_10s/jazz_038_1.wav,10.0,20.0,10.0,1,38,,pending,train
jazz_038_2,jazz,5,/Users/ashfaquesami/425_project/data/raw_gtzan/genres_original/jazz/jazz.00038.wav,jazz.00038,/Users/ashfaquesami/425_project/data/clips_10s/jazz_038_2.wav,20.0,30.0,10.0,2,38,,pending,train
jazz_039_0,jazz,5,/Users/ashfaquesami/425_project/data/raw_gtzan/genres_original/jazz/jazz.00039.wav,jazz.00039,/Users/ashfaquesami/425_project/data/clips_10s/jazz_039_0.wav,0.0,10.0,10.0,0,39,,pending,train
jazz_039_1,jazz,5,/Users/ashfaquesami/425_project/data/raw_gtzan/genres_original/jazz/jazz.00039.wav,jazz.00039,/Users/ashfaquesami/425_project/data/clips_10s/jazz_039_1.wav,10.0,20.0,10.0,1,39,,pending,train
jazz_039_2,jazz,5,/Users/ashfaquesami/425_project/data/raw_gtzan/genres_original/jazz/jazz.00039.wav,jazz.00039,/Users/ashfaquesami/425_project/data/clips_10s/jazz_039_2.wav,20.0,30.0,10.0,2,39,,pending,train
jazz_040_0,jazz,5,/Users/ashfaquesami/425_project/data/raw_gtzan/genres_original/jazz/jazz.00040.wav,jazz.00040,/Users/ashfaquesami/425_project/data/clips_10s/jazz_040_0.wav,0.0,10.0,10.0,0,40,,pending,val
jazz_040_1,jazz,5,/Users/ashfaquesami/425_project/data/raw_gtzan/genres_original/jazz/jazz.00040.wav,jazz.00040,/Users/ashfaquesami/425_project/data/clips_10s/jazz_040_1.wav,10.0,20.0,10.0,1,40,,pending,val
jazz_040_2,jazz,5,/Users/ashfaquesami/425_project/data/raw_gtzan/genres_original/jazz/jazz.00040.wav,jazz.00040,/Users/ashfaquesami/425_project/data/clips_10s/jazz_040_2.wav,20.0,30.0,10.0,2,40,,pending,val
jazz_041_0,jazz,5,/Users/ashfaquesami/425_project/data/raw_gtzan/genres_original/jazz/jazz.00041.wav,jazz.00041,/Users/ashfaquesami/425_project/data/clips_10s/jazz_041_0.wav,0.0,10.0,10.0,0,41,,pending,train
jazz_041_1,jazz,5,/Users/ashfaquesami/425_project/data/raw_gtzan/genres_original/jazz/jazz.00041.wav,jazz.00041,/Users/ashfaquesami/425_project/data/clips_10s/jazz_041_1.wav,10.0,20.0,10.0,1,41,,pending,train
jazz_041_2,jazz,5,/Users/ashfaquesami/425_project/data/raw_gtzan/genres_original/jazz/jazz.00041.wav,jazz.00041,/Users/ashfaquesami/425_project/data/clips_10s/jazz_041_2.wav,20.0,30.0,10.0,2,41,,pending,train
jazz_042_0,jazz,5,/Users/ashfaquesami/425_project/data/raw_gtzan/genres_original/jazz/jazz.00042.wav,jazz.00042,/Users/ashfaquesami/425_project/data/clips_10s/jazz_042_0.wav,0.0,10.0,10.0,0,42,,pending,train
jazz_042_1,jazz,5,/Users/ashfaquesami/425_project/data/raw_gtzan/genres_original/jazz/jazz.00042.wav,jazz.00042,/Users/ashfaquesami/425_project/data/clips_10s/jazz_042_1.wav,10.0,20.0,10.0,1,42,,pending,train
jazz_042_2,jazz,5,/Users/ashfaquesami/425_project/data/raw_gtzan/genres_original/jazz/jazz.00042.wav,jazz.00042,/Users/ashfaquesami/425_project/data/clips_10s/jazz_042_2.wav,20.0,30.0,10.0,2,42,,pending,train
jazz_043_0,jazz,5,/Users/ashfaquesami/425_project/data/raw_gtzan/genres_original/jazz/jazz.00043.wav,jazz.00043,/Users/ashfaquesami/425_project/data/clips_10s/jazz_043_0.wav,0.0,10.0,10.0,0,43,,pending,train
jazz_043_1,jazz,5,/Users/ashfaquesami/425_project/data/raw_gtzan/genres_original/jazz/jazz.00043.wav,jazz.00043,/Users/ashfaquesami/425_project/data/clips_10s/jazz_043_1.wav,10.0,20.0,10.0,1,43,,pending,train
jazz_043_2,jazz,5,/Users/ashfaquesami/425_project/data/raw_gtzan/genres_original/jazz/jazz.00043.wav,jazz.00043,/Users/ashfaquesami/425_project/data/clips_10s/jazz_043_2.wav,20.0,30.0,10.0,2,43,,pending,train
jazz_044_0,jazz,5,/Users/ashfaquesami/425_project/data/raw_gtzan/genres_original/jazz/jazz.00044.wav,jazz.00044,/Users/ashfaquesami/425_project/data/clips_10s/jazz_044_0.wav,0.0,10.0,10.0,0,44,,pending,train
jazz_044_1,jazz,5,/Users/ashfaquesami/425_project/data/raw_gtzan/genres_original/jazz/jazz.00044.wav,jazz.00044,/Users/ashfaquesami/425_project/data/clips_10s/jazz_044_1.wav,10.0,20.0,10.0,1,44,,pending,train
jazz_044_2,jazz,5,/Users/ashfaquesami/425_project/data/raw_gtzan/genres_original/jazz/jazz.00044.wav,jazz.00044,/Users/ashfaquesami/425_project/data/clips_10s/jazz_044_2.wav,20.0,30.0,10.0,2,44,,pending,train
jazz_045_0,jazz,5,/Users/ashfaquesami/425_project/data/raw_gtzan/genres_original/jazz/jazz.00045.wav,jazz.00045,/Users/ashfaquesami/425_project/data/clips_10s/jazz_045_0.wav,0.0,10.0,10.0,0,45,,pending,train
jazz_045_1,jazz,5,/Users/ashfaquesami/425_project/data/raw_gtzan/genres_original/jazz/jazz.00045.wav,jazz.00045,/Users/ashfaquesami/425_project/data/clips_10s/jazz_045_1.wav,10.0,20.0,10.0,1,45,,pending,train
jazz_045_2,jazz,5,/Users/ashfaquesami/425_project/data/raw_gtzan/genres_original/jazz/jazz.00045.wav,jazz.00045,/Users/ashfaquesami/425_project/data/clips_10s/jazz_045_2.wav,20.0,30.0,10.0,2,45,,pending,train
jazz_046_0,jazz,5,/Users/ashfaquesami/425_project/data/raw_gtzan/genres_original/jazz/jazz.00046.wav,jazz.00046,/Users/ashfaquesami/425_project/data/clips_10s/jazz_046_0.wav,0.0,10.0,10.0,0,46,,pending,val
jazz_046_1,jazz,5,/Users/ashfaquesami/425_project/data/raw_gtzan/genres_original/jazz/jazz.00046.wav,jazz.00046,/Users/ashfaquesami/425_project/data/clips_10s/jazz_046_1.wav,10.0,20.0,10.0,1,46,,pending,val
jazz_046_2,jazz,5,/Users/ashfaquesami/425_project/data/raw_gtzan/genres_original/jazz/jazz.00046.wav,jazz.00046,/Users/ashfaquesami/425_project/data/clips_10s/jazz_046_2.wav,20.0,30.0,10.0,2,46,,pending,val
jazz_047_0,jazz,5,/Users/ashfaquesami/425_project/data/raw_gtzan/genres_original/jazz/jazz.00047.wav,jazz.00047,/Users/ashfaquesami/425_project/data/clips_10s/jazz_047_0.wav,0.0,10.0,10.0,0,47,,pending,train
jazz_047_1,jazz,5,/Users/ashfaquesami/425_project/data/raw_gtzan/genres_original/jazz/jazz.00047.wav,jazz.00047,/Users/ashfaquesami/425_project/data/clips_10s/jazz_047_1.wav,10.0,20.0,10.0,1,47,,pending,train
jazz_047_2,jazz,5,/Users/ashfaquesami/425_project/data/raw_gtzan/genres_original/jazz/jazz.00047.wav,jazz.00047,/Users/ashfaquesami/425_project/data/clips_10s/jazz_047_2.wav,20.0,30.0,10.0,2,47,,pending,train
jazz_048_0,jazz,5,/Users/ashfaquesami/425_project/data/raw_gtzan/genres_original/jazz/jazz.00048.wav,jazz.00048,/Users/ashfaquesami/425_project/data/clips_10s/jazz_048_0.wav,0.0,10.0,10.0,0,48,,pending,train
jazz_048_1,jazz,5,/Users/ashfaquesami/425_project/data/raw_gtzan/genres_original/jazz/jazz.00048.wav,jazz.00048,/Users/ashfaquesami/425_project/data/clips_10s/jazz_048_1.wav,10.0,20.0,10.0,1,48,,pending,train
jazz_048_2,jazz,5,/Users/ashfaquesami/425_project/data/raw_gtzan/genres_original/jazz/jazz.00048.wav,jazz.00048,/Users/ashfaquesami/425_project/data/clips_10s/jazz_048_2.wav,20.0,30.0,10.0,2,48,,pending,train
jazz_049_0,jazz,5,/Users/ashfaquesami/425_project/data/raw_gtzan/genres_original/jazz/jazz.00049.wav,jazz.00049,/Users/ashfaquesami/425_project/data/clips_10s/jazz_049_0.wav,0.0,10.0,10.0,0,49,,pending,train
jazz_049_1,jazz,5,/Users/ashfaquesami/425_project/data/raw_gtzan/genres_original/jazz/jazz.00049.wav,jazz.00049,/Users/ashfaquesami/425_project/data/clips_10s/jazz_049_1.wav,10.0,20.0,10.0,1,49,,pending,train
jazz_049_2,jazz,5,/Users/ashfaquesami/425_project/data/raw_gtzan/genres_original/jazz/jazz.00049.wav,jazz.00049,/Users/ashfaquesami/425_project/data/clips_10s/jazz_049_2.wav,20.0,30.0,10.0,2,49,,pending,train
jazz_050_0,jazz,5,/Users/ashfaquesami/425_project/data/raw_gtzan/genres_original/jazz/jazz.00050.wav,jazz.00050,/Users/ashfaquesami/425_project/data/clips_10s/jazz_050_0.wav,0.0,10.0,10.0,0,50,,pending,train
jazz_050_1,jazz,5,/Users/ashfaquesami/425_project/data/raw_gtzan/genres_original/jazz/jazz.00050.wav,jazz.00050,/Users/ashfaquesami/425_project/data/clips_10s/jazz_050_1.wav,10.0,20.0,10.0,1,50,,pending,train
jazz_050_2,jazz,5,/Users/ashfaquesami/425_project/data/raw_gtzan/genres_original/jazz/jazz.00050.wav,jazz.00050,/Users/ashfaquesami/425_project/data/clips_10s/jazz_050_2.wav,20.0,30.0,10.0,2,50,,pending,train
jazz_051_0,jazz,5,/Users/ashfaquesami/425_project/data/raw_gtzan/genres_original/jazz/jazz.00051.wav,jazz.00051,/Users/ashfaquesami/425_project/data/clips_10s/jazz_051_0.wav,0.0,10.0,10.0,0,51,,pending,train
jazz_051_1,jazz,5,/Users/ashfaquesami/425_project/data/raw_gtzan/genres_original/jazz/jazz.00051.wav,jazz.00051,/Users/ashfaquesami/425_project/data/clips_10s/jazz_051_1.wav,10.0,20.0,10.0,1,51,,pending,train
jazz_051_2,jazz,5,/Users/ashfaquesami/425_project/data/raw_gtzan/genres_original/jazz/jazz.00051.wav,jazz.00051,/Users/ashfaquesami/425_project/data/clips_10s/jazz_051_2.wav,20.0,30.0,10.0,2,51,,pending,train
jazz_052_0,jazz,5,/Users/ashfaquesami/425_project/data/raw_gtzan/genres_original/jazz/jazz.00052.wav,jazz.00052,/Users/ashfaquesami/425_project/data/clips_10s/jazz_052_0.wav,0.0,10.0,10.0,0,52,,pending,train
jazz_052_1,jazz,5,/Users/ashfaquesami/425_project/data/raw_gtzan/genres_original/jazz/jazz.00052.wav,jazz.00052,/Users/ashfaquesami/425_project/data/clips_10s/jazz_052_1.wav,10.0,20.0,10.0,1,52,,pending,train
jazz_052_2,jazz,5,/Users/ashfaquesami/425_project/data/raw_gtzan/genres_original/jazz/jazz.00052.wav,jazz.00052,/Users/ashfaquesami/425_project/data/clips_10s/jazz_052_2.wav,20.0,30.0,10.0,2,52,,pending,train
jazz_053_0,jazz,5,/Users/ashfaquesami/425_project/data/raw_gtzan/genres_original/jazz/jazz.00053.wav,jazz.00053,/Users/ashfaquesami/425_project/data/clips_10s/jazz_053_0.wav,0.0,10.0,10.0,0,53,,pending,val
jazz_053_1,jazz,5,/Users/ashfaquesami/425_project/data/raw_gtzan/genres_original/jazz/jazz.00053.wav,jazz.00053,/Users/ashfaquesami/425_project/data/clips_10s/jazz_053_1.wav,10.0,20.0,10.0,1,53,,pending,val
jazz_053_2,jazz,5,/Users/ashfaquesami/425_project/data/raw_gtzan/genres_original/jazz/jazz.00053.wav,jazz.00053,/Users/ashfaquesami/425_project/data/clips_10s/jazz_053_2.wav,20.0,30.0,10.0,2,53,,pending,val
jazz_055_0,jazz,5,/Users/ashfaquesami/425_project/data/raw_gtzan/genres_original/jazz/jazz.00055.wav,jazz.00055,/Users/ashfaquesami/425_project/data/clips_10s/jazz_055_0.wav,0.0,10.0,10.0,0,55,,pending,train
jazz_055_1,jazz,5,/Users/ashfaquesami/425_project/data/raw_gtzan/genres_original/jazz/jazz.00055.wav,jazz.00055,/Users/ashfaquesami/425_project/data/clips_10s/jazz_055_1.wav,10.0,20.0,10.0,1,55,,pending,train
jazz_055_2,jazz,5,/Users/ashfaquesami/425_project/data/raw_gtzan/genres_original/jazz/jazz.00055.wav,jazz.00055,/Users/ashfaquesami/425_project/data/clips_10s/jazz_055_2.wav,20.0,30.0,10.0,2,55,,pending,train
jazz_056_0,jazz,5,/Users/ashfaquesami/425_project/data/raw_gtzan/genres_original/jazz/jazz.00056.wav,jazz.00056,/Users/ashfaquesami/425_project/data/clips_10s/jazz_056_0.wav,0.0,10.0,10.0,0,56,,pending,test
jazz_056_1,jazz,5,/Users/ashfaquesami/425_project/data/raw_gtzan/genres_original/jazz/jazz.00056.wav,jazz.00056,/Users/ashfaquesami/425_project/data/clips_10s/jazz_056_1.wav,10.0,20.0,10.0,1,56,,pending,test
jazz_056_2,jazz,5,/Users/ashfaquesami/425_project/data/raw_gtzan/genres_original/jazz/jazz.00056.wav,jazz.00056,/Users/ashfaquesami/425_project/data/clips_10s/jazz_056_2.wav,20.0,30.0,10.0,2,56,,pending,test
jazz_057_0,jazz,5,/Users/ashfaquesami/425_project/data/raw_gtzan/genres_original/jazz/jazz.00057.wav,jazz.00057,/Users/ashfaquesami/425_project/data/clips_10s/jazz_057_0.wav,0.0,10.0,10.0,0,57,,pending,val
jazz_057_1,jazz,5,/Users/ashfaquesami/425_project/data/raw_gtzan/genres_original/jazz/jazz.00057.wav,jazz.00057,/Users/ashfaquesami/425_project/data/clips_10s/jazz_057_1.wav,10.0,20.0,10.0,1,57,,pending,val
jazz_057_2,jazz,5,/Users/ashfaquesami/425_project/data/raw_gtzan/genres_original/jazz/jazz.00057.wav,jazz.00057,/Users/ashfaquesami/425_project/data/clips_10s/jazz_057_2.wav,20.0,30.0,10.0,2,57,,pending,val
jazz_058_0,jazz,5,/Users/ashfaquesami/425_project/data/raw_gtzan/genres_original/jazz/jazz.00058.wav,jazz.00058,/Users/ashfaquesami/425_project/data/clips_10s/jazz_058_0.wav,0.0,10.0,10.0,0,58,,pending,train
jazz_058_1,jazz,5,/Users/ashfaquesami/425_project/data/raw_gtzan/genres_original/jazz/jazz.00058.wav,jazz.00058,/Users/ashfaquesami/425_project/data/clips_10s/jazz_058_1.wav,10.0,20.0,10.0,1,58,,pending,train
jazz_058_2,jazz,5,/Users/ashfaquesami/425_project/data/raw_gtzan/genres_original/jazz/jazz.00058.wav,jazz.00058,/Users/ashfaquesami/425_project/data/clips_10s/jazz_058_2.wav,20.0,30.0,10.0,2,58,,pending,train
jazz_059_0,jazz,5,/Users/ashfaquesami/425_project/data/raw_gtzan/genres_original/jazz/jazz.00059.wav,jazz.00059,/Users/ashfaquesami/425_project/data/clips_10s/jazz_059_0.wav,0.0,10.0,10.0,0,59,,pending,train
jazz_059_1,jazz,5,/Users/ashfaquesami/425_project/data/raw_gtzan/genres_original/jazz/jazz.00059.wav,jazz.00059,/Users/ashfaquesami/425_project/data/clips_10s/jazz_059_1.wav,10.0,20.0,10.0,1,59,,pending,train
jazz_059_2,jazz,5,/Users/ashfaquesami/425_project/data/raw_gtzan/genres_original/jazz/jazz.00059.wav,jazz.00059,/Users/ashfaquesami/425_project/data/clips_10s/jazz_059_2.wav,20.0,30.0,10.0,2,59,,pending,train
jazz_060_0,jazz,5,/Users/ashfaquesami/425_project/data/raw_gtzan/genres_original/jazz/jazz.00060.wav,jazz.00060,/Users/ashfaquesami/425_project/data/clips_10s/jazz_060_0.wav,0.0,10.0,10.0,0,60,,pending,train
jazz_060_1,jazz,5,/Users/ashfaquesami/425_project/data/raw_gtzan/genres_original/jazz/jazz.00060.wav,jazz.00060,/Users/ashfaquesami/425_project/data/clips_10s/jazz_060_1.wav,10.0,20.0,10.0,1,60,,pending,train
jazz_060_2,jazz,5,/Users/ashfaquesami/425_project/data/raw_gtzan/genres_original/jazz/jazz.00060.wav,jazz.00060,/Users/ashfaquesami/425_project/data/clips_10s/jazz_060_2.wav,20.0,30.0,10.0,2,60,,pending,train
jazz_061_0,jazz,5,/Users/ashfaquesami/425_project/data/raw_gtzan/genres_original/jazz/jazz.00061.wav,jazz.00061,/Users/ashfaquesami/425_project/data/clips_10s/jazz_061_0.wav,0.0,10.0,10.0,0,61,,pending,test
jazz_061_1,jazz,5,/Users/ashfaquesami/425_project/data/raw_gtzan/genres_original/jazz/jazz.00061.wav,jazz.00061,/Users/ashfaquesami/425_project/data/clips_10s/jazz_061_1.wav,10.0,20.0,10.0,1,61,,pending,test
jazz_061_2,jazz,5,/Users/ashfaquesami/425_project/data/raw_gtzan/genres_original/jazz/jazz.00061.wav,jazz.00061,/Users/ashfaquesami/425_project/data/clips_10s/jazz_061_2.wav,20.0,30.0,10.0,2,61,,pending,test
jazz_062_0,jazz,5,/Users/ashfaquesami/425_project/data/raw_gtzan/genres_original/jazz/jazz.00062.wav,jazz.00062,/Users/ashfaquesami/425_project/data/clips_10s/jazz_062_0.wav,0.0,10.0,10.0,0,62,,pending,test
jazz_062_1,jazz,5,/Users/ashfaquesami/425_project/data/raw_gtzan/genres_original/jazz/jazz.00062.wav,jazz.00062,/Users/ashfaquesami/425_project/data/clips_10s/jazz_062_1.wav,10.0,20.0,10.0,1,62,,pending,test
jazz_062_2,jazz,5,/Users/ashfaquesami/425_project/data/raw_gtzan/genres_original/jazz/jazz.00062.wav,jazz.00062,/Users/ashfaquesami/425_project/data/clips_10s/jazz_062_2.wav,20.0,30.0,10.0,2,62,,pending,test
jazz_063_0,jazz,5,/Users/ashfaquesami/425_project/data/raw_gtzan/genres_original/jazz/jazz.00063.wav,jazz.00063,/Users/ashfaquesami/425_project/data/clips_10s/jazz_063_0.wav,0.0,10.0,10.0,0,63,,pending,test
jazz_063_1,jazz,5,/Users/ashfaquesami/425_project/data/raw_gtzan/genres_original/jazz/jazz.00063.wav,jazz.00063,/Users/ashfaquesami/425_project/data/clips_10s/jazz_063_1.wav,10.0,20.0,10.0,1,63,,pending,test
jazz_063_2,jazz,5,/Users/ashfaquesami/425_project/data/raw_gtzan/genres_original/jazz/jazz.00063.wav,jazz.00063,/Users/ashfaquesami/425_project/data/clips_10s/jazz_063_2.wav,20.0,30.0,10.0,2,63,,pending,test
jazz_064_0,jazz,5,/Users/ashfaquesami/425_project/data/raw_gtzan/genres_original/jazz/jazz.00064.wav,jazz.00064,/Users/ashfaquesami/425_project/data/clips_10s/jazz_064_0.wav,0.0,10.0,10.0,0,64,,pending,val
jazz_064_1,jazz,5,/Users/ashfaquesami/425_project/data/raw_gtzan/genres_original/jazz/jazz.00064.wav,jazz.00064,/Users/ashfaquesami/425_project/data/clips_10s/jazz_064_1.wav,10.0,20.0,10.0,1,64,,pending,val
jazz_064_2,jazz,5,/Users/ashfaquesami/425_project/data/raw_gtzan/genres_original/jazz/jazz.00064.wav,jazz.00064,/Users/ashfaquesami/425_project/data/clips_10s/jazz_064_2.wav,20.0,30.0,10.0,2,64,,pending,val
jazz_065_0,jazz,5,/Users/ashfaquesami/425_project/data/raw_gtzan/genres_original/jazz/jazz.00065.wav,jazz.00065,/Users/ashfaquesami/425_project/data/clips_10s/jazz_065_0.wav,0.0,10.0,10.0,0,65,,pending,test
jazz_065_1,jazz,5,/Users/ashfaquesami/425_project/data/raw_gtzan/genres_original/jazz/jazz.00065.wav,jazz.00065,/Users/ashfaquesami/425_project/data/clips_10s/jazz_065_1.wav,10.0,20.0,10.0,1,65,,pending,test
jazz_065_2,jazz,5,/Users/ashfaquesami/425_project/data/raw_gtzan/genres_original/jazz/jazz.00065.wav,jazz.00065,/Users/ashfaquesami/425_project/data/clips_10s/jazz_065_2.wav,20.0,30.0,10.0,2,65,,pending,test
jazz_066_0,jazz,5,/Users/ashfaquesami/425_project/data/raw_gtzan/genres_original/jazz/jazz.00066.wav,jazz.00066,/Users/ashfaquesami/425_project/data/clips_10s/jazz_066_0.wav,0.0,10.0,10.0,0,66,,pending,test
jazz_066_1,jazz,5,/Users/ashfaquesami/425_project/data/raw_gtzan/genres_original/jazz/jazz.00066.wav,jazz.00066,/Users/ashfaquesami/425_project/data/clips_10s/jazz_066_1.wav,10.0,20.0,10.0,1,66,,pending,test
jazz_066_2,jazz,5,/Users/ashfaquesami/425_project/data/raw_gtzan/genres_original/jazz/jazz.00066.wav,jazz.00066,/Users/ashfaquesami/425_project/data/clips_10s/jazz_066_2.wav,20.0,30.0,10.0,2,66,,pending,test
jazz_067_0,jazz,5,/Users/ashfaquesami/425_project/data/raw_gtzan/genres_original/jazz/jazz.00067.wav,jazz.00067,/Users/ashfaquesami/425_project/data/clips_10s/jazz_067_0.wav,0.0,10.0,10.0,0,67,,pending,test
jazz_067_1,jazz,5,/Users/ashfaquesami/425_project/data/raw_gtzan/genres_original/jazz/jazz.00067.wav,jazz.00067,/Users/ashfaquesami/425_project/data/clips_10s/jazz_067_1.wav,10.0,20.0,10.0,1,67,,pending,test
jazz_067_2,jazz,5,/Users/ashfaquesami/425_project/data/raw_gtzan/genres_original/jazz/jazz.00067.wav,jazz.00067,/Users/ashfaquesami/425_project/data/clips_10s/jazz_067_2.wav,20.0,30.0,10.0,2,67,,pending,test
jazz_068_0,jazz,5,/Users/ashfaquesami/425_project/data/raw_gtzan/genres_original/jazz/jazz.00068.wav,jazz.00068,/Users/ashfaquesami/425_project/data/clips_10s/jazz_068_0.wav,0.0,10.0,10.0,0,68,,pending,train
jazz_068_1,jazz,5,/Users/ashfaquesami/425_project/data/raw_gtzan/genres_original/jazz/jazz.00068.wav,jazz.00068,/Users/ashfaquesami/425_project/data/clips_10s/jazz_068_1.wav,10.0,20.0,10.0,1,68,,pending,train
jazz_068_2,jazz,5,/Users/ashfaquesami/425_project/data/raw_gtzan/genres_original/jazz/jazz.00068.wav,jazz.00068,/Users/ashfaquesami/425_project/data/clips_10s/jazz_068_2.wav,20.0,30.0,10.0,2,68,,pending,train
jazz_069_0,jazz,5,/Users/ashfaquesami/425_project/data/raw_gtzan/genres_original/jazz/jazz.00069.wav,jazz.00069,/Users/ashfaquesami/425_project/data/clips_10s/jazz_069_0.wav,0.0,10.0,10.0,0,69,,pending,train
jazz_069_1,jazz,5,/Users/ashfaquesami/425_project/data/raw_gtzan/genres_original/jazz/jazz.00069.wav,jazz.00069,/Users/ashfaquesami/425_project/data/clips_10s/jazz_069_1.wav,10.0,20.0,10.0,1,69,,pending,train
jazz_069_2,jazz,5,/Users/ashfaquesami/425_project/data/raw_gtzan/genres_original/jazz/jazz.00069.wav,jazz.00069,/Users/ashfaquesami/425_project/data/clips_10s/jazz_069_2.wav,20.0,30.0,10.0,2,69,,pending,train
jazz_070_0,jazz,5,/Users/ashfaquesami/425_project/data/raw_gtzan/genres_original/jazz/jazz.00070.wav,jazz.00070,/Users/ashfaquesami/425_project/data/clips_10s/jazz_070_0.wav,0.0,10.0,10.0,0,70,,pending,train
jazz_070_1,jazz,5,/Users/ashfaquesami/425_project/data/raw_gtzan/genres_original/jazz/jazz.00070.wav,jazz.00070,/Users/ashfaquesami/425_project/data/clips_10s/jazz_070_1.wav,10.0,20.0,10.0,1,70,,pending,train
jazz_070_2,jazz,5,/Users/ashfaquesami/425_project/data/raw_gtzan/genres_original/jazz/jazz.00070.wav,jazz.00070,/Users/ashfaquesami/425_project/data/clips_10s/jazz_070_2.wav,20.0,30.0,10.0,2,70,,pending,train
jazz_071_0,jazz,5,/Users/ashfaquesami/425_project/data/raw_gtzan/genres_original/jazz/jazz.00071.wav,jazz.00071,/Users/ashfaquesami/425_project/data/clips_10s/jazz_071_0.wav,0.0,10.0,10.0,0,71,,pending,train
jazz_071_1,jazz,5,/Users/ashfaquesami/425_project/data/raw_gtzan/genres_original/jazz/jazz.00071.wav,jazz.00071,/Users/ashfaquesami/425_project/data/clips_10s/jazz_071_1.wav,10.0,20.0,10.0,1,71,,pending,train
jazz_071_2,jazz,5,/Users/ashfaquesami/425_project/data/raw_gtzan/genres_original/jazz/jazz.00071.wav,jazz.00071,/Users/ashfaquesami/425_project/data/clips_10s/jazz_071_2.wav,20.0,30.0,10.0,2,71,,pending,train
jazz_072_0,jazz,5,/Users/ashfaquesami/425_project/data/raw_gtzan/genres_original/jazz/jazz.00072.wav,jazz.00072,/Users/ashfaquesami/425_project/data/clips_10s/jazz_072_0.wav,0.0,10.0,10.0,0,72,,pending,train
jazz_072_1,jazz,5,/Users/ashfaquesami/425_project/data/raw_gtzan/genres_original/jazz/jazz.00072.wav,jazz.00072,/Users/ashfaquesami/425_project/data/clips_10s/jazz_072_1.wav,10.0,20.0,10.0,1,72,,pending,train
jazz_072_2,jazz,5,/Users/ashfaquesami/425_project/data/raw_gtzan/genres_original/jazz/jazz.00072.wav,jazz.00072,/Users/ashfaquesami/425_project/data/clips_10s/jazz_072_2.wav,20.0,30.0,10.0,2,72,,pending,train
jazz_073_0,jazz,5,/Users/ashfaquesami/425_project/data/raw_gtzan/genres_original/jazz/jazz.00073.wav,jazz.00073,/Users/ashfaquesami/425_project/data/clips_10s/jazz_073_0.wav,0.0,10.0,10.0,0,73,,pending,train
jazz_073_1,jazz,5,/Users/ashfaquesami/425_project/data/raw_gtzan/genres_original/jazz/jazz.00073.wav,jazz.00073,/Users/ashfaquesami/425_project/data/clips_10s/jazz_073_1.wav,10.0,20.0,10.0,1,73,,pending,train
jazz_073_2,jazz,5,/Users/ashfaquesami/425_project/data/raw_gtzan/genres_original/jazz/jazz.00073.wav,jazz.00073,/Users/ashfaquesami/425_project/data/clips_10s/jazz_073_2.wav,20.0,30.0,10.0,2,73,,pending,train
jazz_074_0,jazz,5,/Users/ashfaquesami/425_project/data/raw_gtzan/genres_original/jazz/jazz.00074.wav,jazz.00074,/Users/ashfaquesami/425_project/data/clips_10s/jazz_074_0.wav,0.0,10.0,10.0,0,74,,pending,val
jazz_074_1,jazz,5,/Users/ashfaquesami/425_project/data/raw_gtzan/genres_original/jazz/jazz.00074.wav,jazz.00074,/Users/ashfaquesami/425_project/data/clips_10s/jazz_074_1.wav,10.0,20.0,10.0,1,74,,pending,val
jazz_074_2,jazz,5,/Users/ashfaquesami/425_project/data/raw_gtzan/genres_original/jazz/jazz.00074.wav,jazz.00074,/Users/ashfaquesami/425_project/data/clips_10s/jazz_074_2.wav,20.0,30.0,10.0,2,74,,pending,val
jazz_075_0,jazz,5,/Users/ashfaquesami/425_project/data/raw_gtzan/genres_original/jazz/jazz.00075.wav,jazz.00075,/Users/ashfaquesami/425_project/data/clips_10s/jazz_075_0.wav,0.0,10.0,10.0,0,75,,pending,val
jazz_075_1,jazz,5,/Users/ashfaquesami/425_project/data/raw_gtzan/genres_original/jazz/jazz.00075.wav,jazz.00075,/Users/ashfaquesami/425_project/data/clips_10s/jazz_075_1.wav,10.0,20.0,10.0,1,75,,pending,val
jazz_075_2,jazz,5,/Users/ashfaquesami/425_project/data/raw_gtzan/genres_original/jazz/jazz.00075.wav,jazz.00075,/Users/ashfaquesami/425_project/data/clips_10s/jazz_075_2.wav,20.0,30.0,10.0,2,75,,pending,val
jazz_076_0,jazz,5,/Users/ashfaquesami/425_project/data/raw_gtzan/genres_original/jazz/jazz.00076.wav,jazz.00076,/Users/ashfaquesami/425_project/data/clips_10s/jazz_076_0.wav,0.0,10.0,10.0,0,76,,pending,train
jazz_076_1,jazz,5,/Users/ashfaquesami/425_project/data/raw_gtzan/genres_original/jazz/jazz.00076.wav,jazz.00076,/Users/ashfaquesami/425_project/data/clips_10s/jazz_076_1.wav,10.0,20.0,10.0,1,76,,pending,train
jazz_076_2,jazz,5,/Users/ashfaquesami/425_project/data/raw_gtzan/genres_original/jazz/jazz.00076.wav,jazz.00076,/Users/ashfaquesami/425_project/data/clips_10s/jazz_076_2.wav,20.0,30.0,10.0,2,76,,pending,train
jazz_077_0,jazz,5,/Users/ashfaquesami/425_project/data/raw_gtzan/genres_original/jazz/jazz.00077.wav,jazz.00077,/Users/ashfaquesami/425_project/data/clips_10s/jazz_077_0.wav,0.0,10.0,10.0,0,77,,pending,train
jazz_077_1,jazz,5,/Users/ashfaquesami/425_project/data/raw_gtzan/genres_original/jazz/jazz.00077.wav,jazz.00077,/Users/ashfaquesami/425_project/data/clips_10s/jazz_077_1.wav,10.0,20.0,10.0,1,77,,pending,train
jazz_077_2,jazz,5,/Users/ashfaquesami/425_project/data/raw_gtzan/genres_original/jazz/jazz.00077.wav,jazz.00077,/Users/ashfaquesami/425_project/data/clips_10s/jazz_077_2.wav,20.0,30.0,10.0,2,77,,pending,train
jazz_078_0,jazz,5,/Users/ashfaquesami/425_project/data/raw_gtzan/genres_original/jazz/jazz.00078.wav,jazz.00078,/Users/ashfaquesami/425_project/data/clips_10s/jazz_078_0.wav,0.0,10.0,10.0,0,78,,pending,val
jazz_078_1,jazz,5,/Users/ashfaquesami/425_project/data/raw_gtzan/genres_original/jazz/jazz.00078.wav,jazz.00078,/Users/ashfaquesami/425_project/data/clips_10s/jazz_078_1.wav,10.0,20.0,10.0,1,78,,pending,val
jazz_078_2,jazz,5,/Users/ashfaquesami/425_project/data/raw_gtzan/genres_original/jazz/jazz.00078.wav,jazz.00078,/Users/ashfaquesami/425_project/data/clips_10s/jazz_078_2.wav,20.0,30.0,10.0,2,78,,pending,val
jazz_079_0,jazz,5,/Users/ashfaquesami/425_project/data/raw_gtzan/genres_original/jazz/jazz.00079.wav,jazz.00079,/Users/ashfaquesami/425_project/data/clips_10s/jazz_079_0.wav,0.0,10.0,10.0,0,79,,pending,train
jazz_079_1,jazz,5,/Users/ashfaquesami/425_project/data/raw_gtzan/genres_original/jazz/jazz.00079.wav,jazz.00079,/Users/ashfaquesami/425_project/data/clips_10s/jazz_079_1.wav,10.0,20.0,10.0,1,79,,pending,train
jazz_079_2,jazz,5,/Users/ashfaquesami/425_project/data/raw_gtzan/genres_original/jazz/jazz.00079.wav,jazz.00079,/Users/ashfaquesami/425_project/data/clips_10s/jazz_079_2.wav,20.0,30.0,10.0,2,79,,pending,train
jazz_080_0,jazz,5,/Users/ashfaquesami/425_project/data/raw_gtzan/genres_original/jazz/jazz.00080.wav,jazz.00080,/Users/ashfaquesami/425_project/data/clips_10s/jazz_080_0.wav,0.0,10.0,10.0,0,80,,pending,train
jazz_080_1,jazz,5,/Users/ashfaquesami/425_project/data/raw_gtzan/genres_original/jazz/jazz.00080.wav,jazz.00080,/Users/ashfaquesami/425_project/data/clips_10s/jazz_080_1.wav,10.0,20.0,10.0,1,80,,pending,train
jazz_080_2,jazz,5,/Users/ashfaquesami/425_project/data/raw_gtzan/genres_original/jazz/jazz.00080.wav,jazz.00080,/Users/ashfaquesami/425_project/data/clips_10s/jazz_080_2.wav,20.0,30.0,10.0,2,80,,pending,train
jazz_081_0,jazz,5,/Users/ashfaquesami/425_project/data/raw_gtzan/genres_original/jazz/jazz.00081.wav,jazz.00081,/Users/ashfaquesami/425_project/data/clips_10s/jazz_081_0.wav,0.0,10.0,10.0,0,81,,pending,train
jazz_081_1,jazz,5,/Users/ashfaquesami/425_project/data/raw_gtzan/genres_original/jazz/jazz.00081.wav,jazz.00081,/Users/ashfaquesami/425_project/data/clips_10s/jazz_081_1.wav,10.0,20.0,10.0,1,81,,pending,train
jazz_081_2,jazz,5,/Users/ashfaquesami/425_project/data/raw_gtzan/genres_original/jazz/jazz.00081.wav,jazz.00081,/Users/ashfaquesami/425_project/data/clips_10s/jazz_081_2.wav,20.0,30.0,10.0,2,81,,pending,train
jazz_082_0,jazz,5,/Users/ashfaquesami/425_project/data/raw_gtzan/genres_original/jazz/jazz.00082.wav,jazz.00082,/Users/ashfaquesami/425_project/data/clips_10s/jazz_082_0.wav,0.0,10.0,10.0,0,82,,pending,train
jazz_082_1,jazz,5,/Users/ashfaquesami/425_project/data/raw_gtzan/genres_original/jazz/jazz.00082.wav,jazz.00082,/Users/ashfaquesami/425_project/data/clips_10s/jazz_082_1.wav,10.0,20.0,10.0,1,82,,pending,train
jazz_082_2,jazz,5,/Users/ashfaquesami/425_project/data/raw_gtzan/genres_original/jazz/jazz.00082.wav,jazz.00082,/Users/ashfaquesami/425_project/data/clips_10s/jazz_082_2.wav,20.0,30.0,10.0,2,82,,pending,train
jazz_083_0,jazz,5,/Users/ashfaquesami/425_project/data/raw_gtzan/genres_original/jazz/jazz.00083.wav,jazz.00083,/Users/ashfaquesami/425_project/data/clips_10s/jazz_083_0.wav,0.0,10.0,10.0,0,83,,pending,train
jazz_083_1,jazz,5,/Users/ashfaquesami/425_project/data/raw_gtzan/genres_original/jazz/jazz.00083.wav,jazz.00083,/Users/ashfaquesami/425_project/data/clips_10s/jazz_083_1.wav,10.0,20.0,10.0,1,83,,pending,train
jazz_083_2,jazz,5,/Users/ashfaquesami/425_project/data/raw_gtzan/genres_original/jazz/jazz.00083.wav,jazz.00083,/Users/ashfaquesami/425_project/data/clips_10s/jazz_083_2.wav,20.0,30.0,10.0,2,83,,pending,train
jazz_084_0,jazz,5,/Users/ashfaquesami/425_project/data/raw_gtzan/genres_original/jazz/jazz.00084.wav,jazz.00084,/Users/ashfaquesami/425_project/data/clips_10s/jazz_084_0.wav,0.0,10.0,10.0,0,84,,pending,train
jazz_084_1,jazz,5,/Users/ashfaquesami/425_project/data/raw_gtzan/genres_original/jazz/jazz.00084.wav,jazz.00084,/Users/ashfaquesami/425_project/data/clips_10s/jazz_084_1.wav,10.0,20.0,10.0,1,84,,pending,train
jazz_084_2,jazz,5,/Users/ashfaquesami/425_project/data/raw_gtzan/genres_original/jazz/jazz.00084.wav,jazz.00084,/Users/ashfaquesami/425_project/data/clips_10s/jazz_084_2.wav,20.0,30.0,10.0,2,84,,pending,train
jazz_085_0,jazz,5,/Users/ashfaquesami/425_project/data/raw_gtzan/genres_original/jazz/jazz.00085.wav,jazz.00085,/Users/ashfaquesami/425_project/data/clips_10s/jazz_085_0.wav,0.0,10.0,10.0,0,85,,pending,train
jazz_085_1,jazz,5,/Users/ashfaquesami/425_project/data/raw_gtzan/genres_original/jazz/jazz.00085.wav,jazz.00085,/Users/ashfaquesami/425_project/data/clips_10s/jazz_085_1.wav,10.0,20.0,10.0,1,85,,pending,train
jazz_085_2,jazz,5,/Users/ashfaquesami/425_project/data/raw_gtzan/genres_original/jazz/jazz.00085.wav,jazz.00085,/Users/ashfaquesami/425_project/data/clips_10s/jazz_085_2.wav,20.0,30.0,10.0,2,85,,pending,train
jazz_086_0,jazz,5,/Users/ashfaquesami/425_project/data/raw_gtzan/genres_original/jazz/jazz.00086.wav,jazz.00086,/Users/ashfaquesami/425_project/data/clips_10s/jazz_086_0.wav,0.0,10.0,10.0,0,86,,pending,train
jazz_086_1,jazz,5,/Users/ashfaquesami/425_project/data/raw_gtzan/genres_original/jazz/jazz.00086.wav,jazz.00086,/Users/ashfaquesami/425_project/data/clips_10s/jazz_086_1.wav,10.0,20.0,10.0,1,86,,pending,train
jazz_086_2,jazz,5,/Users/ashfaquesami/425_project/data/raw_gtzan/genres_original/jazz/jazz.00086.wav,jazz.00086,/Users/ashfaquesami/425_project/data/clips_10s/jazz_086_2.wav,20.0,30.0,10.0,2,86,,pending,train
jazz_087_0,jazz,5,/Users/ashfaquesami/425_project/data/raw_gtzan/genres_original/jazz/jazz.00087.wav,jazz.00087,/Users/ashfaquesami/425_project/data/clips_10s/jazz_087_0.wav,0.0,10.0,10.0,0,87,,pending,train
jazz_087_1,jazz,5,/Users/ashfaquesami/425_project/data/raw_gtzan/genres_original/jazz/jazz.00087.wav,jazz.00087,/Users/ashfaquesami/425_project/data/clips_10s/jazz_087_1.wav,10.0,20.0,10.0,1,87,,pending,train
jazz_087_2,jazz,5,/Users/ashfaquesami/425_project/data/raw_gtzan/genres_original/jazz/jazz.00087.wav,jazz.00087,/Users/ashfaquesami/425_project/data/clips_10s/jazz_087_2.wav,20.0,30.0,10.0,2,87,,pending,train
jazz_088_0,jazz,5,/Users/ashfaquesami/425_project/data/raw_gtzan/genres_original/jazz/jazz.00088.wav,jazz.00088,/Users/ashfaquesami/425_project/data/clips_10s/jazz_088_0.wav,0.0,10.0,10.0,0,88,,pending,train
jazz_088_1,jazz,5,/Users/ashfaquesami/425_project/data/raw_gtzan/genres_original/jazz/jazz.00088.wav,jazz.00088,/Users/ashfaquesami/425_project/data/clips_10s/jazz_088_1.wav,10.0,20.0,10.0,1,88,,pending,train
jazz_088_2,jazz,5,/Users/ashfaquesami/425_project/data/raw_gtzan/genres_original/jazz/jazz.00088.wav,jazz.00088,/Users/ashfaquesami/425_project/data/clips_10s/jazz_088_2.wav,20.0,30.0,10.0,2,88,,pending,train
jazz_089_0,jazz,5,/Users/ashfaquesami/425_project/data/raw_gtzan/genres_original/jazz/jazz.00089.wav,jazz.00089,/Users/ashfaquesami/425_project/data/clips_10s/jazz_089_0.wav,0.0,10.0,10.0,0,89,,pending,train
jazz_089_1,jazz,5,/Users/ashfaquesami/425_project/data/raw_gtzan/genres_original/jazz/jazz.00089.wav,jazz.00089,/Users/ashfaquesami/425_project/data/clips_10s/jazz_089_1.wav,10.0,20.0,10.0,1,89,,pending,train
jazz_089_2,jazz,5,/Users/ashfaquesami/425_project/data/raw_gtzan/genres_original/jazz/jazz.00089.wav,jazz.00089,/Users/ashfaquesami/425_project/data/clips_10s/jazz_089_2.wav,20.0,30.0,10.0,2,89,,pending,train
jazz_090_0,jazz,5,/Users/ashfaquesami/425_project/data/raw_gtzan/genres_original/jazz/jazz.00090.wav,jazz.00090,/Users/ashfaquesami/425_project/data/clips_10s/jazz_090_0.wav,0.0,10.0,10.0,0,90,,pending,train
jazz_090_1,jazz,5,/Users/ashfaquesami/425_project/data/raw_gtzan/genres_original/jazz/jazz.00090.wav,jazz.00090,/Users/ashfaquesami/425_project/data/clips_10s/jazz_090_1.wav,10.0,20.0,10.0,1,90,,pending,train
jazz_090_2,jazz,5,/Users/ashfaquesami/425_project/data/raw_gtzan/genres_original/jazz/jazz.00090.wav,jazz.00090,/Users/ashfaquesami/425_project/data/clips_10s/jazz_090_2.wav,20.0,30.0,10.0,2,90,,pending,train
jazz_091_0,jazz,5,/Users/ashfaquesami/425_project/data/raw_gtzan/genres_original/jazz/jazz.00091.wav,jazz.00091,/Users/ashfaquesami/425_project/data/clips_10s/jazz_091_0.wav,0.0,10.0,10.0,0,91,,pending,train
jazz_091_1,jazz,5,/Users/ashfaquesami/425_project/data/raw_gtzan/genres_original/jazz/jazz.00091.wav,jazz.00091,/Users/ashfaquesami/425_project/data/clips_10s/jazz_091_1.wav,10.0,20.0,10.0,1,91,,pending,train
jazz_091_2,jazz,5,/Users/ashfaquesami/425_project/data/raw_gtzan/genres_original/jazz/jazz.00091.wav,jazz.00091,/Users/ashfaquesami/425_project/data/clips_10s/jazz_091_2.wav,20.0,30.0,10.0,2,91,,pending,train
jazz_092_0,jazz,5,/Users/ashfaquesami/425_project/data/raw_gtzan/genres_original/jazz/jazz.00092.wav,jazz.00092,/Users/ashfaquesami/425_project/data/clips_10s/jazz_092_0.wav,0.0,10.0,10.0,0,92,,pending,train
jazz_092_1,jazz,5,/Users/ashfaquesami/425_project/data/raw_gtzan/genres_original/jazz/jazz.00092.wav,jazz.00092,/Users/ashfaquesami/425_project/data/clips_10s/jazz_092_1.wav,10.0,20.0,10.0,1,92,,pending,train
jazz_092_2,jazz,5,/Users/ashfaquesami/425_project/data/raw_gtzan/genres_original/jazz/jazz.00092.wav,jazz.00092,/Users/ashfaquesami/425_project/data/clips_10s/jazz_092_2.wav,20.0,30.0,10.0,2,92,,pending,train
jazz_093_0,jazz,5,/Users/ashfaquesami/425_project/data/raw_gtzan/genres_original/jazz/jazz.00093.wav,jazz.00093,/Users/ashfaquesami/425_project/data/clips_10s/jazz_093_0.wav,0.0,10.0,10.0,0,93,,pending,val
jazz_093_1,jazz,5,/Users/ashfaquesami/425_project/data/raw_gtzan/genres_original/jazz/jazz.00093.wav,jazz.00093,/Users/ashfaquesami/425_project/data/clips_10s/jazz_093_1.wav,10.0,20.0,10.0,1,93,,pending,val
jazz_093_2,jazz,5,/Users/ashfaquesami/425_project/data/raw_gtzan/genres_original/jazz/jazz.00093.wav,jazz.00093,/Users/ashfaquesami/425_project/data/clips_10s/jazz_093_2.wav,20.0,30.0,10.0,2,93,,pending,val
jazz_094_0,jazz,5,/Users/ashfaquesami/425_project/data/raw_gtzan/genres_original/jazz/jazz.00094.wav,jazz.00094,/Users/ashfaquesami/425_project/data/clips_10s/jazz_094_0.wav,0.0,10.0,10.0,0,94,,pending,train
jazz_094_1,jazz,5,/Users/ashfaquesami/425_project/data/raw_gtzan/genres_original/jazz/jazz.00094.wav,jazz.00094,/Users/ashfaquesami/425_project/data/clips_10s/jazz_094_1.wav,10.0,20.0,10.0,1,94,,pending,train
jazz_094_2,jazz,5,/Users/ashfaquesami/425_project/data/raw_gtzan/genres_original/jazz/jazz.00094.wav,jazz.00094,/Users/ashfaquesami/425_project/data/clips_10s/jazz_094_2.wav,20.0,30.0,10.0,2,94,,pending,train
jazz_095_0,jazz,5,/Users/ashfaquesami/425_project/data/raw_gtzan/genres_original/jazz/jazz.00095.wav,jazz.00095,/Users/ashfaquesami/425_project/data/clips_10s/jazz_095_0.wav,0.0,10.0,10.0,0,95,,pending,train
jazz_095_1,jazz,5,/Users/ashfaquesami/425_project/data/raw_gtzan/genres_original/jazz/jazz.00095.wav,jazz.00095,/Users/ashfaquesami/425_project/data/clips_10s/jazz_095_1.wav,10.0,20.0,10.0,1,95,,pending,train
jazz_095_2,jazz,5,/Users/ashfaquesami/425_project/data/raw_gtzan/genres_original/jazz/jazz.00095.wav,jazz.00095,/Users/ashfaquesami/425_project/data/clips_10s/jazz_095_2.wav,20.0,30.0,10.0,2,95,,pending,train
jazz_096_0,jazz,5,/Users/ashfaquesami/425_project/data/raw_gtzan/genres_original/jazz/jazz.00096.wav,jazz.00096,/Users/ashfaquesami/425_project/data/clips_10s/jazz_096_0.wav,0.0,10.0,10.0,0,96,,pending,train
jazz_096_1,jazz,5,/Users/ashfaquesami/425_project/data/raw_gtzan/genres_original/jazz/jazz.00096.wav,jazz.00096,/Users/ashfaquesami/425_project/data/clips_10s/jazz_096_1.wav,10.0,20.0,10.0,1,96,,pending,train
jazz_096_2,jazz,5,/Users/ashfaquesami/425_project/data/raw_gtzan/genres_original/jazz/jazz.00096.wav,jazz.00096,/Users/ashfaquesami/425_project/data/clips_10s/jazz_096_2.wav,20.0,30.0,10.0,2,96,,pending,train
jazz_097_0,jazz,5,/Users/ashfaquesami/425_project/data/raw_gtzan/genres_original/jazz/jazz.00097.wav,jazz.00097,/Users/ashfaquesami/425_project/data/clips_10s/jazz_097_0.wav,0.0,10.0,10.0,0,97,,pending,train
jazz_097_1,jazz,5,/Users/ashfaquesami/425_project/data/raw_gtzan/genres_original/jazz/jazz.00097.wav,jazz.00097,/Users/ashfaquesami/425_project/data/clips_10s/jazz_097_1.wav,10.0,20.0,10.0,1,97,,pending,train
jazz_097_2,jazz,5,/Users/ashfaquesami/425_project/data/raw_gtzan/genres_original/jazz/jazz.00097.wav,jazz.00097,/Users/ashfaquesami/425_project/data/clips_10s/jazz_097_2.wav,20.0,30.0,10.0,2,97,,pending,train
jazz_098_0,jazz,5,/Users/ashfaquesami/425_project/data/raw_gtzan/genres_original/jazz/jazz.00098.wav,jazz.00098,/Users/ashfaquesami/425_project/data/clips_10s/jazz_098_0.wav,0.0,10.0,10.0,0,98,,pending,train
jazz_098_1,jazz,5,/Users/ashfaquesami/425_project/data/raw_gtzan/genres_original/jazz/jazz.00098.wav,jazz.00098,/Users/ashfaquesami/425_project/data/clips_10s/jazz_098_1.wav,10.0,20.0,10.0,1,98,,pending,train
jazz_098_2,jazz,5,/Users/ashfaquesami/425_project/data/raw_gtzan/genres_original/jazz/jazz.00098.wav,jazz.00098,/Users/ashfaquesami/425_project/data/clips_10s/jazz_098_2.wav,20.0,30.0,10.0,2,98,,pending,train
jazz_099_0,jazz,5,/Users/ashfaquesami/425_project/data/raw_gtzan/genres_original/jazz/jazz.00099.wav,jazz.00099,/Users/ashfaquesami/425_project/data/clips_10s/jazz_099_0.wav,0.0,10.0,10.0,0,99,,pending,train
jazz_099_1,jazz,5,/Users/ashfaquesami/425_project/data/raw_gtzan/genres_original/jazz/jazz.00099.wav,jazz.00099,/Users/ashfaquesami/425_project/data/clips_10s/jazz_099_1.wav,10.0,20.0,10.0,1,99,,pending,train
jazz_099_2,jazz,5,/Users/ashfaquesami/425_project/data/raw_gtzan/genres_original/jazz/jazz.00099.wav,jazz.00099,/Users/ashfaquesami/425_project/data/clips_10s/jazz_099_2.wav,20.0,30.0,10.0,2,99,,pending,train
metal_000_0,metal,6,/Users/ashfaquesami/425_project/data/raw_gtzan/genres_original/metal/metal.00000.wav,metal.00000,/Users/ashfaquesami/425_project/data/clips_10s/metal_000_0.wav,0.0,10.0,10.0,0,0,,pending,train
metal_000_1,metal,6,/Users/ashfaquesami/425_project/data/raw_gtzan/genres_original/metal/metal.00000.wav,metal.00000,/Users/ashfaquesami/425_project/data/clips_10s/metal_000_1.wav,10.0,20.0,10.0,1,0,,pending,train
metal_000_2,metal,6,/Users/ashfaquesami/425_project/data/raw_gtzan/genres_original/metal/metal.00000.wav,metal.00000,/Users/ashfaquesami/425_project/data/clips_10s/metal_000_2.wav,20.0,30.0,10.0,2,0,,pending,train
metal_001_0,metal,6,/Users/ashfaquesami/425_project/data/raw_gtzan/genres_original/metal/metal.00001.wav,metal.00001,/Users/ashfaquesami/425_project/data/clips_10s/metal_001_0.wav,0.0,10.0,10.0,0,1,,pending,test
metal_001_1,metal,6,/Users/ashfaquesami/425_project/data/raw_gtzan/genres_original/metal/metal.00001.wav,metal.00001,/Users/ashfaquesami/425_project/data/clips_10s/metal_001_1.wav,10.0,20.0,10.0,1,1,,pending,test
metal_001_2,metal,6,/Users/ashfaquesami/425_project/data/raw_gtzan/genres_original/metal/metal.00001.wav,metal.00001,/Users/ashfaquesami/425_project/data/clips_10s/metal_001_2.wav,20.0,30.0,10.0,2,1,,pending,test
metal_002_0,metal,6,/Users/ashfaquesami/425_project/data/raw_gtzan/genres_original/metal/metal.00002.wav,metal.00002,/Users/ashfaquesami/425_project/data/clips_10s/metal_002_0.wav,0.0,10.0,10.0,0,2,,pending,train
metal_002_1,metal,6,/Users/ashfaquesami/425_project/data/raw_gtzan/genres_original/metal/metal.00002.wav,metal.00002,/Users/ashfaquesami/425_project/data/clips_10s/metal_002_1.wav,10.0,20.0,10.0,1,2,,pending,train
metal_002_2,metal,6,/Users/ashfaquesami/425_project/data/raw_gtzan/genres_original/metal/metal.00002.wav,metal.00002,/Users/ashfaquesami/425_project/data/clips_10s/metal_002_2.wav,20.0,30.0,10.0,2,2,,pending,train
metal_003_0,metal,6,/Users/ashfaquesami/425_project/data/raw_gtzan/genres_original/metal/metal.00003.wav,metal.00003,/Users/ashfaquesami/425_project/data/clips_10s/metal_003_0.wav,0.0,10.0,10.0,0,3,,pending,train
metal_003_1,metal,6,/Users/ashfaquesami/425_project/data/raw_gtzan/genres_original/metal/metal.00003.wav,metal.00003,/Users/ashfaquesami/425_project/data/clips_10s/metal_003_1.wav,10.0,20.0,10.0,1,3,,pending,train
metal_003_2,metal,6,/Users/ashfaquesami/425_project/data/raw_gtzan/genres_original/metal/metal.00003.wav,metal.00003,/Users/ashfaquesami/425_project/data/clips_10s/metal_003_2.wav,20.0,30.0,10.0,2,3,,pending,train
metal_004_0,metal,6,/Users/ashfaquesami/425_project/data/raw_gtzan/genres_original/metal/metal.00004.wav,metal.00004,/Users/ashfaquesami/425_project/data/clips_10s/metal_004_0.wav,0.0,10.0,10.0,0,4,,pending,train
metal_004_1,metal,6,/Users/ashfaquesami/425_project/data/raw_gtzan/genres_original/metal/metal.00004.wav,metal.00004,/Users/ashfaquesami/425_project/data/clips_10s/metal_004_1.wav,10.0,20.0,10.0,1,4,,pending,train
metal_004_2,metal,6,/Users/ashfaquesami/425_project/data/raw_gtzan/genres_original/metal/metal.00004.wav,metal.00004,/Users/ashfaquesami/425_project/data/clips_10s/metal_004_2.wav,20.0,30.0,10.0,2,4,,pending,train
metal_005_0,metal,6,/Users/ashfaquesami/425_project/data/raw_gtzan/genres_original/metal/metal.00005.wav,metal.00005,/Users/ashfaquesami/425_project/data/clips_10s/metal_005_0.wav,0.0,10.0,10.0,0,5,,pending,train
metal_005_1,metal,6,/Users/ashfaquesami/425_project/data/raw_gtzan/genres_original/metal/metal.00005.wav,metal.00005,/Users/ashfaquesami/425_project/data/clips_10s/metal_005_1.wav,10.0,20.0,10.0,1,5,,pending,train
metal_005_2,metal,6,/Users/ashfaquesami/425_project/data/raw_gtzan/genres_original/metal/metal.00005.wav,metal.00005,/Users/ashfaquesami/425_project/data/clips_10s/metal_005_2.wav,20.0,30.0,10.0,2,5,,pending,train
metal_006_0,metal,6,/Users/ashfaquesami/425_project/data/raw_gtzan/genres_original/metal/metal.00006.wav,metal.00006,/Users/ashfaquesami/425_project/data/clips_10s/metal_006_0.wav,0.0,10.0,10.0,0,6,,pending,train
metal_006_1,metal,6,/Users/ashfaquesami/425_project/data/raw_gtzan/genres_original/metal/metal.00006.wav,metal.00006,/Users/ashfaquesami/425_project/data/clips_10s/metal_006_1.wav,10.0,20.0,10.0,1,6,,pending,train
metal_006_2,metal,6,/Users/ashfaquesami/425_project/data/raw_gtzan/genres_original/metal/metal.00006.wav,metal.00006,/Users/ashfaquesami/425_project/data/clips_10s/metal_006_2.wav,20.0,30.0,10.0,2,6,,pending,train
metal_007_0,metal,6,/Users/ashfaquesami/425_project/data/raw_gtzan/genres_original/metal/metal.00007.wav,metal.00007,/Users/ashfaquesami/425_project/data/clips_10s/metal_007_0.wav,0.0,10.0,10.0,0,7,,pending,train
metal_007_1,metal,6,/Users/ashfaquesami/425_project/data/raw_gtzan/genres_original/metal/metal.00007.wav,metal.00007,/Users/ashfaquesami/425_project/data/clips_10s/metal_007_1.wav,10.0,20.0,10.0,1,7,,pending,train
metal_007_2,metal,6,/Users/ashfaquesami/425_project/data/raw_gtzan/genres_original/metal/metal.00007.wav,metal.00007,/Users/ashfaquesami/425_project/data/clips_10s/metal_007_2.wav,20.0,30.0,10.0,2,7,,pending,train
metal_008_0,metal,6,/Users/ashfaquesami/425_project/data/raw_gtzan/genres_original/metal/metal.00008.wav,metal.00008,/Users/ashfaquesami/425_project/data/clips_10s/metal_008_0.wav,0.0,10.0,10.0,0,8,,pending,train
metal_008_1,metal,6,/Users/ashfaquesami/425_project/data/raw_gtzan/genres_original/metal/metal.00008.wav,metal.00008,/Users/ashfaquesami/425_project/data/clips_10s/metal_008_1.wav,10.0,20.0,10.0,1,8,,pending,train
metal_008_2,metal,6,/Users/ashfaquesami/425_project/data/raw_gtzan/genres_original/metal/metal.00008.wav,metal.00008,/Users/ashfaquesami/425_project/data/clips_10s/metal_008_2.wav,20.0,30.0,10.0,2,8,,pending,train
metal_009_0,metal,6,/Users/ashfaquesami/425_project/data/raw_gtzan/genres_original/metal/metal.00009.wav,metal.00009,/Users/ashfaquesami/425_project/data/clips_10s/metal_009_0.wav,0.0,10.0,10.0,0,9,,pending,train
metal_009_1,metal,6,/Users/ashfaquesami/425_project/data/raw_gtzan/genres_original/metal/metal.00009.wav,metal.00009,/Users/ashfaquesami/425_project/data/clips_10s/metal_009_1.wav,10.0,20.0,10.0,1,9,,pending,train
metal_009_2,metal,6,/Users/ashfaquesami/425_project/data/raw_gtzan/genres_original/metal/metal.00009.wav,metal.00009,/Users/ashfaquesami/425_project/data/clips_10s/metal_009_2.wav,20.0,30.0,10.0,2,9,,pending,train
metal_010_0,metal,6,/Users/ashfaquesami/425_project/data/raw_gtzan/genres_original/metal/metal.00010.wav,metal.00010,/Users/ashfaquesami/425_project/data/clips_10s/metal_010_0.wav,0.0,10.0,10.0,0,10,,pending,train
metal_010_1,metal,6,/Users/ashfaquesami/425_project/data/raw_gtzan/genres_original/metal/metal.00010.wav,metal.00010,/Users/ashfaquesami/425_project/data/clips_10s/metal_010_1.wav,10.0,20.0,10.0,1,10,,pending,train
metal_010_2,metal,6,/Users/ashfaquesami/425_project/data/raw_gtzan/genres_original/metal/metal.00010.wav,metal.00010,/Users/ashfaquesami/425_project/data/clips_10s/metal_010_2.wav,20.0,30.0,10.0,2,10,,pending,train
metal_011_0,metal,6,/Users/ashfaquesami/425_project/data/raw_gtzan/genres_original/metal/metal.00011.wav,metal.00011,/Users/ashfaquesami/425_project/data/clips_10s/metal_011_0.wav,0.0,10.0,10.0,0,11,,pending,train
metal_011_1,metal,6,/Users/ashfaquesami/425_project/data/raw_gtzan/genres_original/metal/metal.00011.wav,metal.00011,/Users/ashfaquesami/425_project/data/clips_10s/metal_011_1.wav,10.0,20.0,10.0,1,11,,pending,train
metal_011_2,metal,6,/Users/ashfaquesami/425_project/data/raw_gtzan/genres_original/metal/metal.00011.wav,metal.00011,/Users/ashfaquesami/425_project/data/clips_10s/metal_011_2.wav,20.0,30.0,10.0,2,11,,pending,train
metal_012_0,metal,6,/Users/ashfaquesami/425_project/data/raw_gtzan/genres_original/metal/metal.00012.wav,metal.00012,/Users/ashfaquesami/425_project/data/clips_10s/metal_012_0.wav,0.0,10.0,10.0,0,12,,pending,train
metal_012_1,metal,6,/Users/ashfaquesami/425_project/data/raw_gtzan/genres_original/metal/metal.00012.wav,metal.00012,/Users/ashfaquesami/425_project/data/clips_10s/metal_012_1.wav,10.0,20.0,10.0,1,12,,pending,train
metal_012_2,metal,6,/Users/ashfaquesami/425_project/data/raw_gtzan/genres_original/metal/metal.00012.wav,metal.00012,/Users/ashfaquesami/425_project/data/clips_10s/metal_012_2.wav,20.0,30.0,10.0,2,12,,pending,train
metal_013_0,metal,6,/Users/ashfaquesami/425_project/data/raw_gtzan/genres_original/metal/metal.00013.wav,metal.00013,/Users/ashfaquesami/425_project/data/clips_10s/metal_013_0.wav,0.0,10.0,10.0,0,13,,pending,val
metal_013_1,metal,6,/Users/ashfaquesami/425_project/data/raw_gtzan/genres_original/metal/metal.00013.wav,metal.00013,/Users/ashfaquesami/425_project/data/clips_10s/metal_013_1.wav,10.0,20.0,10.0,1,13,,pending,val
metal_013_2,metal,6,/Users/ashfaquesami/425_project/data/raw_gtzan/genres_original/metal/metal.00013.wav,metal.00013,/Users/ashfaquesami/425_project/data/clips_10s/metal_013_2.wav,20.0,30.0,10.0,2,13,,pending,val
metal_014_0,metal,6,/Users/ashfaquesami/425_project/data/raw_gtzan/genres_original/metal/metal.00014.wav,metal.00014,/Users/ashfaquesami/425_project/data/clips_10s/metal_014_0.wav,0.0,10.0,10.0,0,14,,pending,train
metal_014_1,metal,6,/Users/ashfaquesami/425_project/data/raw_gtzan/genres_original/metal/metal.00014.wav,metal.00014,/Users/ashfaquesami/425_project/data/clips_10s/metal_014_1.wav,10.0,20.0,10.0,1,14,,pending,train
metal_014_2,metal,6,/Users/ashfaquesami/425_project/data/raw_gtzan/genres_original/metal/metal.00014.wav,metal.00014,/Users/ashfaquesami/425_project/data/clips_10s/metal_014_2.wav,20.0,30.0,10.0,2,14,,pending,train
metal_015_0,metal,6,/Users/ashfaquesami/425_project/data/raw_gtzan/genres_original/metal/metal.00015.wav,metal.00015,/Users/ashfaquesami/425_project/data/clips_10s/metal_015_0.wav,0.0,10.0,10.0,0,15,,pending,test
metal_015_1,metal,6,/Users/ashfaquesami/425_project/data/raw_gtzan/genres_original/metal/metal.00015.wav,metal.00015,/Users/ashfaquesami/425_project/data/clips_10s/metal_015_1.wav,10.0,20.0,10.0,1,15,,pending,test
metal_015_2,metal,6,/Users/ashfaquesami/425_project/data/raw_gtzan/genres_original/metal/metal.00015.wav,metal.00015,/Users/ashfaquesami/425_project/data/clips_10s/metal_015_2.wav,20.0,30.0,10.0,2,15,,pending,test
metal_016_0,metal,6,/Users/ashfaquesami/425_project/data/raw_gtzan/genres_original/metal/metal.00016.wav,metal.00016,/Users/ashfaquesami/425_project/data/clips_10s/metal_016_0.wav,0.0,10.0,10.0,0,16,,pending,train
metal_016_1,metal,6,/Users/ashfaquesami/425_project/data/raw_gtzan/genres_original/metal/metal.00016.wav,metal.00016,/Users/ashfaquesami/425_project/data/clips_10s/metal_016_1.wav,10.0,20.0,10.0,1,16,,pending,train
metal_016_2,metal,6,/Users/ashfaquesami/425_project/data/raw_gtzan/genres_original/metal/metal.00016.wav,metal.00016,/Users/ashfaquesami/425_project/data/clips_10s/metal_016_2.wav,20.0,30.0,10.0,2,16,,pending,train
metal_017_0,metal,6,/Users/ashfaquesami/425_project/data/raw_gtzan/genres_original/metal/metal.00017.wav,metal.00017,/Users/ashfaquesami/425_project/data/clips_10s/metal_017_0.wav,0.0,10.0,10.0,0,17,,pending,train
metal_017_1,metal,6,/Users/ashfaquesami/425_project/data/raw_gtzan/genres_original/metal/metal.00017.wav,metal.00017,/Users/ashfaquesami/425_project/data/clips_10s/metal_017_1.wav,10.0,20.0,10.0,1,17,,pending,train
metal_017_2,metal,6,/Users/ashfaquesami/425_project/data/raw_gtzan/genres_original/metal/metal.00017.wav,metal.00017,/Users/ashfaquesami/425_project/data/clips_10s/metal_017_2.wav,20.0,30.0,10.0,2,17,,pending,train
metal_018_0,metal,6,/Users/ashfaquesami/425_project/data/raw_gtzan/genres_original/metal/metal.00018.wav,metal.00018,/Users/ashfaquesami/425_project/data/clips_10s/metal_018_0.wav,0.0,10.0,10.0,0,18,,pending,train
metal_018_1,metal,6,/Users/ashfaquesami/425_project/data/raw_gtzan/genres_original/metal/metal.00018.wav,metal.00018,/Users/ashfaquesami/425_project/data/clips_10s/metal_018_1.wav,10.0,20.0,10.0,1,18,,pending,train
metal_018_2,metal,6,/Users/ashfaquesami/425_project/data/raw_gtzan/genres_original/metal/metal.00018.wav,metal.00018,/Users/ashfaquesami/425_project/data/clips_10s/metal_018_2.wav,20.0,30.0,10.0,2,18,,pending,train
metal_019_0,metal,6,/Users/ashfaquesami/425_project/data/raw_gtzan/genres_original/metal/metal.00019.wav,metal.00019,/Users/ashfaquesami/425_project/data/clips_10s/metal_019_0.wav,0.0,10.0,10.0,0,19,,pending,train
metal_019_1,metal,6,/Users/ashfaquesami/425_project/data/raw_gtzan/genres_original/metal/metal.00019.wav,metal.00019,/Users/ashfaquesami/425_project/data/clips_10s/metal_019_1.wav,10.0,20.0,10.0,1,19,,pending,train
metal_019_2,metal,6,/Users/ashfaquesami/425_project/data/raw_gtzan/genres_original/metal/metal.00019.wav,metal.00019,/Users/ashfaquesami/425_project/data/clips_10s/metal_019_2.wav,20.0,30.0,10.0,2,19,,pending,train
metal_020_0,metal,6,/Users/ashfaquesami/425_project/data/raw_gtzan/genres_original/metal/metal.00020.wav,metal.00020,/Users/ashfaquesami/425_project/data/clips_10s/metal_020_0.wav,0.0,10.0,10.0,0,20,,pending,train
metal_020_1,metal,6,/Users/ashfaquesami/425_project/data/raw_gtzan/genres_original/metal/metal.00020.wav,metal.00020,/Users/ashfaquesami/425_project/data/clips_10s/metal_020_1.wav,10.0,20.0,10.0,1,20,,pending,train
metal_020_2,metal,6,/Users/ashfaquesami/425_project/data/raw_gtzan/genres_original/metal/metal.00020.wav,metal.00020,/Users/ashfaquesami/425_project/data/clips_10s/metal_020_2.wav,20.0,30.0,10.0,2,20,,pending,train
metal_021_0,metal,6,/Users/ashfaquesami/425_project/data/raw_gtzan/genres_original/metal/metal.00021.wav,metal.00021,/Users/ashfaquesami/425_project/data/clips_10s/metal_021_0.wav,0.0,10.0,10.0,0,21,,pending,train
metal_021_1,metal,6,/Users/ashfaquesami/425_project/data/raw_gtzan/genres_original/metal/metal.00021.wav,metal.00021,/Users/ashfaquesami/425_project/data/clips_10s/metal_021_1.wav,10.0,20.0,10.0,1,21,,pending,train
metal_021_2,metal,6,/Users/ashfaquesami/425_project/data/raw_gtzan/genres_original/metal/metal.00021.wav,metal.00021,/Users/ashfaquesami/425_project/data/clips_10s/metal_021_2.wav,20.0,30.0,10.0,2,21,,pending,train
metal_022_0,metal,6,/Users/ashfaquesami/425_project/data/raw_gtzan/genres_original/metal/metal.00022.wav,metal.00022,/Users/ashfaquesami/425_project/data/clips_10s/metal_022_0.wav,0.0,10.0,10.0,0,22,,pending,train
metal_022_1,metal,6,/Users/ashfaquesami/425_project/data/raw_gtzan/genres_original/metal/metal.00022.wav,metal.00022,/Users/ashfaquesami/425_project/data/clips_10s/metal_022_1.wav,10.0,20.0,10.0,1,22,,pending,train
metal_022_2,metal,6,/Users/ashfaquesami/425_project/data/raw_gtzan/genres_original/metal/metal.00022.wav,metal.00022,/Users/ashfaquesami/425_project/data/clips_10s/metal_022_2.wav,20.0,30.0,10.0,2,22,,pending,train
metal_023_0,metal,6,/Users/ashfaquesami/425_project/data/raw_gtzan/genres_original/metal/metal.00023.wav,metal.00023,/Users/ashfaquesami/425_project/data/clips_10s/metal_023_0.wav,0.0,10.0,10.0,0,23,,pending,train
metal_023_1,metal,6,/Users/ashfaquesami/425_project/data/raw_gtzan/genres_original/metal/metal.00023.wav,metal.00023,/Users/ashfaquesami/425_project/data/clips_10s/metal_023_1.wav,10.0,20.0,10.0,1,23,,pending,train
metal_023_2,metal,6,/Users/ashfaquesami/425_project/data/raw_gtzan/genres_original/metal/metal.00023.wav,metal.00023,/Users/ashfaquesami/425_project/data/clips_10s/metal_023_2.wav,20.0,30.0,10.0,2,23,,pending,train
metal_024_0,metal,6,/Users/ashfaquesami/425_project/data/raw_gtzan/genres_original/metal/metal.00024.wav,metal.00024,/Users/ashfaquesami/425_project/data/clips_10s/metal_024_0.wav,0.0,10.0,10.0,0,24,,pending,train
metal_024_1,metal,6,/Users/ashfaquesami/425_project/data/raw_gtzan/genres_original/metal/metal.00024.wav,metal.00024,/Users/ashfaquesami/425_project/data/clips_10s/metal_024_1.wav,10.0,20.0,10.0,1,24,,pending,train
metal_024_2,metal,6,/Users/ashfaquesami/425_project/data/raw_gtzan/genres_original/metal/metal.00024.wav,metal.00024,/Users/ashfaquesami/425_project/data/clips_10s/metal_024_2.wav,20.0,30.0,10.0,2,24,,pending,train
metal_025_0,metal,6,/Users/ashfaquesami/425_project/data/raw_gtzan/genres_original/metal/metal.00025.wav,metal.00025,/Users/ashfaquesami/425_project/data/clips_10s/metal_025_0.wav,0.0,10.0,10.0,0,25,,pending,train
metal_025_1,metal,6,/Users/ashfaquesami/425_project/data/raw_gtzan/genres_original/metal/metal.00025.wav,metal.00025,/Users/ashfaquesami/425_project/data/clips_10s/metal_025_1.wav,10.0,20.0,10.0,1,25,,pending,train
metal_025_2,metal,6,/Users/ashfaquesami/425_project/data/raw_gtzan/genres_original/metal/metal.00025.wav,metal.00025,/Users/ashfaquesami/425_project/data/clips_10s/metal_025_2.wav,20.0,30.0,10.0,2,25,,pending,train
metal_026_0,metal,6,/Users/ashfaquesami/425_project/data/raw_gtzan/genres_original/metal/metal.00026.wav,metal.00026,/Users/ashfaquesami/425_project/data/clips_10s/metal_026_0.wav,0.0,10.0,10.0,0,26,,pending,train
metal_026_1,metal,6,/Users/ashfaquesami/425_project/data/raw_gtzan/genres_original/metal/metal.00026.wav,metal.00026,/Users/ashfaquesami/425_project/data/clips_10s/metal_026_1.wav,10.0,20.0,10.0,1,26,,pending,train
metal_026_2,metal,6,/Users/ashfaquesami/425_project/data/raw_gtzan/genres_original/metal/metal.00026.wav,metal.00026,/Users/ashfaquesami/425_project/data/clips_10s/metal_026_2.wav,20.0,30.0,10.0,2,26,,pending,train
metal_027_0,metal,6,/Users/ashfaquesami/425_project/data/raw_gtzan/genres_original/metal/metal.00027.wav,metal.00027,/Users/ashfaquesami/425_project/data/clips_10s/metal_027_0.wav,0.0,10.0,10.0,0,27,,pending,train
metal_027_1,metal,6,/Users/ashfaquesami/425_project/data/raw_gtzan/genres_original/metal/metal.00027.wav,metal.00027,/Users/ashfaquesami/425_project/data/clips_10s/metal_027_1.wav,10.0,20.0,10.0,1,27,,pending,train
metal_027_2,metal,6,/Users/ashfaquesami/425_project/data/raw_gtzan/genres_original/metal/metal.00027.wav,metal.00027,/Users/ashfaquesami/425_project/data/clips_10s/metal_027_2.wav,20.0,30.0,10.0,2,27,,pending,train
metal_028_0,metal,6,/Users/ashfaquesami/425_project/data/raw_gtzan/genres_original/metal/metal.00028.wav,metal.00028,/Users/ashfaquesami/425_project/data/clips_10s/metal_028_0.wav,0.0,10.0,10.0,0,28,,pending,train
metal_028_1,metal,6,/Users/ashfaquesami/425_project/data/raw_gtzan/genres_original/metal/metal.00028.wav,metal.00028,/Users/ashfaquesami/425_project/data/clips_10s/metal_028_1.wav,10.0,20.0,10.0,1,28,,pending,train
metal_028_2,metal,6,/Users/ashfaquesami/425_project/data/raw_gtzan/genres_original/metal/metal.00028.wav,metal.00028,/Users/ashfaquesami/425_project/data/clips_10s/metal_028_2.wav,20.0,30.0,10.0,2,28,,pending,train
metal_029_0,metal,6,/Users/ashfaquesami/425_project/data/raw_gtzan/genres_original/metal/metal.00029.wav,metal.00029,/Users/ashfaquesami/425_project/data/clips_10s/metal_029_0.wav,0.0,10.0,10.0,0,29,,pending,train
metal_029_1,metal,6,/Users/ashfaquesami/425_project/data/raw_gtzan/genres_original/metal/metal.00029.wav,metal.00029,/Users/ashfaquesami/425_project/data/clips_10s/metal_029_1.wav,10.0,20.0,10.0,1,29,,pending,train
metal_029_2,metal,6,/Users/ashfaquesami/425_project/data/raw_gtzan/genres_original/metal/metal.00029.wav,metal.00029,/Users/ashfaquesami/425_project/data/clips_10s/metal_029_2.wav,20.0,30.0,10.0,2,29,,pending,train
metal_030_0,metal,6,/Users/ashfaquesami/425_project/data/raw_gtzan/genres_original/metal/metal.00030.wav,metal.00030,/Users/ashfaquesami/425_project/data/clips_10s/metal_030_0.wav,0.0,10.0,10.0,0,30,,pending,train
metal_030_1,metal,6,/Users/ashfaquesami/425_project/data/raw_gtzan/genres_original/metal/metal.00030.wav,metal.00030,/Users/ashfaquesami/425_project/data/clips_10s/metal_030_1.wav,10.0,20.0,10.0,1,30,,pending,train
metal_030_2,metal,6,/Users/ashfaquesami/425_project/data/raw_gtzan/genres_original/metal/metal.00030.wav,metal.00030,/Users/ashfaquesami/425_project/data/clips_10s/metal_030_2.wav,20.0,30.0,10.0,2,30,,pending,train
metal_031_0,metal,6,/Users/ashfaquesami/425_project/data/raw_gtzan/genres_original/metal/metal.00031.wav,metal.00031,/Users/ashfaquesami/425_project/data/clips_10s/metal_031_0.wav,0.0,10.0,10.0,0,31,,pending,train
metal_031_1,metal,6,/Users/ashfaquesami/425_project/data/raw_gtzan/genres_original/metal/metal.00031.wav,metal.00031,/Users/ashfaquesami/425_project/data/clips_10s/metal_031_1.wav,10.0,20.0,10.0,1,31,,pending,train
metal_031_2,metal,6,/Users/ashfaquesami/425_project/data/raw_gtzan/genres_original/metal/metal.00031.wav,metal.00031,/Users/ashfaquesami/425_project/data/clips_10s/metal_031_2.wav,20.0,30.0,10.0,2,31,,pending,train
metal_032_0,metal,6,/Users/ashfaquesami/425_project/data/raw_gtzan/genres_original/metal/metal.00032.wav,metal.00032,/Users/ashfaquesami/425_project/data/clips_10s/metal_032_0.wav,0.0,10.0,10.0,0,32,,pending,train
metal_032_1,metal,6,/Users/ashfaquesami/425_project/data/raw_gtzan/genres_original/metal/metal.00032.wav,metal.00032,/Users/ashfaquesami/425_project/data/clips_10s/metal_032_1.wav,10.0,20.0,10.0,1,32,,pending,train
metal_032_2,metal,6,/Users/ashfaquesami/425_project/data/raw_gtzan/genres_original/metal/metal.00032.wav,metal.00032,/Users/ashfaquesami/425_project/data/clips_10s/metal_032_2.wav,20.0,30.0,10.0,2,32,,pending,train
metal_033_0,metal,6,/Users/ashfaquesami/425_project/data/raw_gtzan/genres_original/metal/metal.00033.wav,metal.00033,/Users/ashfaquesami/425_project/data/clips_10s/metal_033_0.wav,0.0,10.0,10.0,0,33,,pending,train
metal_033_1,metal,6,/Users/ashfaquesami/425_project/data/raw_gtzan/genres_original/metal/metal.00033.wav,metal.00033,/Users/ashfaquesami/425_project/data/clips_10s/metal_033_1.wav,10.0,20.0,10.0,1,33,,pending,train
metal_033_2,metal,6,/Users/ashfaquesami/425_project/data/raw_gtzan/genres_original/metal/metal.00033.wav,metal.00033,/Users/ashfaquesami/425_project/data/clips_10s/metal_033_2.wav,20.0,30.0,10.0,2,33,,pending,train
metal_034_0,metal,6,/Users/ashfaquesami/425_project/data/raw_gtzan/genres_original/metal/metal.00034.wav,metal.00034,/Users/ashfaquesami/425_project/data/clips_10s/metal_034_0.wav,0.0,10.0,10.0,0,34,,pending,train
metal_034_1,metal,6,/Users/ashfaquesami/425_project/data/raw_gtzan/genres_original/metal/metal.00034.wav,metal.00034,/Users/ashfaquesami/425_project/data/clips_10s/metal_034_1.wav,10.0,20.0,10.0,1,34,,pending,train
metal_034_2,metal,6,/Users/ashfaquesami/425_project/data/raw_gtzan/genres_original/metal/metal.00034.wav,metal.00034,/Users/ashfaquesami/425_project/data/clips_10s/metal_034_2.wav,20.0,30.0,10.0,2,34,,pending,train
metal_035_0,metal,6,/Users/ashfaquesami/425_project/data/raw_gtzan/genres_original/metal/metal.00035.wav,metal.00035,/Users/ashfaquesami/425_project/data/clips_10s/metal_035_0.wav,0.0,10.0,10.0,0,35,,pending,train
metal_035_1,metal,6,/Users/ashfaquesami/425_project/data/raw_gtzan/genres_original/metal/metal.00035.wav,metal.00035,/Users/ashfaquesami/425_project/data/clips_10s/metal_035_1.wav,10.0,20.0,10.0,1,35,,pending,train
metal_035_2,metal,6,/Users/ashfaquesami/425_project/data/raw_gtzan/genres_original/metal/metal.00035.wav,metal.00035,/Users/ashfaquesami/425_project/data/clips_10s/metal_035_2.wav,20.0,30.0,10.0,2,35,,pending,train
metal_036_0,metal,6,/Users/ashfaquesami/425_project/data/raw_gtzan/genres_original/metal/metal.00036.wav,metal.00036,/Users/ashfaquesami/425_project/data/clips_10s/metal_036_0.wav,0.0,10.0,10.0,0,36,,pending,train
metal_036_1,metal,6,/Users/ashfaquesami/425_project/data/raw_gtzan/genres_original/metal/metal.00036.wav,metal.00036,/Users/ashfaquesami/425_project/data/clips_10s/metal_036_1.wav,10.0,20.0,10.0,1,36,,pending,train
metal_036_2,metal,6,/Users/ashfaquesami/425_project/data/raw_gtzan/genres_original/metal/metal.00036.wav,metal.00036,/Users/ashfaquesami/425_project/data/clips_10s/metal_036_2.wav,20.0,30.0,10.0,2,36,,pending,train
metal_037_0,metal,6,/Users/ashfaquesami/425_project/data/raw_gtzan/genres_original/metal/metal.00037.wav,metal.00037,/Users/ashfaquesami/425_project/data/clips_10s/metal_037_0.wav,0.0,10.0,10.0,0,37,,pending,train
metal_037_1,metal,6,/Users/ashfaquesami/425_project/data/raw_gtzan/genres_original/metal/metal.00037.wav,metal.00037,/Users/ashfaquesami/425_project/data/clips_10s/metal_037_1.wav,10.0,20.0,10.0,1,37,,pending,train
metal_037_2,metal,6,/Users/ashfaquesami/425_project/data/raw_gtzan/genres_original/metal/metal.00037.wav,metal.00037,/Users/ashfaquesami/425_project/data/clips_10s/metal_037_2.wav,20.0,30.0,10.0,2,37,,pending,train
metal_038_0,metal,6,/Users/ashfaquesami/425_project/data/raw_gtzan/genres_original/metal/metal.00038.wav,metal.00038,/Users/ashfaquesami/425_project/data/clips_10s/metal_038_0.wav,0.0,10.0,10.0,0,38,,pending,train
metal_038_1,metal,6,/Users/ashfaquesami/425_project/data/raw_gtzan/genres_original/metal/metal.00038.wav,metal.00038,/Users/ashfaquesami/425_project/data/clips_10s/metal_038_1.wav,10.0,20.0,10.0,1,38,,pending,train
metal_038_2,metal,6,/Users/ashfaquesami/425_project/data/raw_gtzan/genres_original/metal/metal.00038.wav,metal.00038,/Users/ashfaquesami/425_project/data/clips_10s/metal_038_2.wav,20.0,30.0,10.0,2,38,,pending,train
metal_039_0,metal,6,/Users/ashfaquesami/425_project/data/raw_gtzan/genres_original/metal/metal.00039.wav,metal.00039,/Users/ashfaquesami/425_project/data/clips_10s/metal_039_0.wav,0.0,10.0,10.0,0,39,,pending,train
metal_039_1,metal,6,/Users/ashfaquesami/425_project/data/raw_gtzan/genres_original/metal/metal.00039.wav,metal.00039,/Users/ashfaquesami/425_project/data/clips_10s/metal_039_1.wav,10.0,20.0,10.0,1,39,,pending,train
metal_039_2,metal,6,/Users/ashfaquesami/425_project/data/raw_gtzan/genres_original/metal/metal.00039.wav,metal.00039,/Users/ashfaquesami/425_project/data/clips_10s/metal_039_2.wav,20.0,30.0,10.0,2,39,,pending,train
metal_040_0,metal,6,/Users/ashfaquesami/425_project/data/raw_gtzan/genres_original/metal/metal.00040.wav,metal.00040,/Users/ashfaquesami/425_project/data/clips_10s/metal_040_0.wav,0.0,10.0,10.0,0,40,,pending,train
metal_040_1,metal,6,/Users/ashfaquesami/425_project/data/raw_gtzan/genres_original/metal/metal.00040.wav,metal.00040,/Users/ashfaquesami/425_project/data/clips_10s/metal_040_1.wav,10.0,20.0,10.0,1,40,,pending,train
metal_040_2,metal,6,/Users/ashfaquesami/425_project/data/raw_gtzan/genres_original/metal/metal.00040.wav,metal.00040,/Users/ashfaquesami/425_project/data/clips_10s/metal_040_2.wav,20.0,30.0,10.0,2,40,,pending,train
metal_041_0,metal,6,/Users/ashfaquesami/425_project/data/raw_gtzan/genres_original/metal/metal.00041.wav,metal.00041,/Users/ashfaquesami/425_project/data/clips_10s/metal_041_0.wav,0.0,10.0,10.0,0,41,,pending,train
metal_041_1,metal,6,/Users/ashfaquesami/425_project/data/raw_gtzan/genres_original/metal/metal.00041.wav,metal.00041,/Users/ashfaquesami/425_project/data/clips_10s/metal_041_1.wav,10.0,20.0,10.0,1,41,,pending,train
metal_041_2,metal,6,/Users/ashfaquesami/425_project/data/raw_gtzan/genres_original/metal/metal.00041.wav,metal.00041,/Users/ashfaquesami/425_project/data/clips_10s/metal_041_2.wav,20.0,30.0,10.0,2,41,,pending,train
metal_042_0,metal,6,/Users/ashfaquesami/425_project/data/raw_gtzan/genres_original/metal/metal.00042.wav,metal.00042,/Users/ashfaquesami/425_project/data/clips_10s/metal_042_0.wav,0.0,10.0,10.0,0,42,,pending,train
metal_042_1,metal,6,/Users/ashfaquesami/425_project/data/raw_gtzan/genres_original/metal/metal.00042.wav,metal.00042,/Users/ashfaquesami/425_project/data/clips_10s/metal_042_1.wav,10.0,20.0,10.0,1,42,,pending,train
metal_042_2,metal,6,/Users/ashfaquesami/425_project/data/raw_gtzan/genres_original/metal/metal.00042.wav,metal.00042,/Users/ashfaquesami/425_project/data/clips_10s/metal_042_2.wav,20.0,30.0,10.0,2,42,,pending,train
metal_043_0,metal,6,/Users/ashfaquesami/425_project/data/raw_gtzan/genres_original/metal/metal.00043.wav,metal.00043,/Users/ashfaquesami/425_project/data/clips_10s/metal_043_0.wav,0.0,10.0,10.0,0,43,,pending,val
metal_043_1,metal,6,/Users/ashfaquesami/425_project/data/raw_gtzan/genres_original/metal/metal.00043.wav,metal.00043,/Users/ashfaquesami/425_project/data/clips_10s/metal_043_1.wav,10.0,20.0,10.0,1,43,,pending,val
metal_043_2,metal,6,/Users/ashfaquesami/425_project/data/raw_gtzan/genres_original/metal/metal.00043.wav,metal.00043,/Users/ashfaquesami/425_project/data/clips_10s/metal_043_2.wav,20.0,30.0,10.0,2,43,,pending,val
metal_044_0,metal,6,/Users/ashfaquesami/425_project/data/raw_gtzan/genres_original/metal/metal.00044.wav,metal.00044,/Users/ashfaquesami/425_project/data/clips_10s/metal_044_0.wav,0.0,10.0,10.0,0,44,,pending,train
metal_044_1,metal,6,/Users/ashfaquesami/425_project/data/raw_gtzan/genres_original/metal/metal.00044.wav,metal.00044,/Users/ashfaquesami/425_project/data/clips_10s/metal_044_1.wav,10.0,20.0,10.0,1,44,,pending,train
metal_044_2,metal,6,/Users/ashfaquesami/425_project/data/raw_gtzan/genres_original/metal/metal.00044.wav,metal.00044,/Users/ashfaquesami/425_project/data/clips_10s/metal_044_2.wav,20.0,30.0,10.0,2,44,,pending,train
metal_045_0,metal,6,/Users/ashfaquesami/425_project/data/raw_gtzan/genres_original/metal/metal.00045.wav,metal.00045,/Users/ashfaquesami/425_project/data/clips_10s/metal_045_0.wav,0.0,10.0,10.0,0,45,,pending,train
metal_045_1,metal,6,/Users/ashfaquesami/425_project/data/raw_gtzan/genres_original/metal/metal.00045.wav,metal.00045,/Users/ashfaquesami/425_project/data/clips_10s/metal_045_1.wav,10.0,20.0,10.0,1,45,,pending,train
metal_045_2,metal,6,/Users/ashfaquesami/425_project/data/raw_gtzan/genres_original/metal/metal.00045.wav,metal.00045,/Users/ashfaquesami/425_project/data/clips_10s/metal_045_2.wav,20.0,30.0,10.0,2,45,,pending,train
metal_046_0,metal,6,/Users/ashfaquesami/425_project/data/raw_gtzan/genres_original/metal/metal.00046.wav,metal.00046,/Users/ashfaquesami/425_project/data/clips_10s/metal_046_0.wav,0.0,10.0,10.0,0,46,,pending,train
metal_046_1,metal,6,/Users/ashfaquesami/425_project/data/raw_gtzan/genres_original/metal/metal.00046.wav,metal.00046,/Users/ashfaquesami/425_project/data/clips_10s/metal_046_1.wav,10.0,20.0,10.0,1,46,,pending,train
metal_046_2,metal,6,/Users/ashfaquesami/425_project/data/raw_gtzan/genres_original/metal/metal.00046.wav,metal.00046,/Users/ashfaquesami/425_project/data/clips_10s/metal_046_2.wav,20.0,30.0,10.0,2,46,,pending,train
metal_047_0,metal,6,/Users/ashfaquesami/425_project/data/raw_gtzan/genres_original/metal/metal.00047.wav,metal.00047,/Users/ashfaquesami/425_project/data/clips_10s/metal_047_0.wav,0.0,10.0,10.0,0,47,,pending,test
metal_047_1,metal,6,/Users/ashfaquesami/425_project/data/raw_gtzan/genres_original/metal/metal.00047.wav,metal.00047,/Users/ashfaquesami/425_project/data/clips_10s/metal_047_1.wav,10.0,20.0,10.0,1,47,,pending,test
metal_047_2,metal,6,/Users/ashfaquesami/425_project/data/raw_gtzan/genres_original/metal/metal.00047.wav,metal.00047,/Users/ashfaquesami/425_project/data/clips_10s/metal_047_2.wav,20.0,30.0,10.0,2,47,,pending,test
metal_048_0,metal,6,/Users/ashfaquesami/425_project/data/raw_gtzan/genres_original/metal/metal.00048.wav,metal.00048,/Users/ashfaquesami/425_project/data/clips_10s/metal_048_0.wav,0.0,10.0,10.0,0,48,,pending,val
metal_048_1,metal,6,/Users/ashfaquesami/425_project/data/raw_gtzan/genres_original/metal/metal.00048.wav,metal.00048,/Users/ashfaquesami/425_project/data/clips_10s/metal_048_1.wav,10.0,20.0,10.0,1,48,,pending,val
metal_048_2,metal,6,/Users/ashfaquesami/425_project/data/raw_gtzan/genres_original/metal/metal.00048.wav,metal.00048,/Users/ashfaquesami/425_project/data/clips_10s/metal_048_2.wav,20.0,30.0,10.0,2,48,,pending,val
metal_049_0,metal,6,/Users/ashfaquesami/425_project/data/raw_gtzan/genres_original/metal/metal.00049.wav,metal.00049,/Users/ashfaquesami/425_project/data/clips_10s/metal_049_0.wav,0.0,10.0,10.0,0,49,,pending,train
metal_049_1,metal,6,/Users/ashfaquesami/425_project/data/raw_gtzan/genres_original/metal/metal.00049.wav,metal.00049,/Users/ashfaquesami/425_project/data/clips_10s/metal_049_1.wav,10.0,20.0,10.0,1,49,,pending,train
metal_049_2,metal,6,/Users/ashfaquesami/425_project/data/raw_gtzan/genres_original/metal/metal.00049.wav,metal.00049,/Users/ashfaquesami/425_project/data/clips_10s/metal_049_2.wav,20.0,30.0,10.0,2,49,,pending,train
metal_050_0,metal,6,/Users/ashfaquesami/425_project/data/raw_gtzan/genres_original/metal/metal.00050.wav,metal.00050,/Users/ashfaquesami/425_project/data/clips_10s/metal_050_0.wav,0.0,10.0,10.0,0,50,,pending,train
metal_050_1,metal,6,/Users/ashfaquesami/425_project/data/raw_gtzan/genres_original/metal/metal.00050.wav,metal.00050,/Users/ashfaquesami/425_project/data/clips_10s/metal_050_1.wav,10.0,20.0,10.0,1,50,,pending,train
metal_050_2,metal,6,/Users/ashfaquesami/425_project/data/raw_gtzan/genres_original/metal/metal.00050.wav,metal.00050,/Users/ashfaquesami/425_project/data/clips_10s/metal_050_2.wav,20.0,30.0,10.0,2,50,,pending,train
metal_051_0,metal,6,/Users/ashfaquesami/425_project/data/raw_gtzan/genres_original/metal/metal.00051.wav,metal.00051,/Users/ashfaquesami/425_project/data/clips_10s/metal_051_0.wav,0.0,10.0,10.0,0,51,,pending,train
metal_051_1,metal,6,/Users/ashfaquesami/425_project/data/raw_gtzan/genres_original/metal/metal.00051.wav,metal.00051,/Users/ashfaquesami/425_project/data/clips_10s/metal_051_1.wav,10.0,20.0,10.0,1,51,,pending,train
metal_051_2,metal,6,/Users/ashfaquesami/425_project/data/raw_gtzan/genres_original/metal/metal.00051.wav,metal.00051,/Users/ashfaquesami/425_project/data/clips_10s/metal_051_2.wav,20.0,30.0,10.0,2,51,,pending,train
metal_052_0,metal,6,/Users/ashfaquesami/425_project/data/raw_gtzan/genres_original/metal/metal.00052.wav,metal.00052,/Users/ashfaquesami/425_project/data/clips_10s/metal_052_0.wav,0.0,10.0,10.0,0,52,,pending,train
metal_052_1,metal,6,/Users/ashfaquesami/425_project/data/raw_gtzan/genres_original/metal/metal.00052.wav,metal.00052,/Users/ashfaquesami/425_project/data/clips_10s/metal_052_1.wav,10.0,20.0,10.0,1,52,,pending,train
metal_052_2,metal,6,/Users/ashfaquesami/425_project/data/raw_gtzan/genres_original/metal/metal.00052.wav,metal.00052,/Users/ashfaquesami/425_project/data/clips_10s/metal_052_2.wav,20.0,30.0,10.0,2,52,,pending,train
metal_053_0,metal,6,/Users/ashfaquesami/425_project/data/raw_gtzan/genres_original/metal/metal.00053.wav,metal.00053,/Users/ashfaquesami/425_project/data/clips_10s/metal_053_0.wav,0.0,10.0,10.0,0,53,,pending,train
metal_053_1,metal,6,/Users/ashfaquesami/425_project/data/raw_gtzan/genres_original/metal/metal.00053.wav,metal.00053,/Users/ashfaquesami/425_project/data/clips_10s/metal_053_1.wav,10.0,20.0,10.0,1,53,,pending,train
metal_053_2,metal,6,/Users/ashfaquesami/425_project/data/raw_gtzan/genres_original/metal/metal.00053.wav,metal.00053,/Users/ashfaquesami/425_project/data/clips_10s/metal_053_2.wav,20.0,30.0,10.0,2,53,,pending,train
metal_054_0,metal,6,/Users/ashfaquesami/425_project/data/raw_gtzan/genres_original/metal/metal.00054.wav,metal.00054,/Users/ashfaquesami/425_project/data/clips_10s/metal_054_0.wav,0.0,10.0,10.0,0,54,,pending,train
metal_054_1,metal,6,/Users/ashfaquesami/425_project/data/raw_gtzan/genres_original/metal/metal.00054.wav,metal.00054,/Users/ashfaquesami/425_project/data/clips_10s/metal_054_1.wav,10.0,20.0,10.0,1,54,,pending,train
metal_054_2,metal,6,/Users/ashfaquesami/425_project/data/raw_gtzan/genres_original/metal/metal.00054.wav,metal.00054,/Users/ashfaquesami/425_project/data/clips_10s/metal_054_2.wav,20.0,30.0,10.0,2,54,,pending,train
metal_055_0,metal,6,/Users/ashfaquesami/425_project/data/raw_gtzan/genres_original/metal/metal.00055.wav,metal.00055,/Users/ashfaquesami/425_project/data/clips_10s/metal_055_0.wav,0.0,10.0,10.0,0,55,,pending,val
metal_055_1,metal,6,/Users/ashfaquesami/425_project/data/raw_gtzan/genres_original/metal/metal.00055.wav,metal.00055,/Users/ashfaquesami/425_project/data/clips_10s/metal_055_1.wav,10.0,20.0,10.0,1,55,,pending,val
metal_055_2,metal,6,/Users/ashfaquesami/425_project/data/raw_gtzan/genres_original/metal/metal.00055.wav,metal.00055,/Users/ashfaquesami/425_project/data/clips_10s/metal_055_2.wav,20.0,30.0,10.0,2,55,,pending,val
metal_056_0,metal,6,/Users/ashfaquesami/425_project/data/raw_gtzan/genres_original/metal/metal.00056.wav,metal.00056,/Users/ashfaquesami/425_project/data/clips_10s/metal_056_0.wav,0.0,10.0,10.0,0,56,,pending,train
metal_056_1,metal,6,/Users/ashfaquesami/425_project/data/raw_gtzan/genres_original/metal/metal.00056.wav,metal.00056,/Users/ashfaquesami/425_project/data/clips_10s/metal_056_1.wav,10.0,20.0,10.0,1,56,,pending,train
metal_056_2,metal,6,/Users/ashfaquesami/425_project/data/raw_gtzan/genres_original/metal/metal.00056.wav,metal.00056,/Users/ashfaquesami/425_project/data/clips_10s/metal_056_2.wav,20.0,30.0,10.0,2,56,,pending,train
metal_057_0,metal,6,/Users/ashfaquesami/425_project/data/raw_gtzan/genres_original/metal/metal.00057.wav,metal.00057,/Users/ashfaquesami/425_project/data/clips_10s/metal_057_0.wav,0.0,10.0,10.0,0,57,,pending,train
metal_057_1,metal,6,/Users/ashfaquesami/425_project/data/raw_gtzan/genres_original/metal/metal.00057.wav,metal.00057,/Users/ashfaquesami/425_project/data/clips_10s/metal_057_1.wav,10.0,20.0,10.0,1,57,,pending,train
metal_057_2,metal,6,/Users/ashfaquesami/425_project/data/raw_gtzan/genres_original/metal/metal.00057.wav,metal.00057,/Users/ashfaquesami/425_project/data/clips_10s/metal_057_2.wav,20.0,30.0,10.0,2,57,,pending,train
metal_058_0,metal,6,/Users/ashfaquesami/425_project/data/raw_gtzan/genres_original/metal/metal.00058.wav,metal.00058,/Users/ashfaquesami/425_project/data/clips_10s/metal_058_0.wav,0.0,10.0,10.0,0,58,,pending,train
metal_058_1,metal,6,/Users/ashfaquesami/425_project/data/raw_gtzan/genres_original/metal/metal.00058.wav,metal.00058,/Users/ashfaquesami/425_project/data/clips_10s/metal_058_1.wav,10.0,20.0,10.0,1,58,,pending,train
metal_058_2,metal,6,/Users/ashfaquesami/425_project/data/raw_gtzan/genres_original/metal/metal.00058.wav,metal.00058,/Users/ashfaquesami/425_project/data/clips_10s/metal_058_2.wav,20.0,30.0,10.0,2,58,,pending,train
metal_059_0,metal,6,/Users/ashfaquesami/425_project/data/raw_gtzan/genres_original/metal/metal.00059.wav,metal.00059,/Users/ashfaquesami/425_project/data/clips_10s/metal_059_0.wav,0.0,10.0,10.0,0,59,,pending,train
metal_059_1,metal,6,/Users/ashfaquesami/425_project/data/raw_gtzan/genres_original/metal/metal.00059.wav,metal.00059,/Users/ashfaquesami/425_project/data/clips_10s/metal_059_1.wav,10.0,20.0,10.0,1,59,,pending,train
metal_059_2,metal,6,/Users/ashfaquesami/425_project/data/raw_gtzan/genres_original/metal/metal.00059.wav,metal.00059,/Users/ashfaquesami/425_project/data/clips_10s/metal_059_2.wav,20.0,30.0,10.0,2,59,,pending,train
metal_060_0,metal,6,/Users/ashfaquesami/425_project/data/raw_gtzan/genres_original/metal/metal.00060.wav,metal.00060,/Users/ashfaquesami/425_project/data/clips_10s/metal_060_0.wav,0.0,10.0,10.0,0,60,,pending,train
metal_060_1,metal,6,/Users/ashfaquesami/425_project/data/raw_gtzan/genres_original/metal/metal.00060.wav,metal.00060,/Users/ashfaquesami/425_project/data/clips_10s/metal_060_1.wav,10.0,20.0,10.0,1,60,,pending,train
metal_060_2,metal,6,/Users/ashfaquesami/425_project/data/raw_gtzan/genres_original/metal/metal.00060.wav,metal.00060,/Users/ashfaquesami/425_project/data/clips_10s/metal_060_2.wav,20.0,30.0,10.0,2,60,,pending,train
metal_061_0,metal,6,/Users/ashfaquesami/425_project/data/raw_gtzan/genres_original/metal/metal.00061.wav,metal.00061,/Users/ashfaquesami/425_project/data/clips_10s/metal_061_0.wav,0.0,10.0,10.0,0,61,,pending,train
metal_061_1,metal,6,/Users/ashfaquesami/425_project/data/raw_gtzan/genres_original/metal/metal.00061.wav,metal.00061,/Users/ashfaquesami/425_project/data/clips_10s/metal_061_1.wav,10.0,20.0,10.0,1,61,,pending,train
metal_061_2,metal,6,/Users/ashfaquesami/425_project/data/raw_gtzan/genres_original/metal/metal.00061.wav,metal.00061,/Users/ashfaquesami/425_project/data/clips_10s/metal_061_2.wav,20.0,30.0,10.0,2,61,,pending,train
metal_062_0,metal,6,/Users/ashfaquesami/425_project/data/raw_gtzan/genres_original/metal/metal.00062.wav,metal.00062,/Users/ashfaquesami/425_project/data/clips_10s/metal_062_0.wav,0.0,10.0,10.0,0,62,,pending,test
metal_062_1,metal,6,/Users/ashfaquesami/425_project/data/raw_gtzan/genres_original/metal/metal.00062.wav,metal.00062,/Users/ashfaquesami/425_project/data/clips_10s/metal_062_1.wav,10.0,20.0,10.0,1,62,,pending,test
metal_062_2,metal,6,/Users/ashfaquesami/425_project/data/raw_gtzan/genres_original/metal/metal.00062.wav,metal.00062,/Users/ashfaquesami/425_project/data/clips_10s/metal_062_2.wav,20.0,30.0,10.0,2,62,,pending,test
metal_063_0,metal,6,/Users/ashfaquesami/425_project/data/raw_gtzan/genres_original/metal/metal.00063.wav,metal.00063,/Users/ashfaquesami/425_project/data/clips_10s/metal_063_0.wav,0.0,10.0,10.0,0,63,,pending,train
metal_063_1,metal,6,/Users/ashfaquesami/425_project/data/raw_gtzan/genres_original/metal/metal.00063.wav,metal.00063,/Users/ashfaquesami/425_project/data/clips_10s/metal_063_1.wav,10.0,20.0,10.0,1,63,,pending,train
metal_063_2,metal,6,/Users/ashfaquesami/425_project/data/raw_gtzan/genres_original/metal/metal.00063.wav,metal.00063,/Users/ashfaquesami/425_project/data/clips_10s/metal_063_2.wav,20.0,30.0,10.0,2,63,,pending,train
metal_064_0,metal,6,/Users/ashfaquesami/425_project/data/raw_gtzan/genres_original/metal/metal.00064.wav,metal.00064,/Users/ashfaquesami/425_project/data/clips_10s/metal_064_0.wav,0.0,10.0,10.0,0,64,,pending,test
metal_064_1,metal,6,/Users/ashfaquesami/425_project/data/raw_gtzan/genres_original/metal/metal.00064.wav,metal.00064,/Users/ashfaquesami/425_project/data/clips_10s/metal_064_1.wav,10.0,20.0,10.0,1,64,,pending,test
metal_064_2,metal,6,/Users/ashfaquesami/425_project/data/raw_gtzan/genres_original/metal/metal.00064.wav,metal.00064,/Users/ashfaquesami/425_project/data/clips_10s/metal_064_2.wav,20.0,30.0,10.0,2,64,,pending,test
metal_065_0,metal,6,/Users/ashfaquesami/425_project/data/raw_gtzan/genres_original/metal/metal.00065.wav,metal.00065,/Users/ashfaquesami/425_project/data/clips_10s/metal_065_0.wav,0.0,10.0,10.0,0,65,,pending,train
metal_065_1,metal,6,/Users/ashfaquesami/425_project/data/raw_gtzan/genres_original/metal/metal.00065.wav,metal.00065,/Users/ashfaquesami/425_project/data/clips_10s/metal_065_1.wav,10.0,20.0,10.0,1,65,,pending,train
metal_065_2,metal,6,/Users/ashfaquesami/425_project/data/raw_gtzan/genres_original/metal/metal.00065.wav,metal.00065,/Users/ashfaquesami/425_project/data/clips_10s/metal_065_2.wav,20.0,30.0,10.0,2,65,,pending,train
metal_066_0,metal,6,/Users/ashfaquesami/425_project/data/raw_gtzan/genres_original/metal/metal.00066.wav,metal.00066,/Users/ashfaquesami/425_project/data/clips_10s/metal_066_0.wav,0.0,10.0,10.0,0,66,,pending,train
metal_066_1,metal,6,/Users/ashfaquesami/425_project/data/raw_gtzan/genres_original/metal/metal.00066.wav,metal.00066,/Users/ashfaquesami/425_project/data/clips_10s/metal_066_1.wav,10.0,20.0,10.0,1,66,,pending,train
metal_066_2,metal,6,/Users/ashfaquesami/425_project/data/raw_gtzan/genres_original/metal/metal.00066.wav,metal.00066,/Users/ashfaquesami/425_project/data/clips_10s/metal_066_2.wav,20.0,30.0,10.0,2,66,,pending,train
metal_067_0,metal,6,/Users/ashfaquesami/425_project/data/raw_gtzan/genres_original/metal/metal.00067.wav,metal.00067,/Users/ashfaquesami/425_project/data/clips_10s/metal_067_0.wav,0.0,10.0,10.0,0,67,,pending,train
metal_067_1,metal,6,/Users/ashfaquesami/425_project/data/raw_gtzan/genres_original/metal/metal.00067.wav,metal.00067,/Users/ashfaquesami/425_project/data/clips_10s/metal_067_1.wav,10.0,20.0,10.0,1,67,,pending,train
metal_067_2,metal,6,/Users/ashfaquesami/425_project/data/raw_gtzan/genres_original/metal/metal.00067.wav,metal.00067,/Users/ashfaquesami/425_project/data/clips_10s/metal_067_2.wav,20.0,30.0,10.0,2,67,,pending,train
metal_068_0,metal,6,/Users/ashfaquesami/425_project/data/raw_gtzan/genres_original/metal/metal.00068.wav,metal.00068,/Users/ashfaquesami/425_project/data/clips_10s/metal_068_0.wav,0.0,10.0,10.0,0,68,,pending,train
metal_068_1,metal,6,/Users/ashfaquesami/425_project/data/raw_gtzan/genres_original/metal/metal.00068.wav,metal.00068,/Users/ashfaquesami/425_project/data/clips_10s/metal_068_1.wav,10.0,20.0,10.0,1,68,,pending,train
metal_068_2,metal,6,/Users/ashfaquesami/425_project/data/raw_gtzan/genres_original/metal/metal.00068.wav,metal.00068,/Users/ashfaquesami/425_project/data/clips_10s/metal_068_2.wav,20.0,30.0,10.0,2,68,,pending,train
metal_069_0,metal,6,/Users/ashfaquesami/425_project/data/raw_gtzan/genres_original/metal/metal.00069.wav,metal.00069,/Users/ashfaquesami/425_project/data/clips_10s/metal_069_0.wav,0.0,10.0,10.0,0,69,,pending,train
metal_069_1,metal,6,/Users/ashfaquesami/425_project/data/raw_gtzan/genres_original/metal/metal.00069.wav,metal.00069,/Users/ashfaquesami/425_project/data/clips_10s/metal_069_1.wav,10.0,20.0,10.0,1,69,,pending,train
metal_069_2,metal,6,/Users/ashfaquesami/425_project/data/raw_gtzan/genres_original/metal/metal.00069.wav,metal.00069,/Users/ashfaquesami/425_project/data/clips_10s/metal_069_2.wav,20.0,30.0,10.0,2,69,,pending,train
metal_070_0,metal,6,/Users/ashfaquesami/425_project/data/raw_gtzan/genres_original/metal/metal.00070.wav,metal.00070,/Users/ashfaquesami/425_project/data/clips_10s/metal_070_0.wav,0.0,10.0,10.0,0,70,,pending,train
metal_070_1,metal,6,/Users/ashfaquesami/425_project/data/raw_gtzan/genres_original/metal/metal.00070.wav,metal.00070,/Users/ashfaquesami/425_project/data/clips_10s/metal_070_1.wav,10.0,20.0,10.0,1,70,,pending,train
metal_070_2,metal,6,/Users/ashfaquesami/425_project/data/raw_gtzan/genres_original/metal/metal.00070.wav,metal.00070,/Users/ashfaquesami/425_project/data/clips_10s/metal_070_2.wav,20.0,30.0,10.0,2,70,,pending,train
metal_071_0,metal,6,/Users/ashfaquesami/425_project/data/raw_gtzan/genres_original/metal/metal.00071.wav,metal.00071,/Users/ashfaquesami/425_project/data/clips_10s/metal_071_0.wav,0.0,10.0,10.0,0,71,,pending,train
metal_071_1,metal,6,/Users/ashfaquesami/425_project/data/raw_gtzan/genres_original/metal/metal.00071.wav,metal.00071,/Users/ashfaquesami/425_project/data/clips_10s/metal_071_1.wav,10.0,20.0,10.0,1,71,,pending,train
metal_071_2,metal,6,/Users/ashfaquesami/425_project/data/raw_gtzan/genres_original/metal/metal.00071.wav,metal.00071,/Users/ashfaquesami/425_project/data/clips_10s/metal_071_2.wav,20.0,30.0,10.0,2,71,,pending,train
metal_072_0,metal,6,/Users/ashfaquesami/425_project/data/raw_gtzan/genres_original/metal/metal.00072.wav,metal.00072,/Users/ashfaquesami/425_project/data/clips_10s/metal_072_0.wav,0.0,10.0,10.0,0,72,,pending,train
metal_072_1,metal,6,/Users/ashfaquesami/425_project/data/raw_gtzan/genres_original/metal/metal.00072.wav,metal.00072,/Users/ashfaquesami/425_project/data/clips_10s/metal_072_1.wav,10.0,20.0,10.0,1,72,,pending,train
metal_072_2,metal,6,/Users/ashfaquesami/425_project/data/raw_gtzan/genres_original/metal/metal.00072.wav,metal.00072,/Users/ashfaquesami/425_project/data/clips_10s/metal_072_2.wav,20.0,30.0,10.0,2,72,,pending,train
metal_073_0,metal,6,/Users/ashfaquesami/425_project/data/raw_gtzan/genres_original/metal/metal.00073.wav,metal.00073,/Users/ashfaquesami/425_project/data/clips_10s/metal_073_0.wav,0.0,10.0,10.0,0,73,,pending,train
metal_073_1,metal,6,/Users/ashfaquesami/425_project/data/raw_gtzan/genres_original/metal/metal.00073.wav,metal.00073,/Users/ashfaquesami/425_project/data/clips_10s/metal_073_1.wav,10.0,20.0,10.0,1,73,,pending,train
metal_073_2,metal,6,/Users/ashfaquesami/425_project/data/raw_gtzan/genres_original/metal/metal.00073.wav,metal.00073,/Users/ashfaquesami/425_project/data/clips_10s/metal_073_2.wav,20.0,30.0,10.0,2,73,,pending,train
metal_074_0,metal,6,/Users/ashfaquesami/425_project/data/raw_gtzan/genres_original/metal/metal.00074.wav,metal.00074,/Users/ashfaquesami/425_project/data/clips_10s/metal_074_0.wav,0.0,10.0,10.0,0,74,,pending,train
metal_074_1,metal,6,/Users/ashfaquesami/425_project/data/raw_gtzan/genres_original/metal/metal.00074.wav,metal.00074,/Users/ashfaquesami/425_project/data/clips_10s/metal_074_1.wav,10.0,20.0,10.0,1,74,,pending,train
metal_074_2,metal,6,/Users/ashfaquesami/425_project/data/raw_gtzan/genres_original/metal/metal.00074.wav,metal.00074,/Users/ashfaquesami/425_project/data/clips_10s/metal_074_2.wav,20.0,30.0,10.0,2,74,,pending,train
metal_075_0,metal,6,/Users/ashfaquesami/425_project/data/raw_gtzan/genres_original/metal/metal.00075.wav,metal.00075,/Users/ashfaquesami/425_project/data/clips_10s/metal_075_0.wav,0.0,10.0,10.0,0,75,,pending,val
metal_075_1,metal,6,/Users/ashfaquesami/425_project/data/raw_gtzan/genres_original/metal/metal.00075.wav,metal.00075,/Users/ashfaquesami/425_project/data/clips_10s/metal_075_1.wav,10.0,20.0,10.0,1,75,,pending,val
metal_075_2,metal,6,/Users/ashfaquesami/425_project/data/raw_gtzan/genres_original/metal/metal.00075.wav,metal.00075,/Users/ashfaquesami/425_project/data/clips_10s/metal_075_2.wav,20.0,30.0,10.0,2,75,,pending,val
metal_076_0,metal,6,/Users/ashfaquesami/425_project/data/raw_gtzan/genres_original/metal/metal.00076.wav,metal.00076,/Users/ashfaquesami/425_project/data/clips_10s/metal_076_0.wav,0.0,10.0,10.0,0,76,,pending,train
metal_076_1,metal,6,/Users/ashfaquesami/425_project/data/raw_gtzan/genres_original/metal/metal.00076.wav,metal.00076,/Users/ashfaquesami/425_project/data/clips_10s/metal_076_1.wav,10.0,20.0,10.0,1,76,,pending,train
metal_076_2,metal,6,/Users/ashfaquesami/425_project/data/raw_gtzan/genres_original/metal/metal.00076.wav,metal.00076,/Users/ashfaquesami/425_project/data/clips_10s/metal_076_2.wav,20.0,30.0,10.0,2,76,,pending,train
metal_077_0,metal,6,/Users/ashfaquesami/425_project/data/raw_gtzan/genres_original/metal/metal.00077.wav,metal.00077,/Users/ashfaquesami/425_project/data/clips_10s/metal_077_0.wav,0.0,10.0,10.0,0,77,,pending,train
metal_077_1,metal,6,/Users/ashfaquesami/425_project/data/raw_gtzan/genres_original/metal/metal.00077.wav,metal.00077,/Users/ashfaquesami/425_project/data/clips_10s/metal_077_1.wav,10.0,20.0,10.0,1,77,,pending,train
metal_077_2,metal,6,/Users/ashfaquesami/425_project/data/raw_gtzan/genres_original/metal/metal.00077.wav,metal.00077,/Users/ashfaquesami/425_project/data/clips_10s/metal_077_2.wav,20.0,30.0,10.0,2,77,,pending,train
metal_078_0,metal,6,/Users/ashfaquesami/425_project/data/raw_gtzan/genres_original/metal/metal.00078.wav,metal.00078,/Users/ashfaquesami/425_project/data/clips_10s/metal_078_0.wav,0.0,10.0,10.0,0,78,,pending,train
metal_078_1,metal,6,/Users/ashfaquesami/425_project/data/raw_gtzan/genres_original/metal/metal.00078.wav,metal.00078,/Users/ashfaquesami/425_project/data/clips_10s/metal_078_1.wav,10.0,20.0,10.0,1,78,,pending,train
metal_078_2,metal,6,/Users/ashfaquesami/425_project/data/raw_gtzan/genres_original/metal/metal.00078.wav,metal.00078,/Users/ashfaquesami/425_project/data/clips_10s/metal_078_2.wav,20.0,30.0,10.0,2,78,,pending,train
metal_079_0,metal,6,/Users/ashfaquesami/425_project/data/raw_gtzan/genres_original/metal/metal.00079.wav,metal.00079,/Users/ashfaquesami/425_project/data/clips_10s/metal_079_0.wav,0.0,10.0,10.0,0,79,,pending,train
metal_079_1,metal,6,/Users/ashfaquesami/425_project/data/raw_gtzan/genres_original/metal/metal.00079.wav,metal.00079,/Users/ashfaquesami/425_project/data/clips_10s/metal_079_1.wav,10.0,20.0,10.0,1,79,,pending,train
metal_079_2,metal,6,/Users/ashfaquesami/425_project/data/raw_gtzan/genres_original/metal/metal.00079.wav,metal.00079,/Users/ashfaquesami/425_project/data/clips_10s/metal_079_2.wav,20.0,30.0,10.0,2,79,,pending,train
metal_080_0,metal,6,/Users/ashfaquesami/425_project/data/raw_gtzan/genres_original/metal/metal.00080.wav,metal.00080,/Users/ashfaquesami/425_project/data/clips_10s/metal_080_0.wav,0.0,10.0,10.0,0,80,,pending,train
metal_080_1,metal,6,/Users/ashfaquesami/425_project/data/raw_gtzan/genres_original/metal/metal.00080.wav,metal.00080,/Users/ashfaquesami/425_project/data/clips_10s/metal_080_1.wav,10.0,20.0,10.0,1,80,,pending,train
metal_080_2,metal,6,/Users/ashfaquesami/425_project/data/raw_gtzan/genres_original/metal/metal.00080.wav,metal.00080,/Users/ashfaquesami/425_project/data/clips_10s/metal_080_2.wav,20.0,30.0,10.0,2,80,,pending,train
metal_081_0,metal,6,/Users/ashfaquesami/425_project/data/raw_gtzan/genres_original/metal/metal.00081.wav,metal.00081,/Users/ashfaquesami/425_project/data/clips_10s/metal_081_0.wav,0.0,10.0,10.0,0,81,,pending,train
metal_081_1,metal,6,/Users/ashfaquesami/425_project/data/raw_gtzan/genres_original/metal/metal.00081.wav,metal.00081,/Users/ashfaquesami/425_project/data/clips_10s/metal_081_1.wav,10.0,20.0,10.0,1,81,,pending,train
metal_081_2,metal,6,/Users/ashfaquesami/425_project/data/raw_gtzan/genres_original/metal/metal.00081.wav,metal.00081,/Users/ashfaquesami/425_project/data/clips_10s/metal_081_2.wav,20.0,30.0,10.0,2,81,,pending,train
metal_082_0,metal,6,/Users/ashfaquesami/425_project/data/raw_gtzan/genres_original/metal/metal.00082.wav,metal.00082,/Users/ashfaquesami/425_project/data/clips_10s/metal_082_0.wav,0.0,10.0,10.0,0,82,,pending,test
metal_082_1,metal,6,/Users/ashfaquesami/425_project/data/raw_gtzan/genres_original/metal/metal.00082.wav,metal.00082,/Users/ashfaquesami/425_project/data/clips_10s/metal_082_1.wav,10.0,20.0,10.0,1,82,,pending,test
metal_082_2,metal,6,/Users/ashfaquesami/425_project/data/raw_gtzan/genres_original/metal/metal.00082.wav,metal.00082,/Users/ashfaquesami/425_project/data/clips_10s/metal_082_2.wav,20.0,30.0,10.0,2,82,,pending,test
metal_083_0,metal,6,/Users/ashfaquesami/425_project/data/raw_gtzan/genres_original/metal/metal.00083.wav,metal.00083,/Users/ashfaquesami/425_project/data/clips_10s/metal_083_0.wav,0.0,10.0,10.0,0,83,,pending,train
metal_083_1,metal,6,/Users/ashfaquesami/425_project/data/raw_gtzan/genres_original/metal/metal.00083.wav,metal.00083,/Users/ashfaquesami/425_project/data/clips_10s/metal_083_1.wav,10.0,20.0,10.0,1,83,,pending,train
metal_083_2,metal,6,/Users/ashfaquesami/425_project/data/raw_gtzan/genres_original/metal/metal.00083.wav,metal.00083,/Users/ashfaquesami/425_project/data/clips_10s/metal_083_2.wav,20.0,30.0,10.0,2,83,,pending,train
metal_084_0,metal,6,/Users/ashfaquesami/425_project/data/raw_gtzan/genres_original/metal/metal.00084.wav,metal.00084,/Users/ashfaquesami/425_project/data/clips_10s/metal_084_0.wav,0.0,10.0,10.0,0,84,,pending,val
metal_084_1,metal,6,/Users/ashfaquesami/425_project/data/raw_gtzan/genres_original/metal/metal.00084.wav,metal.00084,/Users/ashfaquesami/425_project/data/clips_10s/metal_084_1.wav,10.0,20.0,10.0,1,84,,pending,val
metal_084_2,metal,6,/Users/ashfaquesami/425_project/data/raw_gtzan/genres_original/metal/metal.00084.wav,metal.00084,/Users/ashfaquesami/425_project/data/clips_10s/metal_084_2.wav,20.0,30.0,10.0,2,84,,pending,val
metal_085_0,metal,6,/Users/ashfaquesami/425_project/data/raw_gtzan/genres_original/metal/metal.00085.wav,metal.00085,/Users/ashfaquesami/425_project/data/clips_10s/metal_085_0.wav,0.0,10.0,10.0,0,85,,pending,train
metal_085_1,metal,6,/Users/ashfaquesami/425_project/data/raw_gtzan/genres_original/metal/metal.00085.wav,metal.00085,/Users/ashfaquesami/425_project/data/clips_10s/metal_085_1.wav,10.0,20.0,10.0,1,85,,pending,train
metal_085_2,metal,6,/Users/ashfaquesami/425_project/data/raw_gtzan/genres_original/metal/metal.00085.wav,metal.00085,/Users/ashfaquesami/425_project/data/clips_10s/metal_085_2.wav,20.0,30.0,10.0,2,85,,pending,train
metal_086_0,metal,6,/Users/ashfaquesami/425_project/data/raw_gtzan/genres_original/metal/metal.00086.wav,metal.00086,/Users/ashfaquesami/425_project/data/clips_10s/metal_086_0.wav,0.0,10.0,10.0,0,86,,pending,train
metal_086_1,metal,6,/Users/ashfaquesami/425_project/data/raw_gtzan/genres_original/metal/metal.00086.wav,metal.00086,/Users/ashfaquesami/425_project/data/clips_10s/metal_086_1.wav,10.0,20.0,10.0,1,86,,pending,train
metal_086_2,metal,6,/Users/ashfaquesami/425_project/data/raw_gtzan/genres_original/metal/metal.00086.wav,metal.00086,/Users/ashfaquesami/425_project/data/clips_10s/metal_086_2.wav,20.0,30.0,10.0,2,86,,pending,train
metal_087_0,metal,6,/Users/ashfaquesami/425_project/data/raw_gtzan/genres_original/metal/metal.00087.wav,metal.00087,/Users/ashfaquesami/425_project/data/clips_10s/metal_087_0.wav,0.0,10.0,10.0,0,87,,pending,test
metal_087_1,metal,6,/Users/ashfaquesami/425_project/data/raw_gtzan/genres_original/metal/metal.00087.wav,metal.00087,/Users/ashfaquesami/425_project/data/clips_10s/metal_087_1.wav,10.0,20.0,10.0,1,87,,pending,test
metal_087_2,metal,6,/Users/ashfaquesami/425_project/data/raw_gtzan/genres_original/metal/metal.00087.wav,metal.00087,/Users/ashfaquesami/425_project/data/clips_10s/metal_087_2.wav,20.0,30.0,10.0,2,87,,pending,test
metal_088_0,metal,6,/Users/ashfaquesami/425_project/data/raw_gtzan/genres_original/metal/metal.00088.wav,metal.00088,/Users/ashfaquesami/425_project/data/clips_10s/metal_088_0.wav,0.0,10.0,10.0,0,88,,pending,train
metal_088_1,metal,6,/Users/ashfaquesami/425_project/data/raw_gtzan/genres_original/metal/metal.00088.wav,metal.00088,/Users/ashfaquesami/425_project/data/clips_10s/metal_088_1.wav,10.0,20.0,10.0,1,88,,pending,train
metal_088_2,metal,6,/Users/ashfaquesami/425_project/data/raw_gtzan/genres_original/metal/metal.00088.wav,metal.00088,/Users/ashfaquesami/425_project/data/clips_10s/metal_088_2.wav,20.0,30.0,10.0,2,88,,pending,train
metal_089_0,metal,6,/Users/ashfaquesami/425_project/data/raw_gtzan/genres_original/metal/metal.00089.wav,metal.00089,/Users/ashfaquesami/425_project/data/clips_10s/metal_089_0.wav,0.0,10.0,10.0,0,89,,pending,train
metal_089_1,metal,6,/Users/ashfaquesami/425_project/data/raw_gtzan/genres_original/metal/metal.00089.wav,metal.00089,/Users/ashfaquesami/425_project/data/clips_10s/metal_089_1.wav,10.0,20.0,10.0,1,89,,pending,train
metal_089_2,metal,6,/Users/ashfaquesami/425_project/data/raw_gtzan/genres_original/metal/metal.00089.wav,metal.00089,/Users/ashfaquesami/425_project/data/clips_10s/metal_089_2.wav,20.0,30.0,10.0,2,89,,pending,train
metal_090_0,metal,6,/Users/ashfaquesami/425_project/data/raw_gtzan/genres_original/metal/metal.00090.wav,metal.00090,/Users/ashfaquesami/425_project/data/clips_10s/metal_090_0.wav,0.0,10.0,10.0,0,90,,pending,train
metal_090_1,metal,6,/Users/ashfaquesami/425_project/data/raw_gtzan/genres_original/metal/metal.00090.wav,metal.00090,/Users/ashfaquesami/425_project/data/clips_10s/metal_090_1.wav,10.0,20.0,10.0,1,90,,pending,train
metal_090_2,metal,6,/Users/ashfaquesami/425_project/data/raw_gtzan/genres_original/metal/metal.00090.wav,metal.00090,/Users/ashfaquesami/425_project/data/clips_10s/metal_090_2.wav,20.0,30.0,10.0,2,90,,pending,train
metal_091_0,metal,6,/Users/ashfaquesami/425_project/data/raw_gtzan/genres_original/metal/metal.00091.wav,metal.00091,/Users/ashfaquesami/425_project/data/clips_10s/metal_091_0.wav,0.0,10.0,10.0,0,91,,pending,val
metal_091_1,metal,6,/Users/ashfaquesami/425_project/data/raw_gtzan/genres_original/metal/metal.00091.wav,metal.00091,/Users/ashfaquesami/425_project/data/clips_10s/metal_091_1.wav,10.0,20.0,10.0,1,91,,pending,val
metal_091_2,metal,6,/Users/ashfaquesami/425_project/data/raw_gtzan/genres_original/metal/metal.00091.wav,metal.00091,/Users/ashfaquesami/425_project/data/clips_10s/metal_091_2.wav,20.0,30.0,10.0,2,91,,pending,val
metal_092_0,metal,6,/Users/ashfaquesami/425_project/data/raw_gtzan/genres_original/metal/metal.00092.wav,metal.00092,/Users/ashfaquesami/425_project/data/clips_10s/metal_092_0.wav,0.0,10.0,10.0,0,92,,pending,train
metal_092_1,metal,6,/Users/ashfaquesami/425_project/data/raw_gtzan/genres_original/metal/metal.00092.wav,metal.00092,/Users/ashfaquesami/425_project/data/clips_10s/metal_092_1.wav,10.0,20.0,10.0,1,92,,pending,train
metal_092_2,metal,6,/Users/ashfaquesami/425_project/data/raw_gtzan/genres_original/metal/metal.00092.wav,metal.00092,/Users/ashfaquesami/425_project/data/clips_10s/metal_092_2.wav,20.0,30.0,10.0,2,92,,pending,train
metal_093_0,metal,6,/Users/ashfaquesami/425_project/data/raw_gtzan/genres_original/metal/metal.00093.wav,metal.00093,/Users/ashfaquesami/425_project/data/clips_10s/metal_093_0.wav,0.0,10.0,10.0,0,93,,pending,train
metal_093_1,metal,6,/Users/ashfaquesami/425_project/data/raw_gtzan/genres_original/metal/metal.00093.wav,metal.00093,/Users/ashfaquesami/425_project/data/clips_10s/metal_093_1.wav,10.0,20.0,10.0,1,93,,pending,train
metal_093_2,metal,6,/Users/ashfaquesami/425_project/data/raw_gtzan/genres_original/metal/metal.00093.wav,metal.00093,/Users/ashfaquesami/425_project/data/clips_10s/metal_093_2.wav,20.0,30.0,10.0,2,93,,pending,train
metal_094_0,metal,6,/Users/ashfaquesami/425_project/data/raw_gtzan/genres_original/metal/metal.00094.wav,metal.00094,/Users/ashfaquesami/425_project/data/clips_10s/metal_094_0.wav,0.0,10.0,10.0,0,94,,pending,train
metal_094_1,metal,6,/Users/ashfaquesami/425_project/data/raw_gtzan/genres_original/metal/metal.00094.wav,metal.00094,/Users/ashfaquesami/425_project/data/clips_10s/metal_094_1.wav,10.0,20.0,10.0,1,94,,pending,train
metal_094_2,metal,6,/Users/ashfaquesami/425_project/data/raw_gtzan/genres_original/metal/metal.00094.wav,metal.00094,/Users/ashfaquesami/425_project/data/clips_10s/metal_094_2.wav,20.0,30.0,10.0,2,94,,pending,train
metal_095_0,metal,6,/Users/ashfaquesami/425_project/data/raw_gtzan/genres_original/metal/metal.00095.wav,metal.00095,/Users/ashfaquesami/425_project/data/clips_10s/metal_095_0.wav,0.0,10.0,10.0,0,95,,pending,train
metal_095_1,metal,6,/Users/ashfaquesami/425_project/data/raw_gtzan/genres_original/metal/metal.00095.wav,metal.00095,/Users/ashfaquesami/425_project/data/clips_10s/metal_095_1.wav,10.0,20.0,10.0,1,95,,pending,train
metal_095_2,metal,6,/Users/ashfaquesami/425_project/data/raw_gtzan/genres_original/metal/metal.00095.wav,metal.00095,/Users/ashfaquesami/425_project/data/clips_10s/metal_095_2.wav,20.0,30.0,10.0,2,95,,pending,train
metal_096_0,metal,6,/Users/ashfaquesami/425_project/data/raw_gtzan/genres_original/metal/metal.00096.wav,metal.00096,/Users/ashfaquesami/425_project/data/clips_10s/metal_096_0.wav,0.0,10.0,10.0,0,96,,pending,train
metal_096_1,metal,6,/Users/ashfaquesami/425_project/data/raw_gtzan/genres_original/metal/metal.00096.wav,metal.00096,/Users/ashfaquesami/425_project/data/clips_10s/metal_096_1.wav,10.0,20.0,10.0,1,96,,pending,train
metal_096_2,metal,6,/Users/ashfaquesami/425_project/data/raw_gtzan/genres_original/metal/metal.00096.wav,metal.00096,/Users/ashfaquesami/425_project/data/clips_10s/metal_096_2.wav,20.0,30.0,10.0,2,96,,pending,train
metal_097_0,metal,6,/Users/ashfaquesami/425_project/data/raw_gtzan/genres_original/metal/metal.00097.wav,metal.00097,/Users/ashfaquesami/425_project/data/clips_10s/metal_097_0.wav,0.0,10.0,10.0,0,97,,pending,train
metal_097_1,metal,6,/Users/ashfaquesami/425_project/data/raw_gtzan/genres_original/metal/metal.00097.wav,metal.00097,/Users/ashfaquesami/425_project/data/clips_10s/metal_097_1.wav,10.0,20.0,10.0,1,97,,pending,train
metal_097_2,metal,6,/Users/ashfaquesami/425_project/data/raw_gtzan/genres_original/metal/metal.00097.wav,metal.00097,/Users/ashfaquesami/425_project/data/clips_10s/metal_097_2.wav,20.0,30.0,10.0,2,97,,pending,train
metal_098_0,metal,6,/Users/ashfaquesami/425_project/data/raw_gtzan/genres_original/metal/metal.00098.wav,metal.00098,/Users/ashfaquesami/425_project/data/clips_10s/metal_098_0.wav,0.0,10.0,10.0,0,98,,pending,train
metal_098_1,metal,6,/Users/ashfaquesami/425_project/data/raw_gtzan/genres_original/metal/metal.00098.wav,metal.00098,/Users/ashfaquesami/425_project/data/clips_10s/metal_098_1.wav,10.0,20.0,10.0,1,98,,pending,train
metal_098_2,metal,6,/Users/ashfaquesami/425_project/data/raw_gtzan/genres_original/metal/metal.00098.wav,metal.00098,/Users/ashfaquesami/425_project/data/clips_10s/metal_098_2.wav,20.0,30.0,10.0,2,98,,pending,train
metal_099_0,metal,6,/Users/ashfaquesami/425_project/data/raw_gtzan/genres_original/metal/metal.00099.wav,metal.00099,/Users/ashfaquesami/425_project/data/clips_10s/metal_099_0.wav,0.0,10.0,10.0,0,99,,pending,val
metal_099_1,metal,6,/Users/ashfaquesami/425_project/data/raw_gtzan/genres_original/metal/metal.00099.wav,metal.00099,/Users/ashfaquesami/425_project/data/clips_10s/metal_099_1.wav,10.0,20.0,10.0,1,99,,pending,val
metal_099_2,metal,6,/Users/ashfaquesami/425_project/data/raw_gtzan/genres_original/metal/metal.00099.wav,metal.00099,/Users/ashfaquesami/425_project/data/clips_10s/metal_099_2.wav,20.0,30.0,10.0,2,99,,pending,val
pop_000_0,pop,7,/Users/ashfaquesami/425_project/data/raw_gtzan/genres_original/pop/pop.00000.wav,pop.00000,/Users/ashfaquesami/425_project/data/clips_10s/pop_000_0.wav,0.0,10.0,10.0,0,0,,pending,test
pop_000_1,pop,7,/Users/ashfaquesami/425_project/data/raw_gtzan/genres_original/pop/pop.00000.wav,pop.00000,/Users/ashfaquesami/425_project/data/clips_10s/pop_000_1.wav,10.0,20.0,10.0,1,0,,pending,test
pop_000_2,pop,7,/Users/ashfaquesami/425_project/data/raw_gtzan/genres_original/pop/pop.00000.wav,pop.00000,/Users/ashfaquesami/425_project/data/clips_10s/pop_000_2.wav,20.0,30.0,10.0,2,0,,pending,test
pop_001_0,pop,7,/Users/ashfaquesami/425_project/data/raw_gtzan/genres_original/pop/pop.00001.wav,pop.00001,/Users/ashfaquesami/425_project/data/clips_10s/pop_001_0.wav,0.0,10.0,10.0,0,1,,pending,test
pop_001_1,pop,7,/Users/ashfaquesami/425_project/data/raw_gtzan/genres_original/pop/pop.00001.wav,pop.00001,/Users/ashfaquesami/425_project/data/clips_10s/pop_001_1.wav,10.0,20.0,10.0,1,1,,pending,test
pop_001_2,pop,7,/Users/ashfaquesami/425_project/data/raw_gtzan/genres_original/pop/pop.00001.wav,pop.00001,/Users/ashfaquesami/425_project/data/clips_10s/pop_001_2.wav,20.0,30.0,10.0,2,1,,pending,test
pop_002_0,pop,7,/Users/ashfaquesami/425_project/data/raw_gtzan/genres_original/pop/pop.00002.wav,pop.00002,/Users/ashfaquesami/425_project/data/clips_10s/pop_002_0.wav,0.0,10.0,10.0,0,2,,pending,val
pop_002_1,pop,7,/Users/ashfaquesami/425_project/data/raw_gtzan/genres_original/pop/pop.00002.wav,pop.00002,/Users/ashfaquesami/425_project/data/clips_10s/pop_002_1.wav,10.0,20.0,10.0,1,2,,pending,val
pop_002_2,pop,7,/Users/ashfaquesami/425_project/data/raw_gtzan/genres_original/pop/pop.00002.wav,pop.00002,/Users/ashfaquesami/425_project/data/clips_10s/pop_002_2.wav,20.0,30.0,10.0,2,2,,pending,val
pop_003_0,pop,7,/Users/ashfaquesami/425_project/data/raw_gtzan/genres_original/pop/pop.00003.wav,pop.00003,/Users/ashfaquesami/425_project/data/clips_10s/pop_003_0.wav,0.0,10.0,10.0,0,3,,pending,test
pop_003_1,pop,7,/Users/ashfaquesami/425_project/data/raw_gtzan/genres_original/pop/pop.00003.wav,pop.00003,/Users/ashfaquesami/425_project/data/clips_10s/pop_003_1.wav,10.0,20.0,10.0,1,3,,pending,test
pop_003_2,pop,7,/Users/ashfaquesami/425_project/data/raw_gtzan/genres_original/pop/pop.00003.wav,pop.00003,/Users/ashfaquesami/425_project/data/clips_10s/pop_003_2.wav,20.0,30.0,10.0,2,3,,pending,test
pop_004_0,pop,7,/Users/ashfaquesami/425_project/data/raw_gtzan/genres_original/pop/pop.00004.wav,pop.00004,/Users/ashfaquesami/425_project/data/clips_10s/pop_004_0.wav,0.0,10.0,10.0,0,4,,pending,train
pop_004_1,pop,7,/Users/ashfaquesami/425_project/data/raw_gtzan/genres_original/pop/pop.00004.wav,pop.00004,/Users/ashfaquesami/425_project/data/clips_10s/pop_004_1.wav,10.0,20.0,10.0,1,4,,pending,train
pop_004_2,pop,7,/Users/ashfaquesami/425_project/data/raw_gtzan/genres_original/pop/pop.00004.wav,pop.00004,/Users/ashfaquesami/425_project/data/clips_10s/pop_004_2.wav,20.0,30.0,10.0,2,4,,pending,train
pop_005_0,pop,7,/Users/ashfaquesami/425_project/data/raw_gtzan/genres_original/pop/pop.00005.wav,pop.00005,/Users/ashfaquesami/425_project/data/clips_10s/pop_005_0.wav,0.0,10.0,10.0,0,5,,pending,train
pop_005_1,pop,7,/Users/ashfaquesami/425_project/data/raw_gtzan/genres_original/pop/pop.00005.wav,pop.00005,/Users/ashfaquesami/425_project/data/clips_10s/pop_005_1.wav,10.0,20.0,10.0,1,5,,pending,train
pop_005_2,pop,7,/Users/ashfaquesami/425_project/data/raw_gtzan/genres_original/pop/pop.00005.wav,pop.00005,/Users/ashfaquesami/425_project/data/clips_10s/pop_005_2.wav,20.0,30.0,10.0,2,5,,pending,train
pop_006_0,pop,7,/Users/ashfaquesami/425_project/data/raw_gtzan/genres_original/pop/pop.00006.wav,pop.00006,/Users/ashfaquesami/425_project/data/clips_10s/pop_006_0.wav,0.0,10.0,10.0,0,6,,pending,train
pop_006_1,pop,7,/Users/ashfaquesami/425_project/data/raw_gtzan/genres_original/pop/pop.00006.wav,pop.00006,/Users/ashfaquesami/425_project/data/clips_10s/pop_006_1.wav,10.0,20.0,10.0,1,6,,pending,train
pop_006_2,pop,7,/Users/ashfaquesami/425_project/data/raw_gtzan/genres_original/pop/pop.00006.wav,pop.00006,/Users/ashfaquesami/425_project/data/clips_10s/pop_006_2.wav,20.0,30.0,10.0,2,6,,pending,train
pop_007_0,pop,7,/Users/ashfaquesami/425_project/data/raw_gtzan/genres_original/pop/pop.00007.wav,pop.00007,/Users/ashfaquesami/425_project/data/clips_10s/pop_007_0.wav,0.0,10.0,10.0,0,7,,pending,train
pop_007_1,pop,7,/Users/ashfaquesami/425_project/data/raw_gtzan/genres_original/pop/pop.00007.wav,pop.00007,/Users/ashfaquesami/425_project/data/clips_10s/pop_007_1.wav,10.0,20.0,10.0,1,7,,pending,train
pop_007_2,pop,7,/Users/ashfaquesami/425_project/data/raw_gtzan/genres_original/pop/pop.00007.wav,pop.00007,/Users/ashfaquesami/425_project/data/clips_10s/pop_007_2.wav,20.0,30.0,10.0,2,7,,pending,train
pop_008_0,pop,7,/Users/ashfaquesami/425_project/data/raw_gtzan/genres_original/pop/pop.00008.wav,pop.00008,/Users/ashfaquesami/425_project/data/clips_10s/pop_008_0.wav,0.0,10.0,10.0,0,8,,pending,train
pop_008_1,pop,7,/Users/ashfaquesami/425_project/data/raw_gtzan/genres_original/pop/pop.00008.wav,pop.00008,/Users/ashfaquesami/425_project/data/clips_10s/pop_008_1.wav,10.0,20.0,10.0,1,8,,pending,train
pop_008_2,pop,7,/Users/ashfaquesami/425_project/data/raw_gtzan/genres_original/pop/pop.00008.wav,pop.00008,/Users/ashfaquesami/425_project/data/clips_10s/pop_008_2.wav,20.0,30.0,10.0,2,8,,pending,train
pop_009_0,pop,7,/Users/ashfaquesami/425_project/data/raw_gtzan/genres_original/pop/pop.00009.wav,pop.00009,/Users/ashfaquesami/425_project/data/clips_10s/pop_009_0.wav,0.0,10.0,10.0,0,9,,pending,train
pop_009_1,pop,7,/Users/ashfaquesami/425_project/data/raw_gtzan/genres_original/pop/pop.00009.wav,pop.00009,/Users/ashfaquesami/425_project/data/clips_10s/pop_009_1.wav,10.0,20.0,10.0,1,9,,pending,train
pop_009_2,pop,7,/Users/ashfaquesami/425_project/data/raw_gtzan/genres_original/pop/pop.00009.wav,pop.00009,/Users/ashfaquesami/425_project/data/clips_10s/pop_009_2.wav,20.0,30.0,10.0,2,9,,pending,train
pop_010_0,pop,7,/Users/ashfaquesami/425_project/data/raw_gtzan/genres_original/pop/pop.00010.wav,pop.00010,/Users/ashfaquesami/425_project/data/clips_10s/pop_010_0.wav,0.0,10.0,10.0,0,10,,pending,train
pop_010_1,pop,7,/Users/ashfaquesami/425_project/data/raw_gtzan/genres_original/pop/pop.00010.wav,pop.00010,/Users/ashfaquesami/425_project/data/clips_10s/pop_010_1.wav,10.0,20.0,10.0,1,10,,pending,train
pop_010_2,pop,7,/Users/ashfaquesami/425_project/data/raw_gtzan/genres_original/pop/pop.00010.wav,pop.00010,/Users/ashfaquesami/425_project/data/clips_10s/pop_010_2.wav,20.0,30.0,10.0,2,10,,pending,train
pop_011_0,pop,7,/Users/ashfaquesami/425_project/data/raw_gtzan/genres_original/pop/pop.00011.wav,pop.00011,/Users/ashfaquesami/425_project/data/clips_10s/pop_011_0.wav,0.0,10.0,10.0,0,11,,pending,train
pop_011_1,pop,7,/Users/ashfaquesami/425_project/data/raw_gtzan/genres_original/pop/pop.00011.wav,pop.00011,/Users/ashfaquesami/425_project/data/clips_10s/pop_011_1.wav,10.0,20.0,10.0,1,11,,pending,train
pop_011_2,pop,7,/Users/ashfaquesami/425_project/data/raw_gtzan/genres_original/pop/pop.00011.wav,pop.00011,/Users/ashfaquesami/425_project/data/clips_10s/pop_011_2.wav,20.0,30.0,10.0,2,11,,pending,train
pop_012_0,pop,7,/Users/ashfaquesami/425_project/data/raw_gtzan/genres_original/pop/pop.00012.wav,pop.00012,/Users/ashfaquesami/425_project/data/clips_10s/pop_012_0.wav,0.0,10.0,10.0,0,12,,pending,train
pop_012_1,pop,7,/Users/ashfaquesami/425_project/data/raw_gtzan/genres_original/pop/pop.00012.wav,pop.00012,/Users/ashfaquesami/425_project/data/clips_10s/pop_012_1.wav,10.0,20.0,10.0,1,12,,pending,train
pop_012_2,pop,7,/Users/ashfaquesami/425_project/data/raw_gtzan/genres_original/pop/pop.00012.wav,pop.00012,/Users/ashfaquesami/425_project/data/clips_10s/pop_012_2.wav,20.0,30.0,10.0,2,12,,pending,train
pop_013_0,pop,7,/Users/ashfaquesami/425_project/data/raw_gtzan/genres_original/pop/pop.00013.wav,pop.00013,/Users/ashfaquesami/425_project/data/clips_10s/pop_013_0.wav,0.0,10.0,10.0,0,13,,pending,train
pop_013_1,pop,7,/Users/ashfaquesami/425_project/data/raw_gtzan/genres_original/pop/pop.00013.wav,pop.00013,/Users/ashfaquesami/425_project/data/clips_10s/pop_013_1.wav,10.0,20.0,10.0,1,13,,pending,train
pop_013_2,pop,7,/Users/ashfaquesami/425_project/data/raw_gtzan/genres_original/pop/pop.00013.wav,pop.00013,/Users/ashfaquesami/425_project/data/clips_10s/pop_013_2.wav,20.0,30.0,10.0,2,13,,pending,train
pop_014_0,pop,7,/Users/ashfaquesami/425_project/data/raw_gtzan/genres_original/pop/pop.00014.wav,pop.00014,/Users/ashfaquesami/425_project/data/clips_10s/pop_014_0.wav,0.0,10.0,10.0,0,14,,pending,train
pop_014_1,pop,7,/Users/ashfaquesami/425_project/data/raw_gtzan/genres_original/pop/pop.00014.wav,pop.00014,/Users/ashfaquesami/425_project/data/clips_10s/pop_014_1.wav,10.0,20.0,10.0,1,14,,pending,train
pop_014_2,pop,7,/Users/ashfaquesami/425_project/data/raw_gtzan/genres_original/pop/pop.00014.wav,pop.00014,/Users/ashfaquesami/425_project/data/clips_10s/pop_014_2.wav,20.0,30.0,10.0,2,14,,pending,train
pop_015_0,pop,7,/Users/ashfaquesami/425_project/data/raw_gtzan/genres_original/pop/pop.00015.wav,pop.00015,/Users/ashfaquesami/425_project/data/clips_10s/pop_015_0.wav,0.0,10.0,10.0,0,15,,pending,train
pop_015_1,pop,7,/Users/ashfaquesami/425_project/data/raw_gtzan/genres_original/pop/pop.00015.wav,pop.00015,/Users/ashfaquesami/425_project/data/clips_10s/pop_015_1.wav,10.0,20.0,10.0,1,15,,pending,train
pop_015_2,pop,7,/Users/ashfaquesami/425_project/data/raw_gtzan/genres_original/pop/pop.00015.wav,pop.00015,/Users/ashfaquesami/425_project/data/clips_10s/pop_015_2.wav,20.0,30.0,10.0,2,15,,pending,train
pop_016_0,pop,7,/Users/ashfaquesami/425_project/data/raw_gtzan/genres_original/pop/pop.00016.wav,pop.00016,/Users/ashfaquesami/425_project/data/clips_10s/pop_016_0.wav,0.0,10.0,10.0,0,16,,pending,train
pop_016_1,pop,7,/Users/ashfaquesami/425_project/data/raw_gtzan/genres_original/pop/pop.00016.wav,pop.00016,/Users/ashfaquesami/425_project/data/clips_10s/pop_016_1.wav,10.0,20.0,10.0,1,16,,pending,train
pop_016_2,pop,7,/Users/ashfaquesami/425_project/data/raw_gtzan/genres_original/pop/pop.00016.wav,pop.00016,/Users/ashfaquesami/425_project/data/clips_10s/pop_016_2.wav,20.0,30.0,10.0,2,16,,pending,train
pop_017_0,pop,7,/Users/ashfaquesami/425_project/data/raw_gtzan/genres_original/pop/pop.00017.wav,pop.00017,/Users/ashfaquesami/425_project/data/clips_10s/pop_017_0.wav,0.0,10.0,10.0,0,17,,pending,train
pop_017_1,pop,7,/Users/ashfaquesami/425_project/data/raw_gtzan/genres_original/pop/pop.00017.wav,pop.00017,/Users/ashfaquesami/425_project/data/clips_10s/pop_017_1.wav,10.0,20.0,10.0,1,17,,pending,train
pop_017_2,pop,7,/Users/ashfaquesami/425_project/data/raw_gtzan/genres_original/pop/pop.00017.wav,pop.00017,/Users/ashfaquesami/425_project/data/clips_10s/pop_017_2.wav,20.0,30.0,10.0,2,17,,pending,train
pop_018_0,pop,7,/Users/ashfaquesami/425_project/data/raw_gtzan/genres_original/pop/pop.00018.wav,pop.00018,/Users/ashfaquesami/425_project/data/clips_10s/pop_018_0.wav,0.0,10.0,10.0,0,18,,pending,train
pop_018_1,pop,7,/Users/ashfaquesami/425_project/data/raw_gtzan/genres_original/pop/pop.00018.wav,pop.00018,/Users/ashfaquesami/425_project/data/clips_10s/pop_018_1.wav,10.0,20.0,10.0,1,18,,pending,train
pop_018_2,pop,7,/Users/ashfaquesami/425_project/data/raw_gtzan/genres_original/pop/pop.00018.wav,pop.00018,/Users/ashfaquesami/425_project/data/clips_10s/pop_018_2.wav,20.0,30.0,10.0,2,18,,pending,train
pop_019_0,pop,7,/Users/ashfaquesami/425_project/data/raw_gtzan/genres_original/pop/pop.00019.wav,pop.00019,/Users/ashfaquesami/425_project/data/clips_10s/pop_019_0.wav,0.0,10.0,10.0,0,19,,pending,train
pop_019_1,pop,7,/Users/ashfaquesami/425_project/data/raw_gtzan/genres_original/pop/pop.00019.wav,pop.00019,/Users/ashfaquesami/425_project/data/clips_10s/pop_019_1.wav,10.0,20.0,10.0,1,19,,pending,train
pop_019_2,pop,7,/Users/ashfaquesami/425_project/data/raw_gtzan/genres_original/pop/pop.00019.wav,pop.00019,/Users/ashfaquesami/425_project/data/clips_10s/pop_019_2.wav,20.0,30.0,10.0,2,19,,pending,train
pop_020_0,pop,7,/Users/ashfaquesami/425_project/data/raw_gtzan/genres_original/pop/pop.00020.wav,pop.00020,/Users/ashfaquesami/425_project/data/clips_10s/pop_020_0.wav,0.0,10.0,10.0,0,20,,pending,val
pop_020_1,pop,7,/Users/ashfaquesami/425_project/data/raw_gtzan/genres_original/pop/pop.00020.wav,pop.00020,/Users/ashfaquesami/425_project/data/clips_10s/pop_020_1.wav,10.0,20.0,10.0,1,20,,pending,val
pop_020_2,pop,7,/Users/ashfaquesami/425_project/data/raw_gtzan/genres_original/pop/pop.00020.wav,pop.00020,/Users/ashfaquesami/425_project/data/clips_10s/pop_020_2.wav,20.0,30.0,10.0,2,20,,pending,val
pop_021_0,pop,7,/Users/ashfaquesami/425_project/data/raw_gtzan/genres_original/pop/pop.00021.wav,pop.00021,/Users/ashfaquesami/425_project/data/clips_10s/pop_021_0.wav,0.0,10.0,10.0,0,21,,pending,train
pop_021_1,pop,7,/Users/ashfaquesami/425_project/data/raw_gtzan/genres_original/pop/pop.00021.wav,pop.00021,/Users/ashfaquesami/425_project/data/clips_10s/pop_021_1.wav,10.0,20.0,10.0,1,21,,pending,train
pop_021_2,pop,7,/Users/ashfaquesami/425_project/data/raw_gtzan/genres_original/pop/pop.00021.wav,pop.00021,/Users/ashfaquesami/425_project/data/clips_10s/pop_021_2.wav,20.0,30.0,10.0,2,21,,pending,train
pop_022_0,pop,7,/Users/ashfaquesami/425_project/data/raw_gtzan/genres_original/pop/pop.00022.wav,pop.00022,/Users/ashfaquesami/425_project/data/clips_10s/pop_022_0.wav,0.0,10.0,10.0,0,22,,pending,train
pop_022_1,pop,7,/Users/ashfaquesami/425_project/data/raw_gtzan/genres_original/pop/pop.00022.wav,pop.00022,/Users/ashfaquesami/425_project/data/clips_10s/pop_022_1.wav,10.0,20.0,10.0,1,22,,pending,train
pop_022_2,pop,7,/Users/ashfaquesami/425_project/data/raw_gtzan/genres_original/pop/pop.00022.wav,pop.00022,/Users/ashfaquesami/425_project/data/clips_10s/pop_022_2.wav,20.0,30.0,10.0,2,22,,pending,train
pop_023_0,pop,7,/Users/ashfaquesami/425_project/data/raw_gtzan/genres_original/pop/pop.00023.wav,pop.00023,/Users/ashfaquesami/425_project/data/clips_10s/pop_023_0.wav,0.0,10.0,10.0,0,23,,pending,train
pop_023_1,pop,7,/Users/ashfaquesami/425_project/data/raw_gtzan/genres_original/pop/pop.00023.wav,pop.00023,/Users/ashfaquesami/425_project/data/clips_10s/pop_023_1.wav,10.0,20.0,10.0,1,23,,pending,train
pop_023_2,pop,7,/Users/ashfaquesami/425_project/data/raw_gtzan/genres_original/pop/pop.00023.wav,pop.00023,/Users/ashfaquesami/425_project/data/clips_10s/pop_023_2.wav,20.0,30.0,10.0,2,23,,pending,train
pop_024_0,pop,7,/Users/ashfaquesami/425_project/data/raw_gtzan/genres_original/pop/pop.00024.wav,pop.00024,/Users/ashfaquesami/425_project/data/clips_10s/pop_024_0.wav,0.0,10.0,10.0,0,24,,pending,train
pop_024_1,pop,7,/Users/ashfaquesami/425_project/data/raw_gtzan/genres_original/pop/pop.00024.wav,pop.00024,/Users/ashfaquesami/425_project/data/clips_10s/pop_024_1.wav,10.0,20.0,10.0,1,24,,pending,train
pop_024_2,pop,7,/Users/ashfaquesami/425_project/data/raw_gtzan/genres_original/pop/pop.00024.wav,pop.00024,/Users/ashfaquesami/425_project/data/clips_10s/pop_024_2.wav,20.0,30.0,10.0,2,24,,pending,train
pop_025_0,pop,7,/Users/ashfaquesami/425_project/data/raw_gtzan/genres_original/pop/pop.00025.wav,pop.00025,/Users/ashfaquesami/425_project/data/clips_10s/pop_025_0.wav,0.0,10.0,10.0,0,25,,pending,val
pop_025_1,pop,7,/Users/ashfaquesami/425_project/data/raw_gtzan/genres_original/pop/pop.00025.wav,pop.00025,/Users/ashfaquesami/425_project/data/clips_10s/pop_025_1.wav,10.0,20.0,10.0,1,25,,pending,val
pop_025_2,pop,7,/Users/ashfaquesami/425_project/data/raw_gtzan/genres_original/pop/pop.00025.wav,pop.00025,/Users/ashfaquesami/425_project/data/clips_10s/pop_025_2.wav,20.0,30.0,10.0,2,25,,pending,val
pop_026_0,pop,7,/Users/ashfaquesami/425_project/data/raw_gtzan/genres_original/pop/pop.00026.wav,pop.00026,/Users/ashfaquesami/425_project/data/clips_10s/pop_026_0.wav,0.0,10.0,10.0,0,26,,pending,val
pop_026_1,pop,7,/Users/ashfaquesami/425_project/data/raw_gtzan/genres_original/pop/pop.00026.wav,pop.00026,/Users/ashfaquesami/425_project/data/clips_10s/pop_026_1.wav,10.0,20.0,10.0,1,26,,pending,val
pop_026_2,pop,7,/Users/ashfaquesami/425_project/data/raw_gtzan/genres_original/pop/pop.00026.wav,pop.00026,/Users/ashfaquesami/425_project/data/clips_10s/pop_026_2.wav,20.0,30.0,10.0,2,26,,pending,val
pop_027_0,pop,7,/Users/ashfaquesami/425_project/data/raw_gtzan/genres_original/pop/pop.00027.wav,pop.00027,/Users/ashfaquesami/425_project/data/clips_10s/pop_027_0.wav,0.0,10.0,10.0,0,27,,pending,val
pop_027_1,pop,7,/Users/ashfaquesami/425_project/data/raw_gtzan/genres_original/pop/pop.00027.wav,pop.00027,/Users/ashfaquesami/425_project/data/clips_10s/pop_027_1.wav,10.0,20.0,10.0,1,27,,pending,val
pop_027_2,pop,7,/Users/ashfaquesami/425_project/data/raw_gtzan/genres_original/pop/pop.00027.wav,pop.00027,/Users/ashfaquesami/425_project/data/clips_10s/pop_027_2.wav,20.0,30.0,10.0,2,27,,pending,val
pop_028_0,pop,7,/Users/ashfaquesami/425_project/data/raw_gtzan/genres_original/pop/pop.00028.wav,pop.00028,/Users/ashfaquesami/425_project/data/clips_10s/pop_028_0.wav,0.0,10.0,10.0,0,28,,pending,val
pop_028_1,pop,7,/Users/ashfaquesami/425_project/data/raw_gtzan/genres_original/pop/pop.00028.wav,pop.00028,/Users/ashfaquesami/425_project/data/clips_10s/pop_028_1.wav,10.0,20.0,10.0,1,28,,pending,val
pop_028_2,pop,7,/Users/ashfaquesami/425_project/data/raw_gtzan/genres_original/pop/pop.00028.wav,pop.00028,/Users/ashfaquesami/425_project/data/clips_10s/pop_028_2.wav,20.0,30.0,10.0,2,28,,pending,val
pop_029_0,pop,7,/Users/ashfaquesami/425_project/data/raw_gtzan/genres_original/pop/pop.00029.wav,pop.00029,/Users/ashfaquesami/425_project/data/clips_10s/pop_029_0.wav,0.0,10.0,10.0,0,29,,pending,train
pop_029_1,pop,7,/Users/ashfaquesami/425_project/data/raw_gtzan/genres_original/pop/pop.00029.wav,pop.00029,/Users/ashfaquesami/425_project/data/clips_10s/pop_029_1.wav,10.0,20.0,10.0,1,29,,pending,train
pop_029_2,pop,7,/Users/ashfaquesami/425_project/data/raw_gtzan/genres_original/pop/pop.00029.wav,pop.00029,/Users/ashfaquesami/425_project/data/clips_10s/pop_029_2.wav,20.0,30.0,10.0,2,29,,pending,train
pop_030_0,pop,7,/Users/ashfaquesami/425_project/data/raw_gtzan/genres_original/pop/pop.00030.wav,pop.00030,/Users/ashfaquesami/425_project/data/clips_10s/pop_030_0.wav,0.0,10.0,10.0,0,30,,pending,test
pop_030_1,pop,7,/Users/ashfaquesami/425_project/data/raw_gtzan/genres_original/pop/pop.00030.wav,pop.00030,/Users/ashfaquesami/425_project/data/clips_10s/pop_030_1.wav,10.0,20.0,10.0,1,30,,pending,test
pop_030_2,pop,7,/Users/ashfaquesami/425_project/data/raw_gtzan/genres_original/pop/pop.00030.wav,pop.00030,/Users/ashfaquesami/425_project/data/clips_10s/pop_030_2.wav,20.0,30.0,10.0,2,30,,pending,test
pop_031_0,pop,7,/Users/ashfaquesami/425_project/data/raw_gtzan/genres_original/pop/pop.00031.wav,pop.00031,/Users/ashfaquesami/425_project/data/clips_10s/pop_031_0.wav,0.0,10.0,10.0,0,31,,pending,train
pop_031_1,pop,7,/Users/ashfaquesami/425_project/data/raw_gtzan/genres_original/pop/pop.00031.wav,pop.00031,/Users/ashfaquesami/425_project/data/clips_10s/pop_031_1.wav,10.0,20.0,10.0,1,31,,pending,train
pop_031_2,pop,7,/Users/ashfaquesami/425_project/data/raw_gtzan/genres_original/pop/pop.00031.wav,pop.00031,/Users/ashfaquesami/425_project/data/clips_10s/pop_031_2.wav,20.0,30.0,10.0,2,31,,pending,train
pop_032_0,pop,7,/Users/ashfaquesami/425_project/data/raw_gtzan/genres_original/pop/pop.00032.wav,pop.00032,/Users/ashfaquesami/425_project/data/clips_10s/pop_032_0.wav,0.0,10.0,10.0,0,32,,pending,train
pop_032_1,pop,7,/Users/ashfaquesami/425_project/data/raw_gtzan/genres_original/pop/pop.00032.wav,pop.00032,/Users/ashfaquesami/425_project/data/clips_10s/pop_032_1.wav,10.0,20.0,10.0,1,32,,pending,train
pop_032_2,pop,7,/Users/ashfaquesami/425_project/data/raw_gtzan/genres_original/pop/pop.00032.wav,pop.00032,/Users/ashfaquesami/425_project/data/clips_10s/pop_032_2.wav,20.0,30.0,10.0,2,32,,pending,train
pop_033_0,pop,7,/Users/ashfaquesami/425_project/data/raw_gtzan/genres_original/pop/pop.00033.wav,pop.00033,/Users/ashfaquesami/425_project/data/clips_10s/pop_033_0.wav,0.0,10.0,10.0,0,33,,pending,train
pop_033_1,pop,7,/Users/ashfaquesami/425_project/data/raw_gtzan/genres_original/pop/pop.00033.wav,pop.00033,/Users/ashfaquesami/425_project/data/clips_10s/pop_033_1.wav,10.0,20.0,10.0,1,33,,pending,train
pop_033_2,pop,7,/Users/ashfaquesami/425_project/data/raw_gtzan/genres_original/pop/pop.00033.wav,pop.00033,/Users/ashfaquesami/425_project/data/clips_10s/pop_033_2.wav,20.0,30.0,10.0,2,33,,pending,train
pop_034_0,pop,7,/Users/ashfaquesami/425_project/data/raw_gtzan/genres_original/pop/pop.00034.wav,pop.00034,/Users/ashfaquesami/425_project/data/clips_10s/pop_034_0.wav,0.0,10.0,10.0,0,34,,pending,val
pop_034_1,pop,7,/Users/ashfaquesami/425_project/data/raw_gtzan/genres_original/pop/pop.00034.wav,pop.00034,/Users/ashfaquesami/425_project/data/clips_10s/pop_034_1.wav,10.0,20.0,10.0,1,34,,pending,val
pop_034_2,pop,7,/Users/ashfaquesami/425_project/data/raw_gtzan/genres_original/pop/pop.00034.wav,pop.00034,/Users/ashfaquesami/425_project/data/clips_10s/pop_034_2.wav,20.0,30.0,10.0,2,34,,pending,val
pop_035_0,pop,7,/Users/ashfaquesami/425_project/data/raw_gtzan/genres_original/pop/pop.00035.wav,pop.00035,/Users/ashfaquesami/425_project/data/clips_10s/pop_035_0.wav,0.0,10.0,10.0,0,35,,pending,train
pop_035_1,pop,7,/Users/ashfaquesami/425_project/data/raw_gtzan/genres_original/pop/pop.00035.wav,pop.00035,/Users/ashfaquesami/425_project/data/clips_10s/pop_035_1.wav,10.0,20.0,10.0,1,35,,pending,train
pop_035_2,pop,7,/Users/ashfaquesami/425_project/data/raw_gtzan/genres_original/pop/pop.00035.wav,pop.00035,/Users/ashfaquesami/425_project/data/clips_10s/pop_035_2.wav,20.0,30.0,10.0,2,35,,pending,train
pop_036_0,pop,7,/Users/ashfaquesami/425_project/data/raw_gtzan/genres_original/pop/pop.00036.wav,pop.00036,/Users/ashfaquesami/425_project/data/clips_10s/pop_036_0.wav,0.0,10.0,10.0,0,36,,pending,train
pop_036_1,pop,7,/Users/ashfaquesami/425_project/data/raw_gtzan/genres_original/pop/pop.00036.wav,pop.00036,/Users/ashfaquesami/425_project/data/clips_10s/pop_036_1.wav,10.0,20.0,10.0,1,36,,pending,train
pop_036_2,pop,7,/Users/ashfaquesami/425_project/data/raw_gtzan/genres_original/pop/pop.00036.wav,pop.00036,/Users/ashfaquesami/425_project/data/clips_10s/pop_036_2.wav,20.0,30.0,10.0,2,36,,pending,train
pop_037_0,pop,7,/Users/ashfaquesami/425_project/data/raw_gtzan/genres_original/pop/pop.00037.wav,pop.00037,/Users/ashfaquesami/425_project/data/clips_10s/pop_037_0.wav,0.0,10.0,10.0,0,37,,pending,train
pop_037_1,pop,7,/Users/ashfaquesami/425_project/data/raw_gtzan/genres_original/pop/pop.00037.wav,pop.00037,/Users/ashfaquesami/425_project/data/clips_10s/pop_037_1.wav,10.0,20.0,10.0,1,37,,pending,train
pop_037_2,pop,7,/Users/ashfaquesami/425_project/data/raw_gtzan/genres_original/pop/pop.00037.wav,pop.00037,/Users/ashfaquesami/425_project/data/clips_10s/pop_037_2.wav,20.0,30.0,10.0,2,37,,pending,train
pop_038_0,pop,7,/Users/ashfaquesami/425_project/data/raw_gtzan/genres_original/pop/pop.00038.wav,pop.00038,/Users/ashfaquesami/425_project/data/clips_10s/pop_038_0.wav,0.0,10.0,10.0,0,38,,pending,train
pop_038_1,pop,7,/Users/ashfaquesami/425_project/data/raw_gtzan/genres_original/pop/pop.00038.wav,pop.00038,/Users/ashfaquesami/425_project/data/clips_10s/pop_038_1.wav,10.0,20.0,10.0,1,38,,pending,train
pop_038_2,pop,7,/Users/ashfaquesami/425_project/data/raw_gtzan/genres_original/pop/pop.00038.wav,pop.00038,/Users/ashfaquesami/425_project/data/clips_10s/pop_038_2.wav,20.0,30.0,10.0,2,38,,pending,train
pop_039_0,pop,7,/Users/ashfaquesami/425_project/data/raw_gtzan/genres_original/pop/pop.00039.wav,pop.00039,/Users/ashfaquesami/425_project/data/clips_10s/pop_039_0.wav,0.0,10.0,10.0,0,39,,pending,val
pop_039_1,pop,7,/Users/ashfaquesami/425_project/data/raw_gtzan/genres_original/pop/pop.00039.wav,pop.00039,/Users/ashfaquesami/425_project/data/clips_10s/pop_039_1.wav,10.0,20.0,10.0,1,39,,pending,val
pop_039_2,pop,7,/Users/ashfaquesami/425_project/data/raw_gtzan/genres_original/pop/pop.00039.wav,pop.00039,/Users/ashfaquesami/425_project/data/clips_10s/pop_039_2.wav,20.0,30.0,10.0,2,39,,pending,val
pop_040_0,pop,7,/Users/ashfaquesami/425_project/data/raw_gtzan/genres_original/pop/pop.00040.wav,pop.00040,/Users/ashfaquesami/425_project/data/clips_10s/pop_040_0.wav,0.0,10.0,10.0,0,40,,pending,train
pop_040_1,pop,7,/Users/ashfaquesami/425_project/data/raw_gtzan/genres_original/pop/pop.00040.wav,pop.00040,/Users/ashfaquesami/425_project/data/clips_10s/pop_040_1.wav,10.0,20.0,10.0,1,40,,pending,train
pop_040_2,pop,7,/Users/ashfaquesami/425_project/data/raw_gtzan/genres_original/pop/pop.00040.wav,pop.00040,/Users/ashfaquesami/425_project/data/clips_10s/pop_040_2.wav,20.0,30.0,10.0,2,40,,pending,train
pop_041_0,pop,7,/Users/ashfaquesami/425_project/data/raw_gtzan/genres_original/pop/pop.00041.wav,pop.00041,/Users/ashfaquesami/425_project/data/clips_10s/pop_041_0.wav,0.0,10.0,10.0,0,41,,pending,train
pop_041_1,pop,7,/Users/ashfaquesami/425_project/data/raw_gtzan/genres_original/pop/pop.00041.wav,pop.00041,/Users/ashfaquesami/425_project/data/clips_10s/pop_041_1.wav,10.0,20.0,10.0,1,41,,pending,train
pop_041_2,pop,7,/Users/ashfaquesami/425_project/data/raw_gtzan/genres_original/pop/pop.00041.wav,pop.00041,/Users/ashfaquesami/425_project/data/clips_10s/pop_041_2.wav,20.0,30.0,10.0,2,41,,pending,train
pop_042_0,pop,7,/Users/ashfaquesami/425_project/data/raw_gtzan/genres_original/pop/pop.00042.wav,pop.00042,/Users/ashfaquesami/425_project/data/clips_10s/pop_042_0.wav,0.0,10.0,10.0,0,42,,pending,train
pop_042_1,pop,7,/Users/ashfaquesami/425_project/data/raw_gtzan/genres_original/pop/pop.00042.wav,pop.00042,/Users/ashfaquesami/425_project/data/clips_10s/pop_042_1.wav,10.0,20.0,10.0,1,42,,pending,train
pop_042_2,pop,7,/Users/ashfaquesami/425_project/data/raw_gtzan/genres_original/pop/pop.00042.wav,pop.00042,/Users/ashfaquesami/425_project/data/clips_10s/pop_042_2.wav,20.0,30.0,10.0,2,42,,pending,train
pop_043_0,pop,7,/Users/ashfaquesami/425_project/data/raw_gtzan/genres_original/pop/pop.00043.wav,pop.00043,/Users/ashfaquesami/425_project/data/clips_10s/pop_043_0.wav,0.0,10.0,10.0,0,43,,pending,val
pop_043_1,pop,7,/Users/ashfaquesami/425_project/data/raw_gtzan/genres_original/pop/pop.00043.wav,pop.00043,/Users/ashfaquesami/425_project/data/clips_10s/pop_043_1.wav,10.0,20.0,10.0,1,43,,pending,val
pop_043_2,pop,7,/Users/ashfaquesami/425_project/data/raw_gtzan/genres_original/pop/pop.00043.wav,pop.00043,/Users/ashfaquesami/425_project/data/clips_10s/pop_043_2.wav,20.0,30.0,10.0,2,43,,pending,val
pop_044_0,pop,7,/Users/ashfaquesami/425_project/data/raw_gtzan/genres_original/pop/pop.00044.wav,pop.00044,/Users/ashfaquesami/425_project/data/clips_10s/pop_044_0.wav,0.0,10.0,10.0,0,44,,pending,train
pop_044_1,pop,7,/Users/ashfaquesami/425_project/data/raw_gtzan/genres_original/pop/pop.00044.wav,pop.00044,/Users/ashfaquesami/425_project/data/clips_10s/pop_044_1.wav,10.0,20.0,10.0,1,44,,pending,train
pop_044_2,pop,7,/Users/ashfaquesami/425_project/data/raw_gtzan/genres_original/pop/pop.00044.wav,pop.00044,/Users/ashfaquesami/425_project/data/clips_10s/pop_044_2.wav,20.0,30.0,10.0,2,44,,pending,train
pop_045_0,pop,7,/Users/ashfaquesami/425_project/data/raw_gtzan/genres_original/pop/pop.00045.wav,pop.00045,/Users/ashfaquesami/425_project/data/clips_10s/pop_045_0.wav,0.0,10.0,10.0,0,45,,pending,train
pop_045_1,pop,7,/Users/ashfaquesami/425_project/data/raw_gtzan/genres_original/pop/pop.00045.wav,pop.00045,/Users/ashfaquesami/425_project/data/clips_10s/pop_045_1.wav,10.0,20.0,10.0,1,45,,pending,train
pop_045_2,pop,7,/Users/ashfaquesami/425_project/data/raw_gtzan/genres_original/pop/pop.00045.wav,pop.00045,/Users/ashfaquesami/425_project/data/clips_10s/pop_045_2.wav,20.0,30.0,10.0,2,45,,pending,train
pop_046_0,pop,7,/Users/ashfaquesami/425_project/data/raw_gtzan/genres_original/pop/pop.00046.wav,pop.00046,/Users/ashfaquesami/425_project/data/clips_10s/pop_046_0.wav,0.0,10.0,10.0,0,46,,pending,train
pop_046_1,pop,7,/Users/ashfaquesami/425_project/data/raw_gtzan/genres_original/pop/pop.00046.wav,pop.00046,/Users/ashfaquesami/425_project/data/clips_10s/pop_046_1.wav,10.0,20.0,10.0,1,46,,pending,train
pop_046_2,pop,7,/Users/ashfaquesami/425_project/data/raw_gtzan/genres_original/pop/pop.00046.wav,pop.00046,/Users/ashfaquesami/425_project/data/clips_10s/pop_046_2.wav,20.0,30.0,10.0,2,46,,pending,train
pop_047_0,pop,7,/Users/ashfaquesami/425_project/data/raw_gtzan/genres_original/pop/pop.00047.wav,pop.00047,/Users/ashfaquesami/425_project/data/clips_10s/pop_047_0.wav,0.0,10.0,10.0,0,47,,pending,train
pop_047_1,pop,7,/Users/ashfaquesami/425_project/data/raw_gtzan/genres_original/pop/pop.00047.wav,pop.00047,/Users/ashfaquesami/425_project/data/clips_10s/pop_047_1.wav,10.0,20.0,10.0,1,47,,pending,train
pop_047_2,pop,7,/Users/ashfaquesami/425_project/data/raw_gtzan/genres_original/pop/pop.00047.wav,pop.00047,/Users/ashfaquesami/425_project/data/clips_10s/pop_047_2.wav,20.0,30.0,10.0,2,47,,pending,train
pop_048_0,pop,7,/Users/ashfaquesami/425_project/data/raw_gtzan/genres_original/pop/pop.00048.wav,pop.00048,/Users/ashfaquesami/425_project/data/clips_10s/pop_048_0.wav,0.0,10.0,10.0,0,48,,pending,test
pop_048_1,pop,7,/Users/ashfaquesami/425_project/data/raw_gtzan/genres_original/pop/pop.00048.wav,pop.00048,/Users/ashfaquesami/425_project/data/clips_10s/pop_048_1.wav,10.0,20.0,10.0,1,48,,pending,test
pop_048_2,pop,7,/Users/ashfaquesami/425_project/data/raw_gtzan/genres_original/pop/pop.00048.wav,pop.00048,/Users/ashfaquesami/425_project/data/clips_10s/pop_048_2.wav,20.0,30.0,10.0,2,48,,pending,test
pop_049_0,pop,7,/Users/ashfaquesami/425_project/data/raw_gtzan/genres_original/pop/pop.00049.wav,pop.00049,/Users/ashfaquesami/425_project/data/clips_10s/pop_049_0.wav,0.0,10.0,10.0,0,49,,pending,val
pop_049_1,pop,7,/Users/ashfaquesami/425_project/data/raw_gtzan/genres_original/pop/pop.00049.wav,pop.00049,/Users/ashfaquesami/425_project/data/clips_10s/pop_049_1.wav,10.0,20.0,10.0,1,49,,pending,val
pop_049_2,pop,7,/Users/ashfaquesami/425_project/data/raw_gtzan/genres_original/pop/pop.00049.wav,pop.00049,/Users/ashfaquesami/425_project/data/clips_10s/pop_049_2.wav,20.0,30.0,10.0,2,49,,pending,val
pop_050_0,pop,7,/Users/ashfaquesami/425_project/data/raw_gtzan/genres_original/pop/pop.00050.wav,pop.00050,/Users/ashfaquesami/425_project/data/clips_10s/pop_050_0.wav,0.0,10.0,10.0,0,50,,pending,train
pop_050_1,pop,7,/Users/ashfaquesami/425_project/data/raw_gtzan/genres_original/pop/pop.00050.wav,pop.00050,/Users/ashfaquesami/425_project/data/clips_10s/pop_050_1.wav,10.0,20.0,10.0,1,50,,pending,train
pop_050_2,pop,7,/Users/ashfaquesami/425_project/data/raw_gtzan/genres_original/pop/pop.00050.wav,pop.00050,/Users/ashfaquesami/425_project/data/clips_10s/pop_050_2.wav,20.0,30.0,10.0,2,50,,pending,train
pop_051_0,pop,7,/Users/ashfaquesami/425_project/data/raw_gtzan/genres_original/pop/pop.00051.wav,pop.00051,/Users/ashfaquesami/425_project/data/clips_10s/pop_051_0.wav,0.0,10.0,10.0,0,51,,pending,train
pop_051_1,pop,7,/Users/ashfaquesami/425_project/data/raw_gtzan/genres_original/pop/pop.00051.wav,pop.00051,/Users/ashfaquesami/425_project/data/clips_10s/pop_051_1.wav,10.0,20.0,10.0,1,51,,pending,train
pop_051_2,pop,7,/Users/ashfaquesami/425_project/data/raw_gtzan/genres_original/pop/pop.00051.wav,pop.00051,/Users/ashfaquesami/425_project/data/clips_10s/pop_051_2.wav,20.0,30.0,10.0,2,51,,pending,train
pop_052_0,pop,7,/Users/ashfaquesami/425_project/data/raw_gtzan/genres_original/pop/pop.00052.wav,pop.00052,/Users/ashfaquesami/425_project/data/clips_10s/pop_052_0.wav,0.0,10.0,10.0,0,52,,pending,train
pop_052_1,pop,7,/Users/ashfaquesami/425_project/data/raw_gtzan/genres_original/pop/pop.00052.wav,pop.00052,/Users/ashfaquesami/425_project/data/clips_10s/pop_052_1.wav,10.0,20.0,10.0,1,52,,pending,train
pop_052_2,pop,7,/Users/ashfaquesami/425_project/data/raw_gtzan/genres_original/pop/pop.00052.wav,pop.00052,/Users/ashfaquesami/425_project/data/clips_10s/pop_052_2.wav,20.0,30.0,10.0,2,52,,pending,train
pop_053_0,pop,7,/Users/ashfaquesami/425_project/data/raw_gtzan/genres_original/pop/pop.00053.wav,pop.00053,/Users/ashfaquesami/425_project/data/clips_10s/pop_053_0.wav,0.0,10.0,10.0,0,53,,pending,train
pop_053_1,pop,7,/Users/ashfaquesami/425_project/data/raw_gtzan/genres_original/pop/pop.00053.wav,pop.00053,/Users/ashfaquesami/425_project/data/clips_10s/pop_053_1.wav,10.0,20.0,10.0,1,53,,pending,train
pop_053_2,pop,7,/Users/ashfaquesami/425_project/data/raw_gtzan/genres_original/pop/pop.00053.wav,pop.00053,/Users/ashfaquesami/425_project/data/clips_10s/pop_053_2.wav,20.0,30.0,10.0,2,53,,pending,train
pop_054_0,pop,7,/Users/ashfaquesami/425_project/data/raw_gtzan/genres_original/pop/pop.00054.wav,pop.00054,/Users/ashfaquesami/425_project/data/clips_10s/pop_054_0.wav,0.0,10.0,10.0,0,54,,pending,train
pop_054_1,pop,7,/Users/ashfaquesami/425_project/data/raw_gtzan/genres_original/pop/pop.00054.wav,pop.00054,/Users/ashfaquesami/425_project/data/clips_10s/pop_054_1.wav,10.0,20.0,10.0,1,54,,pending,train
pop_054_2,pop,7,/Users/ashfaquesami/425_project/data/raw_gtzan/genres_original/pop/pop.00054.wav,pop.00054,/Users/ashfaquesami/425_project/data/clips_10s/pop_054_2.wav,20.0,30.0,10.0,2,54,,pending,train
pop_055_0,pop,7,/Users/ashfaquesami/425_project/data/raw_gtzan/genres_original/pop/pop.00055.wav,pop.00055,/Users/ashfaquesami/425_project/data/clips_10s/pop_055_0.wav,0.0,10.0,10.0,0,55,,pending,train
pop_055_1,pop,7,/Users/ashfaquesami/425_project/data/raw_gtzan/genres_original/pop/pop.00055.wav,pop.00055,/Users/ashfaquesami/425_project/data/clips_10s/pop_055_1.wav,10.0,20.0,10.0,1,55,,pending,train
pop_055_2,pop,7,/Users/ashfaquesami/425_project/data/raw_gtzan/genres_original/pop/pop.00055.wav,pop.00055,/Users/ashfaquesami/425_project/data/clips_10s/pop_055_2.wav,20.0,30.0,10.0,2,55,,pending,train
pop_056_0,pop,7,/Users/ashfaquesami/425_project/data/raw_gtzan/genres_original/pop/pop.00056.wav,pop.00056,/Users/ashfaquesami/425_project/data/clips_10s/pop_056_0.wav,0.0,10.0,10.0,0,56,,pending,train
pop_056_1,pop,7,/Users/ashfaquesami/425_project/data/raw_gtzan/genres_original/pop/pop.00056.wav,pop.00056,/Users/ashfaquesami/425_project/data/clips_10s/pop_056_1.wav,10.0,20.0,10.0,1,56,,pending,train
pop_056_2,pop,7,/Users/ashfaquesami/425_project/data/raw_gtzan/genres_original/pop/pop.00056.wav,pop.00056,/Users/ashfaquesami/425_project/data/clips_10s/pop_056_2.wav,20.0,30.0,10.0,2,56,,pending,train
pop_057_0,pop,7,/Users/ashfaquesami/425_project/data/raw_gtzan/genres_original/pop/pop.00057.wav,pop.00057,/Users/ashfaquesami/425_project/data/clips_10s/pop_057_0.wav,0.0,10.0,10.0,0,57,,pending,train
pop_057_1,pop,7,/Users/ashfaquesami/425_project/data/raw_gtzan/genres_original/pop/pop.00057.wav,pop.00057,/Users/ashfaquesami/425_project/data/clips_10s/pop_057_1.wav,10.0,20.0,10.0,1,57,,pending,train
pop_057_2,pop,7,/Users/ashfaquesami/425_project/data/raw_gtzan/genres_original/pop/pop.00057.wav,pop.00057,/Users/ashfaquesami/425_project/data/clips_10s/pop_057_2.wav,20.0,30.0,10.0,2,57,,pending,train
pop_058_0,pop,7,/Users/ashfaquesami/425_project/data/raw_gtzan/genres_original/pop/pop.00058.wav,pop.00058,/Users/ashfaquesami/425_project/data/clips_10s/pop_058_0.wav,0.0,10.0,10.0,0,58,,pending,train
pop_058_1,pop,7,/Users/ashfaquesami/425_project/data/raw_gtzan/genres_original/pop/pop.00058.wav,pop.00058,/Users/ashfaquesami/425_project/data/clips_10s/pop_058_1.wav,10.0,20.0,10.0,1,58,,pending,train
pop_058_2,pop,7,/Users/ashfaquesami/425_project/data/raw_gtzan/genres_original/pop/pop.00058.wav,pop.00058,/Users/ashfaquesami/425_project/data/clips_10s/pop_058_2.wav,20.0,30.0,10.0,2,58,,pending,train
pop_059_0,pop,7,/Users/ashfaquesami/425_project/data/raw_gtzan/genres_original/pop/pop.00059.wav,pop.00059,/Users/ashfaquesami/425_project/data/clips_10s/pop_059_0.wav,0.0,10.0,10.0,0,59,,pending,train
pop_059_1,pop,7,/Users/ashfaquesami/425_project/data/raw_gtzan/genres_original/pop/pop.00059.wav,pop.00059,/Users/ashfaquesami/425_project/data/clips_10s/pop_059_1.wav,10.0,20.0,10.0,1,59,,pending,train
pop_059_2,pop,7,/Users/ashfaquesami/425_project/data/raw_gtzan/genres_original/pop/pop.00059.wav,pop.00059,/Users/ashfaquesami/425_project/data/clips_10s/pop_059_2.wav,20.0,30.0,10.0,2,59,,pending,train
pop_060_0,pop,7,/Users/ashfaquesami/425_project/data/raw_gtzan/genres_original/pop/pop.00060.wav,pop.00060,/Users/ashfaquesami/425_project/data/clips_10s/pop_060_0.wav,0.0,10.0,10.0,0,60,,pending,train
pop_060_1,pop,7,/Users/ashfaquesami/425_project/data/raw_gtzan/genres_original/pop/pop.00060.wav,pop.00060,/Users/ashfaquesami/425_project/data/clips_10s/pop_060_1.wav,10.0,20.0,10.0,1,60,,pending,train
pop_060_2,pop,7,/Users/ashfaquesami/425_project/data/raw_gtzan/genres_original/pop/pop.00060.wav,pop.00060,/Users/ashfaquesami/425_project/data/clips_10s/pop_060_2.wav,20.0,30.0,10.0,2,60,,pending,train
pop_061_0,pop,7,/Users/ashfaquesami/425_project/data/raw_gtzan/genres_original/pop/pop.00061.wav,pop.00061,/Users/ashfaquesami/425_project/data/clips_10s/pop_061_0.wav,0.0,10.0,10.0,0,61,,pending,train
pop_061_1,pop,7,/Users/ashfaquesami/425_project/data/raw_gtzan/genres_original/pop/pop.00061.wav,pop.00061,/Users/ashfaquesami/425_project/data/clips_10s/pop_061_1.wav,10.0,20.0,10.0,1,61,,pending,train
pop_061_2,pop,7,/Users/ashfaquesami/425_project/data/raw_gtzan/genres_original/pop/pop.00061.wav,pop.00061,/Users/ashfaquesami/425_project/data/clips_10s/pop_061_2.wav,20.0,30.0,10.0,2,61,,pending,train
pop_062_0,pop,7,/Users/ashfaquesami/425_project/data/raw_gtzan/genres_original/pop/pop.00062.wav,pop.00062,/Users/ashfaquesami/425_project/data/clips_10s/pop_062_0.wav,0.0,10.0,10.0,0,62,,pending,train
pop_062_1,pop,7,/Users/ashfaquesami/425_project/data/raw_gtzan/genres_original/pop/pop.00062.wav,pop.00062,/Users/ashfaquesami/425_project/data/clips_10s/pop_062_1.wav,10.0,20.0,10.0,1,62,,pending,train
pop_062_2,pop,7,/Users/ashfaquesami/425_project/data/raw_gtzan/genres_original/pop/pop.00062.wav,pop.00062,/Users/ashfaquesami/425_project/data/clips_10s/pop_062_2.wav,20.0,30.0,10.0,2,62,,pending,train
pop_063_0,pop,7,/Users/ashfaquesami/425_project/data/raw_gtzan/genres_original/pop/pop.00063.wav,pop.00063,/Users/ashfaquesami/425_project/data/clips_10s/pop_063_0.wav,0.0,10.0,10.0,0,63,,pending,train
pop_063_1,pop,7,/Users/ashfaquesami/425_project/data/raw_gtzan/genres_original/pop/pop.00063.wav,pop.00063,/Users/ashfaquesami/425_project/data/clips_10s/pop_063_1.wav,10.0,20.0,10.0,1,63,,pending,train
pop_063_2,pop,7,/Users/ashfaquesami/425_project/data/raw_gtzan/genres_original/pop/pop.00063.wav,pop.00063,/Users/ashfaquesami/425_project/data/clips_10s/pop_063_2.wav,20.0,30.0,10.0,2,63,,pending,train
pop_064_0,pop,7,/Users/ashfaquesami/425_project/data/raw_gtzan/genres_original/pop/pop.00064.wav,pop.00064,/Users/ashfaquesami/425_project/data/clips_10s/pop_064_0.wav,0.0,10.0,10.0,0,64,,pending,val
pop_064_1,pop,7,/Users/ashfaquesami/425_project/data/raw_gtzan/genres_original/pop/pop.00064.wav,pop.00064,/Users/ashfaquesami/425_project/data/clips_10s/pop_064_1.wav,10.0,20.0,10.0,1,64,,pending,val
pop_064_2,pop,7,/Users/ashfaquesami/425_project/data/raw_gtzan/genres_original/pop/pop.00064.wav,pop.00064,/Users/ashfaquesami/425_project/data/clips_10s/pop_064_2.wav,20.0,30.0,10.0,2,64,,pending,val
pop_065_0,pop,7,/Users/ashfaquesami/425_project/data/raw_gtzan/genres_original/pop/pop.00065.wav,pop.00065,/Users/ashfaquesami/425_project/data/clips_10s/pop_065_0.wav,0.0,10.0,10.0,0,65,,pending,train
pop_065_1,pop,7,/Users/ashfaquesami/425_project/data/raw_gtzan/genres_original/pop/pop.00065.wav,pop.00065,/Users/ashfaquesami/425_project/data/clips_10s/pop_065_1.wav,10.0,20.0,10.0,1,65,,pending,train
pop_065_2,pop,7,/Users/ashfaquesami/425_project/data/raw_gtzan/genres_original/pop/pop.00065.wav,pop.00065,/Users/ashfaquesami/425_project/data/clips_10s/pop_065_2.wav,20.0,30.0,10.0,2,65,,pending,train
pop_066_0,pop,7,/Users/ashfaquesami/425_project/data/raw_gtzan/genres_original/pop/pop.00066.wav,pop.00066,/Users/ashfaquesami/425_project/data/clips_10s/pop_066_0.wav,0.0,10.0,10.0,0,66,,pending,train
pop_066_1,pop,7,/Users/ashfaquesami/425_project/data/raw_gtzan/genres_original/pop/pop.00066.wav,pop.00066,/Users/ashfaquesami/425_project/data/clips_10s/pop_066_1.wav,10.0,20.0,10.0,1,66,,pending,train
pop_066_2,pop,7,/Users/ashfaquesami/425_project/data/raw_gtzan/genres_original/pop/pop.00066.wav,pop.00066,/Users/ashfaquesami/425_project/data/clips_10s/pop_066_2.wav,20.0,30.0,10.0,2,66,,pending,train
pop_067_0,pop,7,/Users/ashfaquesami/425_project/data/raw_gtzan/genres_original/pop/pop.00067.wav,pop.00067,/Users/ashfaquesami/425_project/data/clips_10s/pop_067_0.wav,0.0,10.0,10.0,0,67,,pending,val
pop_067_1,pop,7,/Users/ashfaquesami/425_project/data/raw_gtzan/genres_original/pop/pop.00067.wav,pop.00067,/Users/ashfaquesami/425_project/data/clips_10s/pop_067_1.wav,10.0,20.0,10.0,1,67,,pending,val
pop_067_2,pop,7,/Users/ashfaquesami/425_project/data/raw_gtzan/genres_original/pop/pop.00067.wav,pop.00067,/Users/ashfaquesami/425_project/data/clips_10s/pop_067_2.wav,20.0,30.0,10.0,2,67,,pending,val
pop_068_0,pop,7,/Users/ashfaquesami/425_project/data/raw_gtzan/genres_original/pop/pop.00068.wav,pop.00068,/Users/ashfaquesami/425_project/data/clips_10s/pop_068_0.wav,0.0,10.0,10.0,0,68,,pending,train
pop_068_1,pop,7,/Users/ashfaquesami/425_project/data/raw_gtzan/genres_original/pop/pop.00068.wav,pop.00068,/Users/ashfaquesami/425_project/data/clips_10s/pop_068_1.wav,10.0,20.0,10.0,1,68,,pending,train
pop_068_2,pop,7,/Users/ashfaquesami/425_project/data/raw_gtzan/genres_original/pop/pop.00068.wav,pop.00068,/Users/ashfaquesami/425_project/data/clips_10s/pop_068_2.wav,20.0,30.0,10.0,2,68,,pending,train
pop_069_0,pop,7,/Users/ashfaquesami/425_project/data/raw_gtzan/genres_original/pop/pop.00069.wav,pop.00069,/Users/ashfaquesami/425_project/data/clips_10s/pop_069_0.wav,0.0,10.0,10.0,0,69,,pending,val
pop_069_1,pop,7,/Users/ashfaquesami/425_project/data/raw_gtzan/genres_original/pop/pop.00069.wav,pop.00069,/Users/ashfaquesami/425_project/data/clips_10s/pop_069_1.wav,10.0,20.0,10.0,1,69,,pending,val
pop_069_2,pop,7,/Users/ashfaquesami/425_project/data/raw_gtzan/genres_original/pop/pop.00069.wav,pop.00069,/Users/ashfaquesami/425_project/data/clips_10s/pop_069_2.wav,20.0,30.0,10.0,2,69,,pending,val
pop_070_0,pop,7,/Users/ashfaquesami/425_project/data/raw_gtzan/genres_original/pop/pop.00070.wav,pop.00070,/Users/ashfaquesami/425_project/data/clips_10s/pop_070_0.wav,0.0,10.0,10.0,0,70,,pending,test
pop_070_1,pop,7,/Users/ashfaquesami/425_project/data/raw_gtzan/genres_original/pop/pop.00070.wav,pop.00070,/Users/ashfaquesami/425_project/data/clips_10s/pop_070_1.wav,10.0,20.0,10.0,1,70,,pending,test
pop_070_2,pop,7,/Users/ashfaquesami/425_project/data/raw_gtzan/genres_original/pop/pop.00070.wav,pop.00070,/Users/ashfaquesami/425_project/data/clips_10s/pop_070_2.wav,20.0,30.0,10.0,2,70,,pending,test
pop_071_0,pop,7,/Users/ashfaquesami/425_project/data/raw_gtzan/genres_original/pop/pop.00071.wav,pop.00071,/Users/ashfaquesami/425_project/data/clips_10s/pop_071_0.wav,0.0,10.0,10.0,0,71,,pending,train
pop_071_1,pop,7,/Users/ashfaquesami/425_project/data/raw_gtzan/genres_original/pop/pop.00071.wav,pop.00071,/Users/ashfaquesami/425_project/data/clips_10s/pop_071_1.wav,10.0,20.0,10.0,1,71,,pending,train
pop_071_2,pop,7,/Users/ashfaquesami/425_project/data/raw_gtzan/genres_original/pop/pop.00071.wav,pop.00071,/Users/ashfaquesami/425_project/data/clips_10s/pop_071_2.wav,20.0,30.0,10.0,2,71,,pending,train
pop_072_0,pop,7,/Users/ashfaquesami/425_project/data/raw_gtzan/genres_original/pop/pop.00072.wav,pop.00072,/Users/ashfaquesami/425_project/data/clips_10s/pop_072_0.wav,0.0,10.0,10.0,0,72,,pending,test
pop_072_1,pop,7,/Users/ashfaquesami/425_project/data/raw_gtzan/genres_original/pop/pop.00072.wav,pop.00072,/Users/ashfaquesami/425_project/data/clips_10s/pop_072_1.wav,10.0,20.0,10.0,1,72,,pending,test
pop_072_2,pop,7,/Users/ashfaquesami/425_project/data/raw_gtzan/genres_original/pop/pop.00072.wav,pop.00072,/Users/ashfaquesami/425_project/data/clips_10s/pop_072_2.wav,20.0,30.0,10.0,2,72,,pending,test
pop_073_0,pop,7,/Users/ashfaquesami/425_project/data/raw_gtzan/genres_original/pop/pop.00073.wav,pop.00073,/Users/ashfaquesami/425_project/data/clips_10s/pop_073_0.wav,0.0,10.0,10.0,0,73,,pending,val
pop_073_1,pop,7,/Users/ashfaquesami/425_project/data/raw_gtzan/genres_original/pop/pop.00073.wav,pop.00073,/Users/ashfaquesami/425_project/data/clips_10s/pop_073_1.wav,10.0,20.0,10.0,1,73,,pending,val
pop_073_2,pop,7,/Users/ashfaquesami/425_project/data/raw_gtzan/genres_original/pop/pop.00073.wav,pop.00073,/Users/ashfaquesami/425_project/data/clips_10s/pop_073_2.wav,20.0,30.0,10.0,2,73,,pending,val
pop_074_0,pop,7,/Users/ashfaquesami/425_project/data/raw_gtzan/genres_original/pop/pop.00074.wav,pop.00074,/Users/ashfaquesami/425_project/data/clips_10s/pop_074_0.wav,0.0,10.0,10.0,0,74,,pending,train
pop_074_1,pop,7,/Users/ashfaquesami/425_project/data/raw_gtzan/genres_original/pop/pop.00074.wav,pop.00074,/Users/ashfaquesami/425_project/data/clips_10s/pop_074_1.wav,10.0,20.0,10.0,1,74,,pending,train
pop_074_2,pop,7,/Users/ashfaquesami/425_project/data/raw_gtzan/genres_original/pop/pop.00074.wav,pop.00074,/Users/ashfaquesami/425_project/data/clips_10s/pop_074_2.wav,20.0,30.0,10.0,2,74,,pending,train
pop_075_0,pop,7,/Users/ashfaquesami/425_project/data/raw_gtzan/genres_original/pop/pop.00075.wav,pop.00075,/Users/ashfaquesami/425_project/data/clips_10s/pop_075_0.wav,0.0,10.0,10.0,0,75,,pending,train
pop_075_1,pop,7,/Users/ashfaquesami/425_project/data/raw_gtzan/genres_original/pop/pop.00075.wav,pop.00075,/Users/ashfaquesami/425_project/data/clips_10s/pop_075_1.wav,10.0,20.0,10.0,1,75,,pending,train
pop_075_2,pop,7,/Users/ashfaquesami/425_project/data/raw_gtzan/genres_original/pop/pop.00075.wav,pop.00075,/Users/ashfaquesami/425_project/data/clips_10s/pop_075_2.wav,20.0,30.0,10.0,2,75,,pending,train
pop_076_0,pop,7,/Users/ashfaquesami/425_project/data/raw_gtzan/genres_original/pop/pop.00076.wav,pop.00076,/Users/ashfaquesami/425_project/data/clips_10s/pop_076_0.wav,0.0,10.0,10.0,0,76,,pending,test
pop_076_1,pop,7,/Users/ashfaquesami/425_project/data/raw_gtzan/genres_original/pop/pop.00076.wav,pop.00076,/Users/ashfaquesami/425_project/data/clips_10s/pop_076_1.wav,10.0,20.0,10.0,1,76,,pending,test
pop_076_2,pop,7,/Users/ashfaquesami/425_project/data/raw_gtzan/genres_original/pop/pop.00076.wav,pop.00076,/Users/ashfaquesami/425_project/data/clips_10s/pop_076_2.wav,20.0,30.0,10.0,2,76,,pending,test
pop_077_0,pop,7,/Users/ashfaquesami/425_project/data/raw_gtzan/genres_original/pop/pop.00077.wav,pop.00077,/Users/ashfaquesami/425_project/data/clips_10s/pop_077_0.wav,0.0,10.0,10.0,0,77,,pending,test
pop_077_1,pop,7,/Users/ashfaquesami/425_project/data/raw_gtzan/genres_original/pop/pop.00077.wav,pop.00077,/Users/ashfaquesami/425_project/data/clips_10s/pop_077_1.wav,10.0,20.0,10.0,1,77,,pending,test
pop_077_2,pop,7,/Users/ashfaquesami/425_project/data/raw_gtzan/genres_original/pop/pop.00077.wav,pop.00077,/Users/ashfaquesami/425_project/data/clips_10s/pop_077_2.wav,20.0,30.0,10.0,2,77,,pending,test
pop_078_0,pop,7,/Users/ashfaquesami/425_project/data/raw_gtzan/genres_original/pop/pop.00078.wav,pop.00078,/Users/ashfaquesami/425_project/data/clips_10s/pop_078_0.wav,0.0,10.0,10.0,0,78,,pending,train
pop_078_1,pop,7,/Users/ashfaquesami/425_project/data/raw_gtzan/genres_original/pop/pop.00078.wav,pop.00078,/Users/ashfaquesami/425_project/data/clips_10s/pop_078_1.wav,10.0,20.0,10.0,1,78,,pending,train
pop_078_2,pop,7,/Users/ashfaquesami/425_project/data/raw_gtzan/genres_original/pop/pop.00078.wav,pop.00078,/Users/ashfaquesami/425_project/data/clips_10s/pop_078_2.wav,20.0,30.0,10.0,2,78,,pending,train
pop_079_0,pop,7,/Users/ashfaquesami/425_project/data/raw_gtzan/genres_original/pop/pop.00079.wav,pop.00079,/Users/ashfaquesami/425_project/data/clips_10s/pop_079_0.wav,0.0,10.0,10.0,0,79,,pending,train
pop_079_1,pop,7,/Users/ashfaquesami/425_project/data/raw_gtzan/genres_original/pop/pop.00079.wav,pop.00079,/Users/ashfaquesami/425_project/data/clips_10s/pop_079_1.wav,10.0,20.0,10.0,1,79,,pending,train
pop_079_2,pop,7,/Users/ashfaquesami/425_project/data/raw_gtzan/genres_original/pop/pop.00079.wav,pop.00079,/Users/ashfaquesami/425_project/data/clips_10s/pop_079_2.wav,20.0,30.0,10.0,2,79,,pending,train
pop_080_0,pop,7,/Users/ashfaquesami/425_project/data/raw_gtzan/genres_original/pop/pop.00080.wav,pop.00080,/Users/ashfaquesami/425_project/data/clips_10s/pop_080_0.wav,0.0,10.0,10.0,0,80,,pending,val
pop_080_1,pop,7,/Users/ashfaquesami/425_project/data/raw_gtzan/genres_original/pop/pop.00080.wav,pop.00080,/Users/ashfaquesami/425_project/data/clips_10s/pop_080_1.wav,10.0,20.0,10.0,1,80,,pending,val
pop_080_2,pop,7,/Users/ashfaquesami/425_project/data/raw_gtzan/genres_original/pop/pop.00080.wav,pop.00080,/Users/ashfaquesami/425_project/data/clips_10s/pop_080_2.wav,20.0,30.0,10.0,2,80,,pending,val
pop_081_0,pop,7,/Users/ashfaquesami/425_project/data/raw_gtzan/genres_original/pop/pop.00081.wav,pop.00081,/Users/ashfaquesami/425_project/data/clips_10s/pop_081_0.wav,0.0,10.0,10.0,0,81,,pending,train
pop_081_1,pop,7,/Users/ashfaquesami/425_project/data/raw_gtzan/genres_original/pop/pop.00081.wav,pop.00081,/Users/ashfaquesami/425_project/data/clips_10s/pop_081_1.wav,10.0,20.0,10.0,1,81,,pending,train
pop_081_2,pop,7,/Users/ashfaquesami/425_project/data/raw_gtzan/genres_original/pop/pop.00081.wav,pop.00081,/Users/ashfaquesami/425_project/data/clips_10s/pop_081_2.wav,20.0,30.0,10.0,2,81,,pending,train
pop_082_0,pop,7,/Users/ashfaquesami/425_project/data/raw_gtzan/genres_original/pop/pop.00082.wav,pop.00082,/Users/ashfaquesami/425_project/data/clips_10s/pop_082_0.wav,0.0,10.0,10.0,0,82,,pending,train
pop_082_1,pop,7,/Users/ashfaquesami/425_project/data/raw_gtzan/genres_original/pop/pop.00082.wav,pop.00082,/Users/ashfaquesami/425_project/data/clips_10s/pop_082_1.wav,10.0,20.0,10.0,1,82,,pending,train
pop_082_2,pop,7,/Users/ashfaquesami/425_project/data/raw_gtzan/genres_original/pop/pop.00082.wav,pop.00082,/Users/ashfaquesami/425_project/data/clips_10s/pop_082_2.wav,20.0,30.0,10.0,2,82,,pending,train
pop_083_0,pop,7,/Users/ashfaquesami/425_project/data/raw_gtzan/genres_original/pop/pop.00083.wav,pop.00083,/Users/ashfaquesami/425_project/data/clips_10s/pop_083_0.wav,0.0,10.0,10.0,0,83,,pending,test
pop_083_1,pop,7,/Users/ashfaquesami/425_project/data/raw_gtzan/genres_original/pop/pop.00083.wav,pop.00083,/Users/ashfaquesami/425_project/data/clips_10s/pop_083_1.wav,10.0,20.0,10.0,1,83,,pending,test
pop_083_2,pop,7,/Users/ashfaquesami/425_project/data/raw_gtzan/genres_original/pop/pop.00083.wav,pop.00083,/Users/ashfaquesami/425_project/data/clips_10s/pop_083_2.wav,20.0,30.0,10.0,2,83,,pending,test
pop_084_0,pop,7,/Users/ashfaquesami/425_project/data/raw_gtzan/genres_original/pop/pop.00084.wav,pop.00084,/Users/ashfaquesami/425_project/data/clips_10s/pop_084_0.wav,0.0,10.0,10.0,0,84,,pending,train
pop_084_1,pop,7,/Users/ashfaquesami/425_project/data/raw_gtzan/genres_original/pop/pop.00084.wav,pop.00084,/Users/ashfaquesami/425_project/data/clips_10s/pop_084_1.wav,10.0,20.0,10.0,1,84,,pending,train
pop_084_2,pop,7,/Users/ashfaquesami/425_project/data/raw_gtzan/genres_original/pop/pop.00084.wav,pop.00084,/Users/ashfaquesami/425_project/data/clips_10s/pop_084_2.wav,20.0,30.0,10.0,2,84,,pending,train
pop_085_0,pop,7,/Users/ashfaquesami/425_project/data/raw_gtzan/genres_original/pop/pop.00085.wav,pop.00085,/Users/ashfaquesami/425_project/data/clips_10s/pop_085_0.wav,0.0,10.0,10.0,0,85,,pending,train
pop_085_1,pop,7,/Users/ashfaquesami/425_project/data/raw_gtzan/genres_original/pop/pop.00085.wav,pop.00085,/Users/ashfaquesami/425_project/data/clips_10s/pop_085_1.wav,10.0,20.0,10.0,1,85,,pending,train
pop_085_2,pop,7,/Users/ashfaquesami/425_project/data/raw_gtzan/genres_original/pop/pop.00085.wav,pop.00085,/Users/ashfaquesami/425_project/data/clips_10s/pop_085_2.wav,20.0,30.0,10.0,2,85,,pending,train
pop_086_0,pop,7,/Users/ashfaquesami/425_project/data/raw_gtzan/genres_original/pop/pop.00086.wav,pop.00086,/Users/ashfaquesami/425_project/data/clips_10s/pop_086_0.wav,0.0,10.0,10.0,0,86,,pending,train
pop_086_1,pop,7,/Users/ashfaquesami/425_project/data/raw_gtzan/genres_original/pop/pop.00086.wav,pop.00086,/Users/ashfaquesami/425_project/data/clips_10s/pop_086_1.wav,10.0,20.0,10.0,1,86,,pending,train
pop_086_2,pop,7,/Users/ashfaquesami/425_project/data/raw_gtzan/genres_original/pop/pop.00086.wav,pop.00086,/Users/ashfaquesami/425_project/data/clips_10s/pop_086_2.wav,20.0,30.0,10.0,2,86,,pending,train
pop_087_0,pop,7,/Users/ashfaquesami/425_project/data/raw_gtzan/genres_original/pop/pop.00087.wav,pop.00087,/Users/ashfaquesami/425_project/data/clips_10s/pop_087_0.wav,0.0,10.0,10.0,0,87,,pending,train
pop_087_1,pop,7,/Users/ashfaquesami/425_project/data/raw_gtzan/genres_original/pop/pop.00087.wav,pop.00087,/Users/ashfaquesami/425_project/data/clips_10s/pop_087_1.wav,10.0,20.0,10.0,1,87,,pending,train
pop_087_2,pop,7,/Users/ashfaquesami/425_project/data/raw_gtzan/genres_original/pop/pop.00087.wav,pop.00087,/Users/ashfaquesami/425_project/data/clips_10s/pop_087_2.wav,20.0,30.0,10.0,2,87,,pending,train
pop_088_0,pop,7,/Users/ashfaquesami/425_project/data/raw_gtzan/genres_original/pop/pop.00088.wav,pop.00088,/Users/ashfaquesami/425_project/data/clips_10s/pop_088_0.wav,0.0,10.0,10.0,0,88,,pending,train
pop_088_1,pop,7,/Users/ashfaquesami/425_project/data/raw_gtzan/genres_original/pop/pop.00088.wav,pop.00088,/Users/ashfaquesami/425_project/data/clips_10s/pop_088_1.wav,10.0,20.0,10.0,1,88,,pending,train
pop_088_2,pop,7,/Users/ashfaquesami/425_project/data/raw_gtzan/genres_original/pop/pop.00088.wav,pop.00088,/Users/ashfaquesami/425_project/data/clips_10s/pop_088_2.wav,20.0,30.0,10.0,2,88,,pending,train
pop_089_0,pop,7,/Users/ashfaquesami/425_project/data/raw_gtzan/genres_original/pop/pop.00089.wav,pop.00089,/Users/ashfaquesami/425_project/data/clips_10s/pop_089_0.wav,0.0,10.0,10.0,0,89,,pending,train
pop_089_1,pop,7,/Users/ashfaquesami/425_project/data/raw_gtzan/genres_original/pop/pop.00089.wav,pop.00089,/Users/ashfaquesami/425_project/data/clips_10s/pop_089_1.wav,10.0,20.0,10.0,1,89,,pending,train
pop_089_2,pop,7,/Users/ashfaquesami/425_project/data/raw_gtzan/genres_original/pop/pop.00089.wav,pop.00089,/Users/ashfaquesami/425_project/data/clips_10s/pop_089_2.wav,20.0,30.0,10.0,2,89,,pending,train
pop_090_0,pop,7,/Users/ashfaquesami/425_project/data/raw_gtzan/genres_original/pop/pop.00090.wav,pop.00090,/Users/ashfaquesami/425_project/data/clips_10s/pop_090_0.wav,0.0,10.0,10.0,0,90,,pending,train
pop_090_1,pop,7,/Users/ashfaquesami/425_project/data/raw_gtzan/genres_original/pop/pop.00090.wav,pop.00090,/Users/ashfaquesami/425_project/data/clips_10s/pop_090_1.wav,10.0,20.0,10.0,1,90,,pending,train
pop_090_2,pop,7,/Users/ashfaquesami/425_project/data/raw_gtzan/genres_original/pop/pop.00090.wav,pop.00090,/Users/ashfaquesami/425_project/data/clips_10s/pop_090_2.wav,20.0,30.0,10.0,2,90,,pending,train
pop_091_0,pop,7,/Users/ashfaquesami/425_project/data/raw_gtzan/genres_original/pop/pop.00091.wav,pop.00091,/Users/ashfaquesami/425_project/data/clips_10s/pop_091_0.wav,0.0,10.0,10.0,0,91,,pending,train
pop_091_1,pop,7,/Users/ashfaquesami/425_project/data/raw_gtzan/genres_original/pop/pop.00091.wav,pop.00091,/Users/ashfaquesami/425_project/data/clips_10s/pop_091_1.wav,10.0,20.0,10.0,1,91,,pending,train
pop_091_2,pop,7,/Users/ashfaquesami/425_project/data/raw_gtzan/genres_original/pop/pop.00091.wav,pop.00091,/Users/ashfaquesami/425_project/data/clips_10s/pop_091_2.wav,20.0,30.0,10.0,2,91,,pending,train
pop_092_0,pop,7,/Users/ashfaquesami/425_project/data/raw_gtzan/genres_original/pop/pop.00092.wav,pop.00092,/Users/ashfaquesami/425_project/data/clips_10s/pop_092_0.wav,0.0,10.0,10.0,0,92,,pending,val
pop_092_1,pop,7,/Users/ashfaquesami/425_project/data/raw_gtzan/genres_original/pop/pop.00092.wav,pop.00092,/Users/ashfaquesami/425_project/data/clips_10s/pop_092_1.wav,10.0,20.0,10.0,1,92,,pending,val
pop_092_2,pop,7,/Users/ashfaquesami/425_project/data/raw_gtzan/genres_original/pop/pop.00092.wav,pop.00092,/Users/ashfaquesami/425_project/data/clips_10s/pop_092_2.wav,20.0,30.0,10.0,2,92,,pending,val
pop_093_0,pop,7,/Users/ashfaquesami/425_project/data/raw_gtzan/genres_original/pop/pop.00093.wav,pop.00093,/Users/ashfaquesami/425_project/data/clips_10s/pop_093_0.wav,0.0,10.0,10.0,0,93,,pending,train
pop_093_1,pop,7,/Users/ashfaquesami/425_project/data/raw_gtzan/genres_original/pop/pop.00093.wav,pop.00093,/Users/ashfaquesami/425_project/data/clips_10s/pop_093_1.wav,10.0,20.0,10.0,1,93,,pending,train
pop_093_2,pop,7,/Users/ashfaquesami/425_project/data/raw_gtzan/genres_original/pop/pop.00093.wav,pop.00093,/Users/ashfaquesami/425_project/data/clips_10s/pop_093_2.wav,20.0,30.0,10.0,2,93,,pending,train
pop_094_0,pop,7,/Users/ashfaquesami/425_project/data/raw_gtzan/genres_original/pop/pop.00094.wav,pop.00094,/Users/ashfaquesami/425_project/data/clips_10s/pop_094_0.wav,0.0,10.0,10.0,0,94,,pending,train
pop_094_1,pop,7,/Users/ashfaquesami/425_project/data/raw_gtzan/genres_original/pop/pop.00094.wav,pop.00094,/Users/ashfaquesami/425_project/data/clips_10s/pop_094_1.wav,10.0,20.0,10.0,1,94,,pending,train
pop_094_2,pop,7,/Users/ashfaquesami/425_project/data/raw_gtzan/genres_original/pop/pop.00094.wav,pop.00094,/Users/ashfaquesami/425_project/data/clips_10s/pop_094_2.wav,20.0,30.0,10.0,2,94,,pending,train
pop_095_0,pop,7,/Users/ashfaquesami/425_project/data/raw_gtzan/genres_original/pop/pop.00095.wav,pop.00095,/Users/ashfaquesami/425_project/data/clips_10s/pop_095_0.wav,0.0,10.0,10.0,0,95,,pending,val
pop_095_1,pop,7,/Users/ashfaquesami/425_project/data/raw_gtzan/genres_original/pop/pop.00095.wav,pop.00095,/Users/ashfaquesami/425_project/data/clips_10s/pop_095_1.wav,10.0,20.0,10.0,1,95,,pending,val
pop_095_2,pop,7,/Users/ashfaquesami/425_project/data/raw_gtzan/genres_original/pop/pop.00095.wav,pop.00095,/Users/ashfaquesami/425_project/data/clips_10s/pop_095_2.wav,20.0,30.0,10.0,2,95,,pending,val
pop_096_0,pop,7,/Users/ashfaquesami/425_project/data/raw_gtzan/genres_original/pop/pop.00096.wav,pop.00096,/Users/ashfaquesami/425_project/data/clips_10s/pop_096_0.wav,0.0,10.0,10.0,0,96,,pending,val
pop_096_1,pop,7,/Users/ashfaquesami/425_project/data/raw_gtzan/genres_original/pop/pop.00096.wav,pop.00096,/Users/ashfaquesami/425_project/data/clips_10s/pop_096_1.wav,10.0,20.0,10.0,1,96,,pending,val
pop_096_2,pop,7,/Users/ashfaquesami/425_project/data/raw_gtzan/genres_original/pop/pop.00096.wav,pop.00096,/Users/ashfaquesami/425_project/data/clips_10s/pop_096_2.wav,20.0,30.0,10.0,2,96,,pending,val
pop_097_0,pop,7,/Users/ashfaquesami/425_project/data/raw_gtzan/genres_original/pop/pop.00097.wav,pop.00097,/Users/ashfaquesami/425_project/data/clips_10s/pop_097_0.wav,0.0,10.0,10.0,0,97,,pending,train
pop_097_1,pop,7,/Users/ashfaquesami/425_project/data/raw_gtzan/genres_original/pop/pop.00097.wav,pop.00097,/Users/ashfaquesami/425_project/data/clips_10s/pop_097_1.wav,10.0,20.0,10.0,1,97,,pending,train
pop_097_2,pop,7,/Users/ashfaquesami/425_project/data/raw_gtzan/genres_original/pop/pop.00097.wav,pop.00097,/Users/ashfaquesami/425_project/data/clips_10s/pop_097_2.wav,20.0,30.0,10.0,2,97,,pending,train
pop_098_0,pop,7,/Users/ashfaquesami/425_project/data/raw_gtzan/genres_original/pop/pop.00098.wav,pop.00098,/Users/ashfaquesami/425_project/data/clips_10s/pop_098_0.wav,0.0,10.0,10.0,0,98,,pending,train
pop_098_1,pop,7,/Users/ashfaquesami/425_project/data/raw_gtzan/genres_original/pop/pop.00098.wav,pop.00098,/Users/ashfaquesami/425_project/data/clips_10s/pop_098_1.wav,10.0,20.0,10.0,1,98,,pending,train
pop_098_2,pop,7,/Users/ashfaquesami/425_project/data/raw_gtzan/genres_original/pop/pop.00098.wav,pop.00098,/Users/ashfaquesami/425_project/data/clips_10s/pop_098_2.wav,20.0,30.0,10.0,2,98,,pending,train
pop_099_0,pop,7,/Users/ashfaquesami/425_project/data/raw_gtzan/genres_original/pop/pop.00099.wav,pop.00099,/Users/ashfaquesami/425_project/data/clips_10s/pop_099_0.wav,0.0,10.0,10.0,0,99,,pending,train
pop_099_1,pop,7,/Users/ashfaquesami/425_project/data/raw_gtzan/genres_original/pop/pop.00099.wav,pop.00099,/Users/ashfaquesami/425_project/data/clips_10s/pop_099_1.wav,10.0,20.0,10.0,1,99,,pending,train
pop_099_2,pop,7,/Users/ashfaquesami/425_project/data/raw_gtzan/genres_original/pop/pop.00099.wav,pop.00099,/Users/ashfaquesami/425_project/data/clips_10s/pop_099_2.wav,20.0,30.0,10.0,2,99,,pending,train
reggae_000_0,reggae,8,/Users/ashfaquesami/425_project/data/raw_gtzan/genres_original/reggae/reggae.00000.wav,reggae.00000,/Users/ashfaquesami/425_project/data/clips_10s/reggae_000_0.wav,0.0,10.0,10.0,0,0,,pending,train
reggae_000_1,reggae,8,/Users/ashfaquesami/425_project/data/raw_gtzan/genres_original/reggae/reggae.00000.wav,reggae.00000,/Users/ashfaquesami/425_project/data/clips_10s/reggae_000_1.wav,10.0,20.0,10.0,1,0,,pending,train
reggae_000_2,reggae,8,/Users/ashfaquesami/425_project/data/raw_gtzan/genres_original/reggae/reggae.00000.wav,reggae.00000,/Users/ashfaquesami/425_project/data/clips_10s/reggae_000_2.wav,20.0,30.0,10.0,2,0,,pending,train
reggae_001_0,reggae,8,/Users/ashfaquesami/425_project/data/raw_gtzan/genres_original/reggae/reggae.00001.wav,reggae.00001,/Users/ashfaquesami/425_project/data/clips_10s/reggae_001_0.wav,0.0,10.0,10.0,0,1,,pending,train
reggae_001_1,reggae,8,/Users/ashfaquesami/425_project/data/raw_gtzan/genres_original/reggae/reggae.00001.wav,reggae.00001,/Users/ashfaquesami/425_project/data/clips_10s/reggae_001_1.wav,10.0,20.0,10.0,1,1,,pending,train
reggae_001_2,reggae,8,/Users/ashfaquesami/425_project/data/raw_gtzan/genres_original/reggae/reggae.00001.wav,reggae.00001,/Users/ashfaquesami/425_project/data/clips_10s/reggae_001_2.wav,20.0,30.0,10.0,2,1,,pending,train
reggae_002_0,reggae,8,/Users/ashfaquesami/425_project/data/raw_gtzan/genres_original/reggae/reggae.00002.wav,reggae.00002,/Users/ashfaquesami/425_project/data/clips_10s/reggae_002_0.wav,0.0,10.0,10.0,0,2,,pending,train
reggae_002_1,reggae,8,/Users/ashfaquesami/425_project/data/raw_gtzan/genres_original/reggae/reggae.00002.wav,reggae.00002,/Users/ashfaquesami/425_project/data/clips_10s/reggae_002_1.wav,10.0,20.0,10.0,1,2,,pending,train
reggae_002_2,reggae,8,/Users/ashfaquesami/425_project/data/raw_gtzan/genres_original/reggae/reggae.00002.wav,reggae.00002,/Users/ashfaquesami/425_project/data/clips_10s/reggae_002_2.wav,20.0,30.0,10.0,2,2,,pending,train
reggae_003_0,reggae,8,/Users/ashfaquesami/425_project/data/raw_gtzan/genres_original/reggae/reggae.00003.wav,reggae.00003,/Users/ashfaquesami/425_project/data/clips_10s/reggae_003_0.wav,0.0,10.0,10.0,0,3,,pending,train
reggae_003_1,reggae,8,/Users/ashfaquesami/425_project/data/raw_gtzan/genres_original/reggae/reggae.00003.wav,reggae.00003,/Users/ashfaquesami/425_project/data/clips_10s/reggae_003_1.wav,10.0,20.0,10.0,1,3,,pending,train
reggae_003_2,reggae,8,/Users/ashfaquesami/425_project/data/raw_gtzan/genres_original/reggae/reggae.00003.wav,reggae.00003,/Users/ashfaquesami/425_project/data/clips_10s/reggae_003_2.wav,20.0,30.0,10.0,2,3,,pending,train
reggae_004_0,reggae,8,/Users/ashfaquesami/425_project/data/raw_gtzan/genres_original/reggae/reggae.00004.wav,reggae.00004,/Users/ashfaquesami/425_project/data/clips_10s/reggae_004_0.wav,0.0,10.0,10.0,0,4,,pending,train
reggae_004_1,reggae,8,/Users/ashfaquesami/425_project/data/raw_gtzan/genres_original/reggae/reggae.00004.wav,reggae.00004,/Users/ashfaquesami/425_project/data/clips_10s/reggae_004_1.wav,10.0,20.0,10.0,1,4,,pending,train
reggae_004_2,reggae,8,/Users/ashfaquesami/425_project/data/raw_gtzan/genres_original/reggae/reggae.00004.wav,reggae.00004,/Users/ashfaquesami/425_project/data/clips_10s/reggae_004_2.wav,20.0,30.0,10.0,2,4,,pending,train
reggae_005_0,reggae,8,/Users/ashfaquesami/425_project/data/raw_gtzan/genres_original/reggae/reggae.00005.wav,reggae.00005,/Users/ashfaquesami/425_project/data/clips_10s/reggae_005_0.wav,0.0,10.0,10.0,0,5,,pending,val
reggae_005_1,reggae,8,/Users/ashfaquesami/425_project/data/raw_gtzan/genres_original/reggae/reggae.00005.wav,reggae.00005,/Users/ashfaquesami/425_project/data/clips_10s/reggae_005_1.wav,10.0,20.0,10.0,1,5,,pending,val
reggae_005_2,reggae,8,/Users/ashfaquesami/425_project/data/raw_gtzan/genres_original/reggae/reggae.00005.wav,reggae.00005,/Users/ashfaquesami/425_project/data/clips_10s/reggae_005_2.wav,20.0,30.0,10.0,2,5,,pending,val
reggae_006_0,reggae,8,/Users/ashfaquesami/425_project/data/raw_gtzan/genres_original/reggae/reggae.00006.wav,reggae.00006,/Users/ashfaquesami/425_project/data/clips_10s/reggae_006_0.wav,0.0,10.0,10.0,0,6,,pending,test
reggae_006_1,reggae,8,/Users/ashfaquesami/425_project/data/raw_gtzan/genres_original/reggae/reggae.00006.wav,reggae.00006,/Users/ashfaquesami/425_project/data/clips_10s/reggae_006_1.wav,10.0,20.0,10.0,1,6,,pending,test
reggae_006_2,reggae,8,/Users/ashfaquesami/425_project/data/raw_gtzan/genres_original/reggae/reggae.00006.wav,reggae.00006,/Users/ashfaquesami/425_project/data/clips_10s/reggae_006_2.wav,20.0,30.0,10.0,2,6,,pending,test
reggae_007_0,reggae,8,/Users/ashfaquesami/425_project/data/raw_gtzan/genres_original/reggae/reggae.00007.wav,reggae.00007,/Users/ashfaquesami/425_project/data/clips_10s/reggae_007_0.wav,0.0,10.0,10.0,0,7,,pending,train
reggae_007_1,reggae,8,/Users/ashfaquesami/425_project/data/raw_gtzan/genres_original/reggae/reggae.00007.wav,reggae.00007,/Users/ashfaquesami/425_project/data/clips_10s/reggae_007_1.wav,10.0,20.0,10.0,1,7,,pending,train
reggae_007_2,reggae,8,/Users/ashfaquesami/425_project/data/raw_gtzan/genres_original/reggae/reggae.00007.wav,reggae.00007,/Users/ashfaquesami/425_project/data/clips_10s/reggae_007_2.wav,20.0,30.0,10.0,2,7,,pending,train
reggae_008_0,reggae,8,/Users/ashfaquesami/425_project/data/raw_gtzan/genres_original/reggae/reggae.00008.wav,reggae.00008,/Users/ashfaquesami/425_project/data/clips_10s/reggae_008_0.wav,0.0,10.0,10.0,0,8,,pending,train
reggae_008_1,reggae,8,/Users/ashfaquesami/425_project/data/raw_gtzan/genres_original/reggae/reggae.00008.wav,reggae.00008,/Users/ashfaquesami/425_project/data/clips_10s/reggae_008_1.wav,10.0,20.0,10.0,1,8,,pending,train
reggae_008_2,reggae,8,/Users/ashfaquesami/425_project/data/raw_gtzan/genres_original/reggae/reggae.00008.wav,reggae.00008,/Users/ashfaquesami/425_project/data/clips_10s/reggae_008_2.wav,20.0,30.0,10.0,2,8,,pending,train
reggae_009_0,reggae,8,/Users/ashfaquesami/425_project/data/raw_gtzan/genres_original/reggae/reggae.00009.wav,reggae.00009,/Users/ashfaquesami/425_project/data/clips_10s/reggae_009_0.wav,0.0,10.0,10.0,0,9,,pending,train
reggae_009_1,reggae,8,/Users/ashfaquesami/425_project/data/raw_gtzan/genres_original/reggae/reggae.00009.wav,reggae.00009,/Users/ashfaquesami/425_project/data/clips_10s/reggae_009_1.wav,10.0,20.0,10.0,1,9,,pending,train
reggae_009_2,reggae,8,/Users/ashfaquesami/425_project/data/raw_gtzan/genres_original/reggae/reggae.00009.wav,reggae.00009,/Users/ashfaquesami/425_project/data/clips_10s/reggae_009_2.wav,20.0,30.0,10.0,2,9,,pending,train
reggae_010_0,reggae,8,/Users/ashfaquesami/425_project/data/raw_gtzan/genres_original/reggae/reggae.00010.wav,reggae.00010,/Users/ashfaquesami/425_project/data/clips_10s/reggae_010_0.wav,0.0,10.0,10.0,0,10,,pending,train
reggae_010_1,reggae,8,/Users/ashfaquesami/425_project/data/raw_gtzan/genres_original/reggae/reggae.00010.wav,reggae.00010,/Users/ashfaquesami/425_project/data/clips_10s/reggae_010_1.wav,10.0,20.0,10.0,1,10,,pending,train
reggae_010_2,reggae,8,/Users/ashfaquesami/425_project/data/raw_gtzan/genres_original/reggae/reggae.00010.wav,reggae.00010,/Users/ashfaquesami/425_project/data/clips_10s/reggae_010_2.wav,20.0,30.0,10.0,2,10,,pending,train
reggae_011_0,reggae,8,/Users/ashfaquesami/425_project/data/raw_gtzan/genres_original/reggae/reggae.00011.wav,reggae.00011,/Users/ashfaquesami/425_project/data/clips_10s/reggae_011_0.wav,0.0,10.0,10.0,0,11,,pending,train
reggae_011_1,reggae,8,/Users/ashfaquesami/425_project/data/raw_gtzan/genres_original/reggae/reggae.00011.wav,reggae.00011,/Users/ashfaquesami/425_project/data/clips_10s/reggae_011_1.wav,10.0,20.0,10.0,1,11,,pending,train
reggae_011_2,reggae,8,/Users/ashfaquesami/425_project/data/raw_gtzan/genres_original/reggae/reggae.00011.wav,reggae.00011,/Users/ashfaquesami/425_project/data/clips_10s/reggae_011_2.wav,20.0,30.0,10.0,2,11,,pending,train
reggae_012_0,reggae,8,/Users/ashfaquesami/425_project/data/raw_gtzan/genres_original/reggae/reggae.00012.wav,reggae.00012,/Users/ashfaquesami/425_project/data/clips_10s/reggae_012_0.wav,0.0,10.0,10.0,0,12,,pending,train
reggae_012_1,reggae,8,/Users/ashfaquesami/425_project/data/raw_gtzan/genres_original/reggae/reggae.00012.wav,reggae.00012,/Users/ashfaquesami/425_project/data/clips_10s/reggae_012_1.wav,10.0,20.0,10.0,1,12,,pending,train
reggae_012_2,reggae,8,/Users/ashfaquesami/425_project/data/raw_gtzan/genres_original/reggae/reggae.00012.wav,reggae.00012,/Users/ashfaquesami/425_project/data/clips_10s/reggae_012_2.wav,20.0,30.0,10.0,2,12,,pending,train
reggae_013_0,reggae,8,/Users/ashfaquesami/425_project/data/raw_gtzan/genres_original/reggae/reggae.00013.wav,reggae.00013,/Users/ashfaquesami/425_project/data/clips_10s/reggae_013_0.wav,0.0,10.0,10.0,0,13,,pending,val
reggae_013_1,reggae,8,/Users/ashfaquesami/425_project/data/raw_gtzan/genres_original/reggae/reggae.00013.wav,reggae.00013,/Users/ashfaquesami/425_project/data/clips_10s/reggae_013_1.wav,10.0,20.0,10.0,1,13,,pending,val
reggae_013_2,reggae,8,/Users/ashfaquesami/425_project/data/raw_gtzan/genres_original/reggae/reggae.00013.wav,reggae.00013,/Users/ashfaquesami/425_project/data/clips_10s/reggae_013_2.wav,20.0,30.0,10.0,2,13,,pending,val
reggae_014_0,reggae,8,/Users/ashfaquesami/425_project/data/raw_gtzan/genres_original/reggae/reggae.00014.wav,reggae.00014,/Users/ashfaquesami/425_project/data/clips_10s/reggae_014_0.wav,0.0,10.0,10.0,0,14,,pending,train
reggae_014_1,reggae,8,/Users/ashfaquesami/425_project/data/raw_gtzan/genres_original/reggae/reggae.00014.wav,reggae.00014,/Users/ashfaquesami/425_project/data/clips_10s/reggae_014_1.wav,10.0,20.0,10.0,1,14,,pending,train
reggae_014_2,reggae,8,/Users/ashfaquesami/425_project/data/raw_gtzan/genres_original/reggae/reggae.00014.wav,reggae.00014,/Users/ashfaquesami/425_project/data/clips_10s/reggae_014_2.wav,20.0,30.0,10.0,2,14,,pending,train
reggae_015_0,reggae,8,/Users/ashfaquesami/425_project/data/raw_gtzan/genres_original/reggae/reggae.00015.wav,reggae.00015,/Users/ashfaquesami/425_project/data/clips_10s/reggae_015_0.wav,0.0,10.0,10.0,0,15,,pending,train
reggae_015_1,reggae,8,/Users/ashfaquesami/425_project/data/raw_gtzan/genres_original/reggae/reggae.00015.wav,reggae.00015,/Users/ashfaquesami/425_project/data/clips_10s/reggae_015_1.wav,10.0,20.0,10.0,1,15,,pending,train
reggae_015_2,reggae,8,/Users/ashfaquesami/425_project/data/raw_gtzan/genres_original/reggae/reggae.00015.wav,reggae.00015,/Users/ashfaquesami/425_project/data/clips_10s/reggae_015_2.wav,20.0,30.0,10.0,2,15,,pending,train
reggae_016_0,reggae,8,/Users/ashfaquesami/425_project/data/raw_gtzan/genres_original/reggae/reggae.00016.wav,reggae.00016,/Users/ashfaquesami/425_project/data/clips_10s/reggae_016_0.wav,0.0,10.0,10.0,0,16,,pending,test
reggae_016_1,reggae,8,/Users/ashfaquesami/425_project/data/raw_gtzan/genres_original/reggae/reggae.00016.wav,reggae.00016,/Users/ashfaquesami/425_project/data/clips_10s/reggae_016_1.wav,10.0,20.0,10.0,1,16,,pending,test
reggae_016_2,reggae,8,/Users/ashfaquesami/425_project/data/raw_gtzan/genres_original/reggae/reggae.00016.wav,reggae.00016,/Users/ashfaquesami/425_project/data/clips_10s/reggae_016_2.wav,20.0,30.0,10.0,2,16,,pending,test
reggae_017_0,reggae,8,/Users/ashfaquesami/425_project/data/raw_gtzan/genres_original/reggae/reggae.00017.wav,reggae.00017,/Users/ashfaquesami/425_project/data/clips_10s/reggae_017_0.wav,0.0,10.0,10.0,0,17,,pending,train
reggae_017_1,reggae,8,/Users/ashfaquesami/425_project/data/raw_gtzan/genres_original/reggae/reggae.00017.wav,reggae.00017,/Users/ashfaquesami/425_project/data/clips_10s/reggae_017_1.wav,10.0,20.0,10.0,1,17,,pending,train
reggae_017_2,reggae,8,/Users/ashfaquesami/425_project/data/raw_gtzan/genres_original/reggae/reggae.00017.wav,reggae.00017,/Users/ashfaquesami/425_project/data/clips_10s/reggae_017_2.wav,20.0,30.0,10.0,2,17,,pending,train
reggae_018_0,reggae,8,/Users/ashfaquesami/425_project/data/raw_gtzan/genres_original/reggae/reggae.00018.wav,reggae.00018,/Users/ashfaquesami/425_project/data/clips_10s/reggae_018_0.wav,0.0,10.0,10.0,0,18,,pending,train
reggae_018_1,reggae,8,/Users/ashfaquesami/425_project/data/raw_gtzan/genres_original/reggae/reggae.00018.wav,reggae.00018,/Users/ashfaquesami/425_project/data/clips_10s/reggae_018_1.wav,10.0,20.0,10.0,1,18,,pending,train
reggae_018_2,reggae,8,/Users/ashfaquesami/425_project/data/raw_gtzan/genres_original/reggae/reggae.00018.wav,reggae.00018,/Users/ashfaquesami/425_project/data/clips_10s/reggae_018_2.wav,20.0,30.0,10.0,2,18,,pending,train
reggae_019_0,reggae,8,/Users/ashfaquesami/425_project/data/raw_gtzan/genres_original/reggae/reggae.00019.wav,reggae.00019,/Users/ashfaquesami/425_project/data/clips_10s/reggae_019_0.wav,0.0,10.0,10.0,0,19,,pending,test
reggae_019_1,reggae,8,/Users/ashfaquesami/425_project/data/raw_gtzan/genres_original/reggae/reggae.00019.wav,reggae.00019,/Users/ashfaquesami/425_project/data/clips_10s/reggae_019_1.wav,10.0,20.0,10.0,1,19,,pending,test
reggae_019_2,reggae,8,/Users/ashfaquesami/425_project/data/raw_gtzan/genres_original/reggae/reggae.00019.wav,reggae.00019,/Users/ashfaquesami/425_project/data/clips_10s/reggae_019_2.wav,20.0,30.0,10.0,2,19,,pending,test
reggae_020_0,reggae,8,/Users/ashfaquesami/425_project/data/raw_gtzan/genres_original/reggae/reggae.00020.wav,reggae.00020,/Users/ashfaquesami/425_project/data/clips_10s/reggae_020_0.wav,0.0,10.0,10.0,0,20,,pending,train
reggae_020_1,reggae,8,/Users/ashfaquesami/425_project/data/raw_gtzan/genres_original/reggae/reggae.00020.wav,reggae.00020,/Users/ashfaquesami/425_project/data/clips_10s/reggae_020_1.wav,10.0,20.0,10.0,1,20,,pending,train
reggae_020_2,reggae,8,/Users/ashfaquesami/425_project/data/raw_gtzan/genres_original/reggae/reggae.00020.wav,reggae.00020,/Users/ashfaquesami/425_project/data/clips_10s/reggae_020_2.wav,20.0,30.0,10.0,2,20,,pending,train
reggae_021_0,reggae,8,/Users/ashfaquesami/425_project/data/raw_gtzan/genres_original/reggae/reggae.00021.wav,reggae.00021,/Users/ashfaquesami/425_project/data/clips_10s/reggae_021_0.wav,0.0,10.0,10.0,0,21,,pending,train
reggae_021_1,reggae,8,/Users/ashfaquesami/425_project/data/raw_gtzan/genres_original/reggae/reggae.00021.wav,reggae.00021,/Users/ashfaquesami/425_project/data/clips_10s/reggae_021_1.wav,10.0,20.0,10.0,1,21,,pending,train
reggae_021_2,reggae,8,/Users/ashfaquesami/425_project/data/raw_gtzan/genres_original/reggae/reggae.00021.wav,reggae.00021,/Users/ashfaquesami/425_project/data/clips_10s/reggae_021_2.wav,20.0,30.0,10.0,2,21,,pending,train
reggae_022_0,reggae,8,/Users/ashfaquesami/425_project/data/raw_gtzan/genres_original/reggae/reggae.00022.wav,reggae.00022,/Users/ashfaquesami/425_project/data/clips_10s/reggae_022_0.wav,0.0,10.0,10.0,0,22,,pending,test
reggae_022_1,reggae,8,/Users/ashfaquesami/425_project/data/raw_gtzan/genres_original/reggae/reggae.00022.wav,reggae.00022,/Users/ashfaquesami/425_project/data/clips_10s/reggae_022_1.wav,10.0,20.0,10.0,1,22,,pending,test
reggae_022_2,reggae,8,/Users/ashfaquesami/425_project/data/raw_gtzan/genres_original/reggae/reggae.00022.wav,reggae.00022,/Users/ashfaquesami/425_project/data/clips_10s/reggae_022_2.wav,20.0,30.0,10.0,2,22,,pending,test
reggae_023_0,reggae,8,/Users/ashfaquesami/425_project/data/raw_gtzan/genres_original/reggae/reggae.00023.wav,reggae.00023,/Users/ashfaquesami/425_project/data/clips_10s/reggae_023_0.wav,0.0,10.0,10.0,0,23,,pending,train
reggae_023_1,reggae,8,/Users/ashfaquesami/425_project/data/raw_gtzan/genres_original/reggae/reggae.00023.wav,reggae.00023,/Users/ashfaquesami/425_project/data/clips_10s/reggae_023_1.wav,10.0,20.0,10.0,1,23,,pending,train
reggae_023_2,reggae,8,/Users/ashfaquesami/425_project/data/raw_gtzan/genres_original/reggae/reggae.00023.wav,reggae.00023,/Users/ashfaquesami/425_project/data/clips_10s/reggae_023_2.wav,20.0,30.0,10.0,2,23,,pending,train
reggae_024_0,reggae,8,/Users/ashfaquesami/425_project/data/raw_gtzan/genres_original/reggae/reggae.00024.wav,reggae.00024,/Users/ashfaquesami/425_project/data/clips_10s/reggae_024_0.wav,0.0,10.0,10.0,0,24,,pending,train
reggae_024_1,reggae,8,/Users/ashfaquesami/425_project/data/raw_gtzan/genres_original/reggae/reggae.00024.wav,reggae.00024,/Users/ashfaquesami/425_project/data/clips_10s/reggae_024_1.wav,10.0,20.0,10.0,1,24,,pending,train
reggae_024_2,reggae,8,/Users/ashfaquesami/425_project/data/raw_gtzan/genres_original/reggae/reggae.00024.wav,reggae.00024,/Users/ashfaquesami/425_project/data/clips_10s/reggae_024_2.wav,20.0,30.0,10.0,2,24,,pending,train
reggae_025_0,reggae,8,/Users/ashfaquesami/425_project/data/raw_gtzan/genres_original/reggae/reggae.00025.wav,reggae.00025,/Users/ashfaquesami/425_project/data/clips_10s/reggae_025_0.wav,0.0,10.0,10.0,0,25,,pending,train
reggae_025_1,reggae,8,/Users/ashfaquesami/425_project/data/raw_gtzan/genres_original/reggae/reggae.00025.wav,reggae.00025,/Users/ashfaquesami/425_project/data/clips_10s/reggae_025_1.wav,10.0,20.0,10.0,1,25,,pending,train
reggae_025_2,reggae,8,/Users/ashfaquesami/425_project/data/raw_gtzan/genres_original/reggae/reggae.00025.wav,reggae.00025,/Users/ashfaquesami/425_project/data/clips_10s/reggae_025_2.wav,20.0,30.0,10.0,2,25,,pending,train
reggae_026_0,reggae,8,/Users/ashfaquesami/425_project/data/raw_gtzan/genres_original/reggae/reggae.00026.wav,reggae.00026,/Users/ashfaquesami/425_project/data/clips_10s/reggae_026_0.wav,0.0,10.0,10.0,0,26,,pending,train
reggae_026_1,reggae,8,/Users/ashfaquesami/425_project/data/raw_gtzan/genres_original/reggae/reggae.00026.wav,reggae.00026,/Users/ashfaquesami/425_project/data/clips_10s/reggae_026_1.wav,10.0,20.0,10.0,1,26,,pending,train
reggae_026_2,reggae,8,/Users/ashfaquesami/425_project/data/raw_gtzan/genres_original/reggae/reggae.00026.wav,reggae.00026,/Users/ashfaquesami/425_project/data/clips_10s/reggae_026_2.wav,20.0,30.0,10.0,2,26,,pending,train
reggae_027_0,reggae,8,/Users/ashfaquesami/425_project/data/raw_gtzan/genres_original/reggae/reggae.00027.wav,reggae.00027,/Users/ashfaquesami/425_project/data/clips_10s/reggae_027_0.wav,0.0,10.0,10.0,0,27,,pending,train
reggae_027_1,reggae,8,/Users/ashfaquesami/425_project/data/raw_gtzan/genres_original/reggae/reggae.00027.wav,reggae.00027,/Users/ashfaquesami/425_project/data/clips_10s/reggae_027_1.wav,10.0,20.0,10.0,1,27,,pending,train
reggae_027_2,reggae,8,/Users/ashfaquesami/425_project/data/raw_gtzan/genres_original/reggae/reggae.00027.wav,reggae.00027,/Users/ashfaquesami/425_project/data/clips_10s/reggae_027_2.wav,20.0,30.0,10.0,2,27,,pending,train
reggae_028_0,reggae,8,/Users/ashfaquesami/425_project/data/raw_gtzan/genres_original/reggae/reggae.00028.wav,reggae.00028,/Users/ashfaquesami/425_project/data/clips_10s/reggae_028_0.wav,0.0,10.0,10.0,0,28,,pending,train
reggae_028_1,reggae,8,/Users/ashfaquesami/425_project/data/raw_gtzan/genres_original/reggae/reggae.00028.wav,reggae.00028,/Users/ashfaquesami/425_project/data/clips_10s/reggae_028_1.wav,10.0,20.0,10.0,1,28,,pending,train
reggae_028_2,reggae,8,/Users/ashfaquesami/425_project/data/raw_gtzan/genres_original/reggae/reggae.00028.wav,reggae.00028,/Users/ashfaquesami/425_project/data/clips_10s/reggae_028_2.wav,20.0,30.0,10.0,2,28,,pending,train
reggae_029_0,reggae,8,/Users/ashfaquesami/425_project/data/raw_gtzan/genres_original/reggae/reggae.00029.wav,reggae.00029,/Users/ashfaquesami/425_project/data/clips_10s/reggae_029_0.wav,0.0,10.0,10.0,0,29,,pending,train
reggae_029_1,reggae,8,/Users/ashfaquesami/425_project/data/raw_gtzan/genres_original/reggae/reggae.00029.wav,reggae.00029,/Users/ashfaquesami/425_project/data/clips_10s/reggae_029_1.wav,10.0,20.0,10.0,1,29,,pending,train
reggae_029_2,reggae,8,/Users/ashfaquesami/425_project/data/raw_gtzan/genres_original/reggae/reggae.00029.wav,reggae.00029,/Users/ashfaquesami/425_project/data/clips_10s/reggae_029_2.wav,20.0,30.0,10.0,2,29,,pending,train
reggae_030_0,reggae,8,/Users/ashfaquesami/425_project/data/raw_gtzan/genres_original/reggae/reggae.00030.wav,reggae.00030,/Users/ashfaquesami/425_project/data/clips_10s/reggae_030_0.wav,0.0,10.0,10.0,0,30,,pending,train
reggae_030_1,reggae,8,/Users/ashfaquesami/425_project/data/raw_gtzan/genres_original/reggae/reggae.00030.wav,reggae.00030,/Users/ashfaquesami/425_project/data/clips_10s/reggae_030_1.wav,10.0,20.0,10.0,1,30,,pending,train
reggae_030_2,reggae,8,/Users/ashfaquesami/425_project/data/raw_gtzan/genres_original/reggae/reggae.00030.wav,reggae.00030,/Users/ashfaquesami/425_project/data/clips_10s/reggae_030_2.wav,20.0,30.0,10.0,2,30,,pending,train
reggae_031_0,reggae,8,/Users/ashfaquesami/425_project/data/raw_gtzan/genres_original/reggae/reggae.00031.wav,reggae.00031,/Users/ashfaquesami/425_project/data/clips_10s/reggae_031_0.wav,0.0,10.0,10.0,0,31,,pending,train
reggae_031_1,reggae,8,/Users/ashfaquesami/425_project/data/raw_gtzan/genres_original/reggae/reggae.00031.wav,reggae.00031,/Users/ashfaquesami/425_project/data/clips_10s/reggae_031_1.wav,10.0,20.0,10.0,1,31,,pending,train
reggae_031_2,reggae,8,/Users/ashfaquesami/425_project/data/raw_gtzan/genres_original/reggae/reggae.00031.wav,reggae.00031,/Users/ashfaquesami/425_project/data/clips_10s/reggae_031_2.wav,20.0,30.0,10.0,2,31,,pending,train
reggae_032_0,reggae,8,/Users/ashfaquesami/425_project/data/raw_gtzan/genres_original/reggae/reggae.00032.wav,reggae.00032,/Users/ashfaquesami/425_project/data/clips_10s/reggae_032_0.wav,0.0,10.0,10.0,0,32,,pending,test
reggae_032_1,reggae,8,/Users/ashfaquesami/425_project/data/raw_gtzan/genres_original/reggae/reggae.00032.wav,reggae.00032,/Users/ashfaquesami/425_project/data/clips_10s/reggae_032_1.wav,10.0,20.0,10.0,1,32,,pending,test
reggae_032_2,reggae,8,/Users/ashfaquesami/425_project/data/raw_gtzan/genres_original/reggae/reggae.00032.wav,reggae.00032,/Users/ashfaquesami/425_project/data/clips_10s/reggae_032_2.wav,20.0,30.0,10.0,2,32,,pending,test
reggae_033_0,reggae,8,/Users/ashfaquesami/425_project/data/raw_gtzan/genres_original/reggae/reggae.00033.wav,reggae.00033,/Users/ashfaquesami/425_project/data/clips_10s/reggae_033_0.wav,0.0,10.0,10.0,0,33,,pending,train
reggae_033_1,reggae,8,/Users/ashfaquesami/425_project/data/raw_gtzan/genres_original/reggae/reggae.00033.wav,reggae.00033,/Users/ashfaquesami/425_project/data/clips_10s/reggae_033_1.wav,10.0,20.0,10.0,1,33,,pending,train
reggae_033_2,reggae,8,/Users/ashfaquesami/425_project/data/raw_gtzan/genres_original/reggae/reggae.00033.wav,reggae.00033,/Users/ashfaquesami/425_project/data/clips_10s/reggae_033_2.wav,20.0,30.0,10.0,2,33,,pending,train
reggae_034_0,reggae,8,/Users/ashfaquesami/425_project/data/raw_gtzan/genres_original/reggae/reggae.00034.wav,reggae.00034,/Users/ashfaquesami/425_project/data/clips_10s/reggae_034_0.wav,0.0,10.0,10.0,0,34,,pending,train
reggae_034_1,reggae,8,/Users/ashfaquesami/425_project/data/raw_gtzan/genres_original/reggae/reggae.00034.wav,reggae.00034,/Users/ashfaquesami/425_project/data/clips_10s/reggae_034_1.wav,10.0,20.0,10.0,1,34,,pending,train
reggae_034_2,reggae,8,/Users/ashfaquesami/425_project/data/raw_gtzan/genres_original/reggae/reggae.00034.wav,reggae.00034,/Users/ashfaquesami/425_project/data/clips_10s/reggae_034_2.wav,20.0,30.0,10.0,2,34,,pending,train
reggae_035_0,reggae,8,/Users/ashfaquesami/425_project/data/raw_gtzan/genres_original/reggae/reggae.00035.wav,reggae.00035,/Users/ashfaquesami/425_project/data/clips_10s/reggae_035_0.wav,0.0,10.0,10.0,0,35,,pending,train
reggae_035_1,reggae,8,/Users/ashfaquesami/425_project/data/raw_gtzan/genres_original/reggae/reggae.00035.wav,reggae.00035,/Users/ashfaquesami/425_project/data/clips_10s/reggae_035_1.wav,10.0,20.0,10.0,1,35,,pending,train
reggae_035_2,reggae,8,/Users/ashfaquesami/425_project/data/raw_gtzan/genres_original/reggae/reggae.00035.wav,reggae.00035,/Users/ashfaquesami/425_project/data/clips_10s/reggae_035_2.wav,20.0,30.0,10.0,2,35,,pending,train
reggae_036_0,reggae,8,/Users/ashfaquesami/425_project/data/raw_gtzan/genres_original/reggae/reggae.00036.wav,reggae.00036,/Users/ashfaquesami/425_project/data/clips_10s/reggae_036_0.wav,0.0,10.0,10.0,0,36,,pending,train
reggae_036_1,reggae,8,/Users/ashfaquesami/425_project/data/raw_gtzan/genres_original/reggae/reggae.00036.wav,reggae.00036,/Users/ashfaquesami/425_project/data/clips_10s/reggae_036_1.wav,10.0,20.0,10.0,1,36,,pending,train
reggae_036_2,reggae,8,/Users/ashfaquesami/425_project/data/raw_gtzan/genres_original/reggae/reggae.00036.wav,reggae.00036,/Users/ashfaquesami/425_project/data/clips_10s/reggae_036_2.wav,20.0,30.0,10.0,2,36,,pending,train
reggae_037_0,reggae,8,/Users/ashfaquesami/425_project/data/raw_gtzan/genres_original/reggae/reggae.00037.wav,reggae.00037,/Users/ashfaquesami/425_project/data/clips_10s/reggae_037_0.wav,0.0,10.0,10.0,0,37,,pending,train
reggae_037_1,reggae,8,/Users/ashfaquesami/425_project/data/raw_gtzan/genres_original/reggae/reggae.00037.wav,reggae.00037,/Users/ashfaquesami/425_project/data/clips_10s/reggae_037_1.wav,10.0,20.0,10.0,1,37,,pending,train
reggae_037_2,reggae,8,/Users/ashfaquesami/425_project/data/raw_gtzan/genres_original/reggae/reggae.00037.wav,reggae.00037,/Users/ashfaquesami/425_project/data/clips_10s/reggae_037_2.wav,20.0,30.0,10.0,2,37,,pending,train
reggae_038_0,reggae,8,/Users/ashfaquesami/425_project/data/raw_gtzan/genres_original/reggae/reggae.00038.wav,reggae.00038,/Users/ashfaquesami/425_project/data/clips_10s/reggae_038_0.wav,0.0,10.0,10.0,0,38,,pending,train
reggae_038_1,reggae,8,/Users/ashfaquesami/425_project/data/raw_gtzan/genres_original/reggae/reggae.00038.wav,reggae.00038,/Users/ashfaquesami/425_project/data/clips_10s/reggae_038_1.wav,10.0,20.0,10.0,1,38,,pending,train
reggae_038_2,reggae,8,/Users/ashfaquesami/425_project/data/raw_gtzan/genres_original/reggae/reggae.00038.wav,reggae.00038,/Users/ashfaquesami/425_project/data/clips_10s/reggae_038_2.wav,20.0,30.0,10.0,2,38,,pending,train
reggae_039_0,reggae,8,/Users/ashfaquesami/425_project/data/raw_gtzan/genres_original/reggae/reggae.00039.wav,reggae.00039,/Users/ashfaquesami/425_project/data/clips_10s/reggae_039_0.wav,0.0,10.0,10.0,0,39,,pending,val
reggae_039_1,reggae,8,/Users/ashfaquesami/425_project/data/raw_gtzan/genres_original/reggae/reggae.00039.wav,reggae.00039,/Users/ashfaquesami/425_project/data/clips_10s/reggae_039_1.wav,10.0,20.0,10.0,1,39,,pending,val
reggae_039_2,reggae,8,/Users/ashfaquesami/425_project/data/raw_gtzan/genres_original/reggae/reggae.00039.wav,reggae.00039,/Users/ashfaquesami/425_project/data/clips_10s/reggae_039_2.wav,20.0,30.0,10.0,2,39,,pending,val
reggae_040_0,reggae,8,/Users/ashfaquesami/425_project/data/raw_gtzan/genres_original/reggae/reggae.00040.wav,reggae.00040,/Users/ashfaquesami/425_project/data/clips_10s/reggae_040_0.wav,0.0,10.0,10.0,0,40,,pending,val
reggae_040_1,reggae,8,/Users/ashfaquesami/425_project/data/raw_gtzan/genres_original/reggae/reggae.00040.wav,reggae.00040,/Users/ashfaquesami/425_project/data/clips_10s/reggae_040_1.wav,10.0,20.0,10.0,1,40,,pending,val
reggae_040_2,reggae,8,/Users/ashfaquesami/425_project/data/raw_gtzan/genres_original/reggae/reggae.00040.wav,reggae.00040,/Users/ashfaquesami/425_project/data/clips_10s/reggae_040_2.wav,20.0,30.0,10.0,2,40,,pending,val
reggae_041_0,reggae,8,/Users/ashfaquesami/425_project/data/raw_gtzan/genres_original/reggae/reggae.00041.wav,reggae.00041,/Users/ashfaquesami/425_project/data/clips_10s/reggae_041_0.wav,0.0,10.0,10.0,0,41,,pending,test
reggae_041_1,reggae,8,/Users/ashfaquesami/425_project/data/raw_gtzan/genres_original/reggae/reggae.00041.wav,reggae.00041,/Users/ashfaquesami/425_project/data/clips_10s/reggae_041_1.wav,10.0,20.0,10.0,1,41,,pending,test
reggae_041_2,reggae,8,/Users/ashfaquesami/425_project/data/raw_gtzan/genres_original/reggae/reggae.00041.wav,reggae.00041,/Users/ashfaquesami/425_project/data/clips_10s/reggae_041_2.wav,20.0,30.0,10.0,2,41,,pending,test
reggae_042_0,reggae,8,/Users/ashfaquesami/425_project/data/raw_gtzan/genres_original/reggae/reggae.00042.wav,reggae.00042,/Users/ashfaquesami/425_project/data/clips_10s/reggae_042_0.wav,0.0,10.0,10.0,0,42,,pending,train
reggae_042_1,reggae,8,/Users/ashfaquesami/425_project/data/raw_gtzan/genres_original/reggae/reggae.00042.wav,reggae.00042,/Users/ashfaquesami/425_project/data/clips_10s/reggae_042_1.wav,10.0,20.0,10.0,1,42,,pending,train
reggae_042_2,reggae,8,/Users/ashfaquesami/425_project/data/raw_gtzan/genres_original/reggae/reggae.00042.wav,reggae.00042,/Users/ashfaquesami/425_project/data/clips_10s/reggae_042_2.wav,20.0,30.0,10.0,2,42,,pending,train
reggae_043_0,reggae,8,/Users/ashfaquesami/425_project/data/raw_gtzan/genres_original/reggae/reggae.00043.wav,reggae.00043,/Users/ashfaquesami/425_project/data/clips_10s/reggae_043_0.wav,0.0,10.0,10.0,0,43,,pending,train
reggae_043_1,reggae,8,/Users/ashfaquesami/425_project/data/raw_gtzan/genres_original/reggae/reggae.00043.wav,reggae.00043,/Users/ashfaquesami/425_project/data/clips_10s/reggae_043_1.wav,10.0,20.0,10.0,1,43,,pending,train
reggae_043_2,reggae,8,/Users/ashfaquesami/425_project/data/raw_gtzan/genres_original/reggae/reggae.00043.wav,reggae.00043,/Users/ashfaquesami/425_project/data/clips_10s/reggae_043_2.wav,20.0,30.0,10.0,2,43,,pending,train
reggae_044_0,reggae,8,/Users/ashfaquesami/425_project/data/raw_gtzan/genres_original/reggae/reggae.00044.wav,reggae.00044,/Users/ashfaquesami/425_project/data/clips_10s/reggae_044_0.wav,0.0,10.0,10.0,0,44,,pending,train
reggae_044_1,reggae,8,/Users/ashfaquesami/425_project/data/raw_gtzan/genres_original/reggae/reggae.00044.wav,reggae.00044,/Users/ashfaquesami/425_project/data/clips_10s/reggae_044_1.wav,10.0,20.0,10.0,1,44,,pending,train
reggae_044_2,reggae,8,/Users/ashfaquesami/425_project/data/raw_gtzan/genres_original/reggae/reggae.00044.wav,reggae.00044,/Users/ashfaquesami/425_project/data/clips_10s/reggae_044_2.wav,20.0,30.0,10.0,2,44,,pending,train
reggae_045_0,reggae,8,/Users/ashfaquesami/425_project/data/raw_gtzan/genres_original/reggae/reggae.00045.wav,reggae.00045,/Users/ashfaquesami/425_project/data/clips_10s/reggae_045_0.wav,0.0,10.0,10.0,0,45,,pending,train
reggae_045_1,reggae,8,/Users/ashfaquesami/425_project/data/raw_gtzan/genres_original/reggae/reggae.00045.wav,reggae.00045,/Users/ashfaquesami/425_project/data/clips_10s/reggae_045_1.wav,10.0,20.0,10.0,1,45,,pending,train
reggae_045_2,reggae,8,/Users/ashfaquesami/425_project/data/raw_gtzan/genres_original/reggae/reggae.00045.wav,reggae.00045,/Users/ashfaquesami/425_project/data/clips_10s/reggae_045_2.wav,20.0,30.0,10.0,2,45,,pending,train
reggae_046_0,reggae,8,/Users/ashfaquesami/425_project/data/raw_gtzan/genres_original/reggae/reggae.00046.wav,reggae.00046,/Users/ashfaquesami/425_project/data/clips_10s/reggae_046_0.wav,0.0,10.0,10.0,0,46,,pending,train
reggae_046_1,reggae,8,/Users/ashfaquesami/425_project/data/raw_gtzan/genres_original/reggae/reggae.00046.wav,reggae.00046,/Users/ashfaquesami/425_project/data/clips_10s/reggae_046_1.wav,10.0,20.0,10.0,1,46,,pending,train
reggae_046_2,reggae,8,/Users/ashfaquesami/425_project/data/raw_gtzan/genres_original/reggae/reggae.00046.wav,reggae.00046,/Users/ashfaquesami/425_project/data/clips_10s/reggae_046_2.wav,20.0,30.0,10.0,2,46,,pending,train
reggae_047_0,reggae,8,/Users/ashfaquesami/425_project/data/raw_gtzan/genres_original/reggae/reggae.00047.wav,reggae.00047,/Users/ashfaquesami/425_project/data/clips_10s/reggae_047_0.wav,0.0,10.0,10.0,0,47,,pending,val
reggae_047_1,reggae,8,/Users/ashfaquesami/425_project/data/raw_gtzan/genres_original/reggae/reggae.00047.wav,reggae.00047,/Users/ashfaquesami/425_project/data/clips_10s/reggae_047_1.wav,10.0,20.0,10.0,1,47,,pending,val
reggae_047_2,reggae,8,/Users/ashfaquesami/425_project/data/raw_gtzan/genres_original/reggae/reggae.00047.wav,reggae.00047,/Users/ashfaquesami/425_project/data/clips_10s/reggae_047_2.wav,20.0,30.0,10.0,2,47,,pending,val
reggae_048_0,reggae,8,/Users/ashfaquesami/425_project/data/raw_gtzan/genres_original/reggae/reggae.00048.wav,reggae.00048,/Users/ashfaquesami/425_project/data/clips_10s/reggae_048_0.wav,0.0,10.0,10.0,0,48,,pending,val
reggae_048_1,reggae,8,/Users/ashfaquesami/425_project/data/raw_gtzan/genres_original/reggae/reggae.00048.wav,reggae.00048,/Users/ashfaquesami/425_project/data/clips_10s/reggae_048_1.wav,10.0,20.0,10.0,1,48,,pending,val
reggae_048_2,reggae,8,/Users/ashfaquesami/425_project/data/raw_gtzan/genres_original/reggae/reggae.00048.wav,reggae.00048,/Users/ashfaquesami/425_project/data/clips_10s/reggae_048_2.wav,20.0,30.0,10.0,2,48,,pending,val
reggae_049_0,reggae,8,/Users/ashfaquesami/425_project/data/raw_gtzan/genres_original/reggae/reggae.00049.wav,reggae.00049,/Users/ashfaquesami/425_project/data/clips_10s/reggae_049_0.wav,0.0,10.0,10.0,0,49,,pending,train
reggae_049_1,reggae,8,/Users/ashfaquesami/425_project/data/raw_gtzan/genres_original/reggae/reggae.00049.wav,reggae.00049,/Users/ashfaquesami/425_project/data/clips_10s/reggae_049_1.wav,10.0,20.0,10.0,1,49,,pending,train
reggae_049_2,reggae,8,/Users/ashfaquesami/425_project/data/raw_gtzan/genres_original/reggae/reggae.00049.wav,reggae.00049,/Users/ashfaquesami/425_project/data/clips_10s/reggae_049_2.wav,20.0,30.0,10.0,2,49,,pending,train
reggae_050_0,reggae,8,/Users/ashfaquesami/425_project/data/raw_gtzan/genres_original/reggae/reggae.00050.wav,reggae.00050,/Users/ashfaquesami/425_project/data/clips_10s/reggae_050_0.wav,0.0,10.0,10.0,0,50,,pending,train
reggae_050_1,reggae,8,/Users/ashfaquesami/425_project/data/raw_gtzan/genres_original/reggae/reggae.00050.wav,reggae.00050,/Users/ashfaquesami/425_project/data/clips_10s/reggae_050_1.wav,10.0,20.0,10.0,1,50,,pending,train
reggae_050_2,reggae,8,/Users/ashfaquesami/425_project/data/raw_gtzan/genres_original/reggae/reggae.00050.wav,reggae.00050,/Users/ashfaquesami/425_project/data/clips_10s/reggae_050_2.wav,20.0,30.0,10.0,2,50,,pending,train
reggae_051_0,reggae,8,/Users/ashfaquesami/425_project/data/raw_gtzan/genres_original/reggae/reggae.00051.wav,reggae.00051,/Users/ashfaquesami/425_project/data/clips_10s/reggae_051_0.wav,0.0,10.0,10.0,0,51,,pending,train
reggae_051_1,reggae,8,/Users/ashfaquesami/425_project/data/raw_gtzan/genres_original/reggae/reggae.00051.wav,reggae.00051,/Users/ashfaquesami/425_project/data/clips_10s/reggae_051_1.wav,10.0,20.0,10.0,1,51,,pending,train
reggae_051_2,reggae,8,/Users/ashfaquesami/425_project/data/raw_gtzan/genres_original/reggae/reggae.00051.wav,reggae.00051,/Users/ashfaquesami/425_project/data/clips_10s/reggae_051_2.wav,20.0,30.0,10.0,2,51,,pending,train
reggae_052_0,reggae,8,/Users/ashfaquesami/425_project/data/raw_gtzan/genres_original/reggae/reggae.00052.wav,reggae.00052,/Users/ashfaquesami/425_project/data/clips_10s/reggae_052_0.wav,0.0,10.0,10.0,0,52,,pending,train
reggae_052_1,reggae,8,/Users/ashfaquesami/425_project/data/raw_gtzan/genres_original/reggae/reggae.00052.wav,reggae.00052,/Users/ashfaquesami/425_project/data/clips_10s/reggae_052_1.wav,10.0,20.0,10.0,1,52,,pending,train
reggae_052_2,reggae,8,/Users/ashfaquesami/425_project/data/raw_gtzan/genres_original/reggae/reggae.00052.wav,reggae.00052,/Users/ashfaquesami/425_project/data/clips_10s/reggae_052_2.wav,20.0,30.0,10.0,2,52,,pending,train
reggae_053_0,reggae,8,/Users/ashfaquesami/425_project/data/raw_gtzan/genres_original/reggae/reggae.00053.wav,reggae.00053,/Users/ashfaquesami/425_project/data/clips_10s/reggae_053_0.wav,0.0,10.0,10.0,0,53,,pending,train
reggae_053_1,reggae,8,/Users/ashfaquesami/425_project/data/raw_gtzan/genres_original/reggae/reggae.00053.wav,reggae.00053,/Users/ashfaquesami/425_project/data/clips_10s/reggae_053_1.wav,10.0,20.0,10.0,1,53,,pending,train
reggae_053_2,reggae,8,/Users/ashfaquesami/425_project/data/raw_gtzan/genres_original/reggae/reggae.00053.wav,reggae.00053,/Users/ashfaquesami/425_project/data/clips_10s/reggae_053_2.wav,20.0,30.0,10.0,2,53,,pending,train
reggae_054_0,reggae,8,/Users/ashfaquesami/425_project/data/raw_gtzan/genres_original/reggae/reggae.00054.wav,reggae.00054,/Users/ashfaquesami/425_project/data/clips_10s/reggae_054_0.wav,0.0,10.0,10.0,0,54,,pending,train
reggae_054_1,reggae,8,/Users/ashfaquesami/425_project/data/raw_gtzan/genres_original/reggae/reggae.00054.wav,reggae.00054,/Users/ashfaquesami/425_project/data/clips_10s/reggae_054_1.wav,10.0,20.0,10.0,1,54,,pending,train
reggae_054_2,reggae,8,/Users/ashfaquesami/425_project/data/raw_gtzan/genres_original/reggae/reggae.00054.wav,reggae.00054,/Users/ashfaquesami/425_project/data/clips_10s/reggae_054_2.wav,20.0,30.0,10.0,2,54,,pending,train
reggae_055_0,reggae,8,/Users/ashfaquesami/425_project/data/raw_gtzan/genres_original/reggae/reggae.00055.wav,reggae.00055,/Users/ashfaquesami/425_project/data/clips_10s/reggae_055_0.wav,0.0,10.0,10.0,0,55,,pending,train
reggae_055_1,reggae,8,/Users/ashfaquesami/425_project/data/raw_gtzan/genres_original/reggae/reggae.00055.wav,reggae.00055,/Users/ashfaquesami/425_project/data/clips_10s/reggae_055_1.wav,10.0,20.0,10.0,1,55,,pending,train
reggae_055_2,reggae,8,/Users/ashfaquesami/425_project/data/raw_gtzan/genres_original/reggae/reggae.00055.wav,reggae.00055,/Users/ashfaquesami/425_project/data/clips_10s/reggae_055_2.wav,20.0,30.0,10.0,2,55,,pending,train
reggae_056_0,reggae,8,/Users/ashfaquesami/425_project/data/raw_gtzan/genres_original/reggae/reggae.00056.wav,reggae.00056,/Users/ashfaquesami/425_project/data/clips_10s/reggae_056_0.wav,0.0,10.0,10.0,0,56,,pending,train
reggae_056_1,reggae,8,/Users/ashfaquesami/425_project/data/raw_gtzan/genres_original/reggae/reggae.00056.wav,reggae.00056,/Users/ashfaquesami/425_project/data/clips_10s/reggae_056_1.wav,10.0,20.0,10.0,1,56,,pending,train
reggae_056_2,reggae,8,/Users/ashfaquesami/425_project/data/raw_gtzan/genres_original/reggae/reggae.00056.wav,reggae.00056,/Users/ashfaquesami/425_project/data/clips_10s/reggae_056_2.wav,20.0,30.0,10.0,2,56,,pending,train
reggae_057_0,reggae,8,/Users/ashfaquesami/425_project/data/raw_gtzan/genres_original/reggae/reggae.00057.wav,reggae.00057,/Users/ashfaquesami/425_project/data/clips_10s/reggae_057_0.wav,0.0,10.0,10.0,0,57,,pending,test
reggae_057_1,reggae,8,/Users/ashfaquesami/425_project/data/raw_gtzan/genres_original/reggae/reggae.00057.wav,reggae.00057,/Users/ashfaquesami/425_project/data/clips_10s/reggae_057_1.wav,10.0,20.0,10.0,1,57,,pending,test
reggae_057_2,reggae,8,/Users/ashfaquesami/425_project/data/raw_gtzan/genres_original/reggae/reggae.00057.wav,reggae.00057,/Users/ashfaquesami/425_project/data/clips_10s/reggae_057_2.wav,20.0,30.0,10.0,2,57,,pending,test
reggae_058_0,reggae,8,/Users/ashfaquesami/425_project/data/raw_gtzan/genres_original/reggae/reggae.00058.wav,reggae.00058,/Users/ashfaquesami/425_project/data/clips_10s/reggae_058_0.wav,0.0,10.0,10.0,0,58,,pending,train
reggae_058_1,reggae,8,/Users/ashfaquesami/425_project/data/raw_gtzan/genres_original/reggae/reggae.00058.wav,reggae.00058,/Users/ashfaquesami/425_project/data/clips_10s/reggae_058_1.wav,10.0,20.0,10.0,1,58,,pending,train
reggae_058_2,reggae,8,/Users/ashfaquesami/425_project/data/raw_gtzan/genres_original/reggae/reggae.00058.wav,reggae.00058,/Users/ashfaquesami/425_project/data/clips_10s/reggae_058_2.wav,20.0,30.0,10.0,2,58,,pending,train
reggae_059_0,reggae,8,/Users/ashfaquesami/425_project/data/raw_gtzan/genres_original/reggae/reggae.00059.wav,reggae.00059,/Users/ashfaquesami/425_project/data/clips_10s/reggae_059_0.wav,0.0,10.0,10.0,0,59,,pending,train
reggae_059_1,reggae,8,/Users/ashfaquesami/425_project/data/raw_gtzan/genres_original/reggae/reggae.00059.wav,reggae.00059,/Users/ashfaquesami/425_project/data/clips_10s/reggae_059_1.wav,10.0,20.0,10.0,1,59,,pending,train
reggae_059_2,reggae,8,/Users/ashfaquesami/425_project/data/raw_gtzan/genres_original/reggae/reggae.00059.wav,reggae.00059,/Users/ashfaquesami/425_project/data/clips_10s/reggae_059_2.wav,20.0,30.0,10.0,2,59,,pending,train
reggae_060_0,reggae,8,/Users/ashfaquesami/425_project/data/raw_gtzan/genres_original/reggae/reggae.00060.wav,reggae.00060,/Users/ashfaquesami/425_project/data/clips_10s/reggae_060_0.wav,0.0,10.0,10.0,0,60,,pending,train
reggae_060_1,reggae,8,/Users/ashfaquesami/425_project/data/raw_gtzan/genres_original/reggae/reggae.00060.wav,reggae.00060,/Users/ashfaquesami/425_project/data/clips_10s/reggae_060_1.wav,10.0,20.0,10.0,1,60,,pending,train
reggae_060_2,reggae,8,/Users/ashfaquesami/425_project/data/raw_gtzan/genres_original/reggae/reggae.00060.wav,reggae.00060,/Users/ashfaquesami/425_project/data/clips_10s/reggae_060_2.wav,20.0,30.0,10.0,2,60,,pending,train
reggae_061_0,reggae,8,/Users/ashfaquesami/425_project/data/raw_gtzan/genres_original/reggae/reggae.00061.wav,reggae.00061,/Users/ashfaquesami/425_project/data/clips_10s/reggae_061_0.wav,0.0,10.0,10.0,0,61,,pending,test
reggae_061_1,reggae,8,/Users/ashfaquesami/425_project/data/raw_gtzan/genres_original/reggae/reggae.00061.wav,reggae.00061,/Users/ashfaquesami/425_project/data/clips_10s/reggae_061_1.wav,10.0,20.0,10.0,1,61,,pending,test
reggae_061_2,reggae,8,/Users/ashfaquesami/425_project/data/raw_gtzan/genres_original/reggae/reggae.00061.wav,reggae.00061,/Users/ashfaquesami/425_project/data/clips_10s/reggae_061_2.wav,20.0,30.0,10.0,2,61,,pending,test
reggae_062_0,reggae,8,/Users/ashfaquesami/425_project/data/raw_gtzan/genres_original/reggae/reggae.00062.wav,reggae.00062,/Users/ashfaquesami/425_project/data/clips_10s/reggae_062_0.wav,0.0,10.0,10.0,0,62,,pending,train
reggae_062_1,reggae,8,/Users/ashfaquesami/425_project/data/raw_gtzan/genres_original/reggae/reggae.00062.wav,reggae.00062,/Users/ashfaquesami/425_project/data/clips_10s/reggae_062_1.wav,10.0,20.0,10.0,1,62,,pending,train
reggae_062_2,reggae,8,/Users/ashfaquesami/425_project/data/raw_gtzan/genres_original/reggae/reggae.00062.wav,reggae.00062,/Users/ashfaquesami/425_project/data/clips_10s/reggae_062_2.wav,20.0,30.0,10.0,2,62,,pending,train
reggae_063_0,reggae,8,/Users/ashfaquesami/425_project/data/raw_gtzan/genres_original/reggae/reggae.00063.wav,reggae.00063,/Users/ashfaquesami/425_project/data/clips_10s/reggae_063_0.wav,0.0,10.0,10.0,0,63,,pending,test
reggae_063_1,reggae,8,/Users/ashfaquesami/425_project/data/raw_gtzan/genres_original/reggae/reggae.00063.wav,reggae.00063,/Users/ashfaquesami/425_project/data/clips_10s/reggae_063_1.wav,10.0,20.0,10.0,1,63,,pending,test
reggae_063_2,reggae,8,/Users/ashfaquesami/425_project/data/raw_gtzan/genres_original/reggae/reggae.00063.wav,reggae.00063,/Users/ashfaquesami/425_project/data/clips_10s/reggae_063_2.wav,20.0,30.0,10.0,2,63,,pending,test
reggae_064_0,reggae,8,/Users/ashfaquesami/425_project/data/raw_gtzan/genres_original/reggae/reggae.00064.wav,reggae.00064,/Users/ashfaquesami/425_project/data/clips_10s/reggae_064_0.wav,0.0,10.0,10.0,0,64,,pending,train
reggae_064_1,reggae,8,/Users/ashfaquesami/425_project/data/raw_gtzan/genres_original/reggae/reggae.00064.wav,reggae.00064,/Users/ashfaquesami/425_project/data/clips_10s/reggae_064_1.wav,10.0,20.0,10.0,1,64,,pending,train
reggae_064_2,reggae,8,/Users/ashfaquesami/425_project/data/raw_gtzan/genres_original/reggae/reggae.00064.wav,reggae.00064,/Users/ashfaquesami/425_project/data/clips_10s/reggae_064_2.wav,20.0,30.0,10.0,2,64,,pending,train
reggae_065_0,reggae,8,/Users/ashfaquesami/425_project/data/raw_gtzan/genres_original/reggae/reggae.00065.wav,reggae.00065,/Users/ashfaquesami/425_project/data/clips_10s/reggae_065_0.wav,0.0,10.0,10.0,0,65,,pending,train
reggae_065_1,reggae,8,/Users/ashfaquesami/425_project/data/raw_gtzan/genres_original/reggae/reggae.00065.wav,reggae.00065,/Users/ashfaquesami/425_project/data/clips_10s/reggae_065_1.wav,10.0,20.0,10.0,1,65,,pending,train
reggae_065_2,reggae,8,/Users/ashfaquesami/425_project/data/raw_gtzan/genres_original/reggae/reggae.00065.wav,reggae.00065,/Users/ashfaquesami/425_project/data/clips_10s/reggae_065_2.wav,20.0,30.0,10.0,2,65,,pending,train
reggae_066_0,reggae,8,/Users/ashfaquesami/425_project/data/raw_gtzan/genres_original/reggae/reggae.00066.wav,reggae.00066,/Users/ashfaquesami/425_project/data/clips_10s/reggae_066_0.wav,0.0,10.0,10.0,0,66,,pending,train
reggae_066_1,reggae,8,/Users/ashfaquesami/425_project/data/raw_gtzan/genres_original/reggae/reggae.00066.wav,reggae.00066,/Users/ashfaquesami/425_project/data/clips_10s/reggae_066_1.wav,10.0,20.0,10.0,1,66,,pending,train
reggae_066_2,reggae,8,/Users/ashfaquesami/425_project/data/raw_gtzan/genres_original/reggae/reggae.00066.wav,reggae.00066,/Users/ashfaquesami/425_project/data/clips_10s/reggae_066_2.wav,20.0,30.0,10.0,2,66,,pending,train
reggae_067_0,reggae,8,/Users/ashfaquesami/425_project/data/raw_gtzan/genres_original/reggae/reggae.00067.wav,reggae.00067,/Users/ashfaquesami/425_project/data/clips_10s/reggae_067_0.wav,0.0,10.0,10.0,0,67,,pending,train
reggae_067_1,reggae,8,/Users/ashfaquesami/425_project/data/raw_gtzan/genres_original/reggae/reggae.00067.wav,reggae.00067,/Users/ashfaquesami/425_project/data/clips_10s/reggae_067_1.wav,10.0,20.0,10.0,1,67,,pending,train
reggae_067_2,reggae,8,/Users/ashfaquesami/425_project/data/raw_gtzan/genres_original/reggae/reggae.00067.wav,reggae.00067,/Users/ashfaquesami/425_project/data/clips_10s/reggae_067_2.wav,20.0,30.0,10.0,2,67,,pending,train
reggae_068_0,reggae,8,/Users/ashfaquesami/425_project/data/raw_gtzan/genres_original/reggae/reggae.00068.wav,reggae.00068,/Users/ashfaquesami/425_project/data/clips_10s/reggae_068_0.wav,0.0,10.0,10.0,0,68,,pending,train
reggae_068_1,reggae,8,/Users/ashfaquesami/425_project/data/raw_gtzan/genres_original/reggae/reggae.00068.wav,reggae.00068,/Users/ashfaquesami/425_project/data/clips_10s/reggae_068_1.wav,10.0,20.0,10.0,1,68,,pending,train
reggae_068_2,reggae,8,/Users/ashfaquesami/425_project/data/raw_gtzan/genres_original/reggae/reggae.00068.wav,reggae.00068,/Users/ashfaquesami/425_project/data/clips_10s/reggae_068_2.wav,20.0,30.0,10.0,2,68,,pending,train
reggae_069_0,reggae,8,/Users/ashfaquesami/425_project/data/raw_gtzan/genres_original/reggae/reggae.00069.wav,reggae.00069,/Users/ashfaquesami/425_project/data/clips_10s/reggae_069_0.wav,0.0,10.0,10.0,0,69,,pending,train
reggae_069_1,reggae,8,/Users/ashfaquesami/425_project/data/raw_gtzan/genres_original/reggae/reggae.00069.wav,reggae.00069,/Users/ashfaquesami/425_project/data/clips_10s/reggae_069_1.wav,10.0,20.0,10.0,1,69,,pending,train
reggae_069_2,reggae,8,/Users/ashfaquesami/425_project/data/raw_gtzan/genres_original/reggae/reggae.00069.wav,reggae.00069,/Users/ashfaquesami/425_project/data/clips_10s/reggae_069_2.wav,20.0,30.0,10.0,2,69,,pending,train
reggae_070_0,reggae,8,/Users/ashfaquesami/425_project/data/raw_gtzan/genres_original/reggae/reggae.00070.wav,reggae.00070,/Users/ashfaquesami/425_project/data/clips_10s/reggae_070_0.wav,0.0,10.0,10.0,0,70,,pending,train
reggae_070_1,reggae,8,/Users/ashfaquesami/425_project/data/raw_gtzan/genres_original/reggae/reggae.00070.wav,reggae.00070,/Users/ashfaquesami/425_project/data/clips_10s/reggae_070_1.wav,10.0,20.0,10.0,1,70,,pending,train
reggae_070_2,reggae,8,/Users/ashfaquesami/425_project/data/raw_gtzan/genres_original/reggae/reggae.00070.wav,reggae.00070,/Users/ashfaquesami/425_project/data/clips_10s/reggae_070_2.wav,20.0,30.0,10.0,2,70,,pending,train
reggae_071_0,reggae,8,/Users/ashfaquesami/425_project/data/raw_gtzan/genres_original/reggae/reggae.00071.wav,reggae.00071,/Users/ashfaquesami/425_project/data/clips_10s/reggae_071_0.wav,0.0,10.0,10.0,0,71,,pending,train
reggae_071_1,reggae,8,/Users/ashfaquesami/425_project/data/raw_gtzan/genres_original/reggae/reggae.00071.wav,reggae.00071,/Users/ashfaquesami/425_project/data/clips_10s/reggae_071_1.wav,10.0,20.0,10.0,1,71,,pending,train
reggae_071_2,reggae,8,/Users/ashfaquesami/425_project/data/raw_gtzan/genres_original/reggae/reggae.00071.wav,reggae.00071,/Users/ashfaquesami/425_project/data/clips_10s/reggae_071_2.wav,20.0,30.0,10.0,2,71,,pending,train
reggae_072_0,reggae,8,/Users/ashfaquesami/425_project/data/raw_gtzan/genres_original/reggae/reggae.00072.wav,reggae.00072,/Users/ashfaquesami/425_project/data/clips_10s/reggae_072_0.wav,0.0,10.0,10.0,0,72,,pending,test
reggae_072_1,reggae,8,/Users/ashfaquesami/425_project/data/raw_gtzan/genres_original/reggae/reggae.00072.wav,reggae.00072,/Users/ashfaquesami/425_project/data/clips_10s/reggae_072_1.wav,10.0,20.0,10.0,1,72,,pending,test
reggae_072_2,reggae,8,/Users/ashfaquesami/425_project/data/raw_gtzan/genres_original/reggae/reggae.00072.wav,reggae.00072,/Users/ashfaquesami/425_project/data/clips_10s/reggae_072_2.wav,20.0,30.0,10.0,2,72,,pending,test
reggae_073_0,reggae,8,/Users/ashfaquesami/425_project/data/raw_gtzan/genres_original/reggae/reggae.00073.wav,reggae.00073,/Users/ashfaquesami/425_project/data/clips_10s/reggae_073_0.wav,0.0,10.0,10.0,0,73,,pending,train
reggae_073_1,reggae,8,/Users/ashfaquesami/425_project/data/raw_gtzan/genres_original/reggae/reggae.00073.wav,reggae.00073,/Users/ashfaquesami/425_project/data/clips_10s/reggae_073_1.wav,10.0,20.0,10.0,1,73,,pending,train
reggae_073_2,reggae,8,/Users/ashfaquesami/425_project/data/raw_gtzan/genres_original/reggae/reggae.00073.wav,reggae.00073,/Users/ashfaquesami/425_project/data/clips_10s/reggae_073_2.wav,20.0,30.0,10.0,2,73,,pending,train
reggae_074_0,reggae,8,/Users/ashfaquesami/425_project/data/raw_gtzan/genres_original/reggae/reggae.00074.wav,reggae.00074,/Users/ashfaquesami/425_project/data/clips_10s/reggae_074_0.wav,0.0,10.0,10.0,0,74,,pending,train
reggae_074_1,reggae,8,/Users/ashfaquesami/425_project/data/raw_gtzan/genres_original/reggae/reggae.00074.wav,reggae.00074,/Users/ashfaquesami/425_project/data/clips_10s/reggae_074_1.wav,10.0,20.0,10.0,1,74,,pending,train
reggae_074_2,reggae,8,/Users/ashfaquesami/425_project/data/raw_gtzan/genres_original/reggae/reggae.00074.wav,reggae.00074,/Users/ashfaquesami/425_project/data/clips_10s/reggae_074_2.wav,20.0,30.0,10.0,2,74,,pending,train
reggae_075_0,reggae,8,/Users/ashfaquesami/425_project/data/raw_gtzan/genres_original/reggae/reggae.00075.wav,reggae.00075,/Users/ashfaquesami/425_project/data/clips_10s/reggae_075_0.wav,0.0,10.0,10.0,0,75,,pending,val
reggae_075_1,reggae,8,/Users/ashfaquesami/425_project/data/raw_gtzan/genres_original/reggae/reggae.00075.wav,reggae.00075,/Users/ashfaquesami/425_project/data/clips_10s/reggae_075_1.wav,10.0,20.0,10.0,1,75,,pending,val
reggae_075_2,reggae,8,/Users/ashfaquesami/425_project/data/raw_gtzan/genres_original/reggae/reggae.00075.wav,reggae.00075,/Users/ashfaquesami/425_project/data/clips_10s/reggae_075_2.wav,20.0,30.0,10.0,2,75,,pending,val
reggae_076_0,reggae,8,/Users/ashfaquesami/425_project/data/raw_gtzan/genres_original/reggae/reggae.00076.wav,reggae.00076,/Users/ashfaquesami/425_project/data/clips_10s/reggae_076_0.wav,0.0,10.0,10.0,0,76,,pending,test
reggae_076_1,reggae,8,/Users/ashfaquesami/425_project/data/raw_gtzan/genres_original/reggae/reggae.00076.wav,reggae.00076,/Users/ashfaquesami/425_project/data/clips_10s/reggae_076_1.wav,10.0,20.0,10.0,1,76,,pending,test
reggae_076_2,reggae,8,/Users/ashfaquesami/425_project/data/raw_gtzan/genres_original/reggae/reggae.00076.wav,reggae.00076,/Users/ashfaquesami/425_project/data/clips_10s/reggae_076_2.wav,20.0,30.0,10.0,2,76,,pending,test
reggae_077_0,reggae,8,/Users/ashfaquesami/425_project/data/raw_gtzan/genres_original/reggae/reggae.00077.wav,reggae.00077,/Users/ashfaquesami/425_project/data/clips_10s/reggae_077_0.wav,0.0,10.0,10.0,0,77,,pending,train
reggae_077_1,reggae,8,/Users/ashfaquesami/425_project/data/raw_gtzan/genres_original/reggae/reggae.00077.wav,reggae.00077,/Users/ashfaquesami/425_project/data/clips_10s/reggae_077_1.wav,10.0,20.0,10.0,1,77,,pending,train
reggae_077_2,reggae,8,/Users/ashfaquesami/425_project/data/raw_gtzan/genres_original/reggae/reggae.00077.wav,reggae.00077,/Users/ashfaquesami/425_project/data/clips_10s/reggae_077_2.wav,20.0,30.0,10.0,2,77,,pending,train
reggae_078_0,reggae,8,/Users/ashfaquesami/425_project/data/raw_gtzan/genres_original/reggae/reggae.00078.wav,reggae.00078,/Users/ashfaquesami/425_project/data/clips_10s/reggae_078_0.wav,0.0,10.0,10.0,0,78,,pending,val
reggae_078_1,reggae,8,/Users/ashfaquesami/425_project/data/raw_gtzan/genres_original/reggae/reggae.00078.wav,reggae.00078,/Users/ashfaquesami/425_project/data/clips_10s/reggae_078_1.wav,10.0,20.0,10.0,1,78,,pending,val
reggae_078_2,reggae,8,/Users/ashfaquesami/425_project/data/raw_gtzan/genres_original/reggae/reggae.00078.wav,reggae.00078,/Users/ashfaquesami/425_project/data/clips_10s/reggae_078_2.wav,20.0,30.0,10.0,2,78,,pending,val
reggae_079_0,reggae,8,/Users/ashfaquesami/425_project/data/raw_gtzan/genres_original/reggae/reggae.00079.wav,reggae.00079,/Users/ashfaquesami/425_project/data/clips_10s/reggae_079_0.wav,0.0,10.0,10.0,0,79,,pending,val
reggae_079_1,reggae,8,/Users/ashfaquesami/425_project/data/raw_gtzan/genres_original/reggae/reggae.00079.wav,reggae.00079,/Users/ashfaquesami/425_project/data/clips_10s/reggae_079_1.wav,10.0,20.0,10.0,1,79,,pending,val
reggae_079_2,reggae,8,/Users/ashfaquesami/425_project/data/raw_gtzan/genres_original/reggae/reggae.00079.wav,reggae.00079,/Users/ashfaquesami/425_project/data/clips_10s/reggae_079_2.wav,20.0,30.0,10.0,2,79,,pending,val
reggae_080_0,reggae,8,/Users/ashfaquesami/425_project/data/raw_gtzan/genres_original/reggae/reggae.00080.wav,reggae.00080,/Users/ashfaquesami/425_project/data/clips_10s/reggae_080_0.wav,0.0,10.0,10.0,0,80,,pending,val
reggae_080_1,reggae,8,/Users/ashfaquesami/425_project/data/raw_gtzan/genres_original/reggae/reggae.00080.wav,reggae.00080,/Users/ashfaquesami/425_project/data/clips_10s/reggae_080_1.wav,10.0,20.0,10.0,1,80,,pending,val
reggae_080_2,reggae,8,/Users/ashfaquesami/425_project/data/raw_gtzan/genres_original/reggae/reggae.00080.wav,reggae.00080,/Users/ashfaquesami/425_project/data/clips_10s/reggae_080_2.wav,20.0,30.0,10.0,2,80,,pending,val
reggae_081_0,reggae,8,/Users/ashfaquesami/425_project/data/raw_gtzan/genres_original/reggae/reggae.00081.wav,reggae.00081,/Users/ashfaquesami/425_project/data/clips_10s/reggae_081_0.wav,0.0,10.0,10.0,0,81,,pending,train
reggae_081_1,reggae,8,/Users/ashfaquesami/425_project/data/raw_gtzan/genres_original/reggae/reggae.00081.wav,reggae.00081,/Users/ashfaquesami/425_project/data/clips_10s/reggae_081_1.wav,10.0,20.0,10.0,1,81,,pending,train
reggae_081_2,reggae,8,/Users/ashfaquesami/425_project/data/raw_gtzan/genres_original/reggae/reggae.00081.wav,reggae.00081,/Users/ashfaquesami/425_project/data/clips_10s/reggae_081_2.wav,20.0,30.0,10.0,2,81,,pending,train
reggae_082_0,reggae,8,/Users/ashfaquesami/425_project/data/raw_gtzan/genres_original/reggae/reggae.00082.wav,reggae.00082,/Users/ashfaquesami/425_project/data/clips_10s/reggae_082_0.wav,0.0,10.0,10.0,0,82,,pending,train
reggae_082_1,reggae,8,/Users/ashfaquesami/425_project/data/raw_gtzan/genres_original/reggae/reggae.00082.wav,reggae.00082,/Users/ashfaquesami/425_project/data/clips_10s/reggae_082_1.wav,10.0,20.0,10.0,1,82,,pending,train
reggae_082_2,reggae,8,/Users/ashfaquesami/425_project/data/raw_gtzan/genres_original/reggae/reggae.00082.wav,reggae.00082,/Users/ashfaquesami/425_project/data/clips_10s/reggae_082_2.wav,20.0,30.0,10.0,2,82,,pending,train
reggae_083_0,reggae,8,/Users/ashfaquesami/425_project/data/raw_gtzan/genres_original/reggae/reggae.00083.wav,reggae.00083,/Users/ashfaquesami/425_project/data/clips_10s/reggae_083_0.wav,0.0,10.0,10.0,0,83,,pending,train
reggae_083_1,reggae,8,/Users/ashfaquesami/425_project/data/raw_gtzan/genres_original/reggae/reggae.00083.wav,reggae.00083,/Users/ashfaquesami/425_project/data/clips_10s/reggae_083_1.wav,10.0,20.0,10.0,1,83,,pending,train
reggae_083_2,reggae,8,/Users/ashfaquesami/425_project/data/raw_gtzan/genres_original/reggae/reggae.00083.wav,reggae.00083,/Users/ashfaquesami/425_project/data/clips_10s/reggae_083_2.wav,20.0,30.0,10.0,2,83,,pending,train
reggae_084_0,reggae,8,/Users/ashfaquesami/425_project/data/raw_gtzan/genres_original/reggae/reggae.00084.wav,reggae.00084,/Users/ashfaquesami/425_project/data/clips_10s/reggae_084_0.wav,0.0,10.0,10.0,0,84,,pending,train
reggae_084_1,reggae,8,/Users/ashfaquesami/425_project/data/raw_gtzan/genres_original/reggae/reggae.00084.wav,reggae.00084,/Users/ashfaquesami/425_project/data/clips_10s/reggae_084_1.wav,10.0,20.0,10.0,1,84,,pending,train
reggae_084_2,reggae,8,/Users/ashfaquesami/425_project/data/raw_gtzan/genres_original/reggae/reggae.00084.wav,reggae.00084,/Users/ashfaquesami/425_project/data/clips_10s/reggae_084_2.wav,20.0,30.0,10.0,2,84,,pending,train
reggae_085_0,reggae,8,/Users/ashfaquesami/425_project/data/raw_gtzan/genres_original/reggae/reggae.00085.wav,reggae.00085,/Users/ashfaquesami/425_project/data/clips_10s/reggae_085_0.wav,0.0,10.0,10.0,0,85,,pending,train
reggae_085_1,reggae,8,/Users/ashfaquesami/425_project/data/raw_gtzan/genres_original/reggae/reggae.00085.wav,reggae.00085,/Users/ashfaquesami/425_project/data/clips_10s/reggae_085_1.wav,10.0,20.0,10.0,1,85,,pending,train
reggae_085_2,reggae,8,/Users/ashfaquesami/425_project/data/raw_gtzan/genres_original/reggae/reggae.00085.wav,reggae.00085,/Users/ashfaquesami/425_project/data/clips_10s/reggae_085_2.wav,20.0,30.0,10.0,2,85,,pending,train
reggae_086_0,reggae,8,/Users/ashfaquesami/425_project/data/raw_gtzan/genres_original/reggae/reggae.00086.wav,reggae.00086,/Users/ashfaquesami/425_project/data/clips_10s/reggae_086_0.wav,0.0,10.0,10.0,0,86,,pending,train
reggae_086_1,reggae,8,/Users/ashfaquesami/425_project/data/raw_gtzan/genres_original/reggae/reggae.00086.wav,reggae.00086,/Users/ashfaquesami/425_project/data/clips_10s/reggae_086_1.wav,10.0,20.0,10.0,1,86,,pending,train
reggae_086_2,reggae,8,/Users/ashfaquesami/425_project/data/raw_gtzan/genres_original/reggae/reggae.00086.wav,reggae.00086,/Users/ashfaquesami/425_project/data/clips_10s/reggae_086_2.wav,20.0,30.0,10.0,2,86,,pending,train
reggae_087_0,reggae,8,/Users/ashfaquesami/425_project/data/raw_gtzan/genres_original/reggae/reggae.00087.wav,reggae.00087,/Users/ashfaquesami/425_project/data/clips_10s/reggae_087_0.wav,0.0,10.0,10.0,0,87,,pending,train
reggae_087_1,reggae,8,/Users/ashfaquesami/425_project/data/raw_gtzan/genres_original/reggae/reggae.00087.wav,reggae.00087,/Users/ashfaquesami/425_project/data/clips_10s/reggae_087_1.wav,10.0,20.0,10.0,1,87,,pending,train
reggae_087_2,reggae,8,/Users/ashfaquesami/425_project/data/raw_gtzan/genres_original/reggae/reggae.00087.wav,reggae.00087,/Users/ashfaquesami/425_project/data/clips_10s/reggae_087_2.wav,20.0,30.0,10.0,2,87,,pending,train
reggae_088_0,reggae,8,/Users/ashfaquesami/425_project/data/raw_gtzan/genres_original/reggae/reggae.00088.wav,reggae.00088,/Users/ashfaquesami/425_project/data/clips_10s/reggae_088_0.wav,0.0,10.0,10.0,0,88,,pending,train
reggae_088_1,reggae,8,/Users/ashfaquesami/425_project/data/raw_gtzan/genres_original/reggae/reggae.00088.wav,reggae.00088,/Users/ashfaquesami/425_project/data/clips_10s/reggae_088_1.wav,10.0,20.0,10.0,1,88,,pending,train
reggae_088_2,reggae,8,/Users/ashfaquesami/425_project/data/raw_gtzan/genres_original/reggae/reggae.00088.wav,reggae.00088,/Users/ashfaquesami/425_project/data/clips_10s/reggae_088_2.wav,20.0,30.0,10.0,2,88,,pending,train
reggae_089_0,reggae,8,/Users/ashfaquesami/425_project/data/raw_gtzan/genres_original/reggae/reggae.00089.wav,reggae.00089,/Users/ashfaquesami/425_project/data/clips_10s/reggae_089_0.wav,0.0,10.0,10.0,0,89,,pending,train
reggae_089_1,reggae,8,/Users/ashfaquesami/425_project/data/raw_gtzan/genres_original/reggae/reggae.00089.wav,reggae.00089,/Users/ashfaquesami/425_project/data/clips_10s/reggae_089_1.wav,10.0,20.0,10.0,1,89,,pending,train
reggae_089_2,reggae,8,/Users/ashfaquesami/425_project/data/raw_gtzan/genres_original/reggae/reggae.00089.wav,reggae.00089,/Users/ashfaquesami/425_project/data/clips_10s/reggae_089_2.wav,20.0,30.0,10.0,2,89,,pending,train
reggae_090_0,reggae,8,/Users/ashfaquesami/425_project/data/raw_gtzan/genres_original/reggae/reggae.00090.wav,reggae.00090,/Users/ashfaquesami/425_project/data/clips_10s/reggae_090_0.wav,0.0,10.0,10.0,0,90,,pending,val
reggae_090_1,reggae,8,/Users/ashfaquesami/425_project/data/raw_gtzan/genres_original/reggae/reggae.00090.wav,reggae.00090,/Users/ashfaquesami/425_project/data/clips_10s/reggae_090_1.wav,10.0,20.0,10.0,1,90,,pending,val
reggae_090_2,reggae,8,/Users/ashfaquesami/425_project/data/raw_gtzan/genres_original/reggae/reggae.00090.wav,reggae.00090,/Users/ashfaquesami/425_project/data/clips_10s/reggae_090_2.wav,20.0,30.0,10.0,2,90,,pending,val
reggae_091_0,reggae,8,/Users/ashfaquesami/425_project/data/raw_gtzan/genres_original/reggae/reggae.00091.wav,reggae.00091,/Users/ashfaquesami/425_project/data/clips_10s/reggae_091_0.wav,0.0,10.0,10.0,0,91,,pending,train
reggae_091_1,reggae,8,/Users/ashfaquesami/425_project/data/raw_gtzan/genres_original/reggae/reggae.00091.wav,reggae.00091,/Users/ashfaquesami/425_project/data/clips_10s/reggae_091_1.wav,10.0,20.0,10.0,1,91,,pending,train
reggae_091_2,reggae,8,/Users/ashfaquesami/425_project/data/raw_gtzan/genres_original/reggae/reggae.00091.wav,reggae.00091,/Users/ashfaquesami/425_project/data/clips_10s/reggae_091_2.wav,20.0,30.0,10.0,2,91,,pending,train
reggae_092_0,reggae,8,/Users/ashfaquesami/425_project/data/raw_gtzan/genres_original/reggae/reggae.00092.wav,reggae.00092,/Users/ashfaquesami/425_project/data/clips_10s/reggae_092_0.wav,0.0,10.0,10.0,0,92,,pending,train
reggae_092_1,reggae,8,/Users/ashfaquesami/425_project/data/raw_gtzan/genres_original/reggae/reggae.00092.wav,reggae.00092,/Users/ashfaquesami/425_project/data/clips_10s/reggae_092_1.wav,10.0,20.0,10.0,1,92,,pending,train
reggae_092_2,reggae,8,/Users/ashfaquesami/425_project/data/raw_gtzan/genres_original/reggae/reggae.00092.wav,reggae.00092,/Users/ashfaquesami/425_project/data/clips_10s/reggae_092_2.wav,20.0,30.0,10.0,2,92,,pending,train
reggae_093_0,reggae,8,/Users/ashfaquesami/425_project/data/raw_gtzan/genres_original/reggae/reggae.00093.wav,reggae.00093,/Users/ashfaquesami/425_project/data/clips_10s/reggae_093_0.wav,0.0,10.0,10.0,0,93,,pending,train
reggae_093_1,reggae,8,/Users/ashfaquesami/425_project/data/raw_gtzan/genres_original/reggae/reggae.00093.wav,reggae.00093,/Users/ashfaquesami/425_project/data/clips_10s/reggae_093_1.wav,10.0,20.0,10.0,1,93,,pending,train
reggae_093_2,reggae,8,/Users/ashfaquesami/425_project/data/raw_gtzan/genres_original/reggae/reggae.00093.wav,reggae.00093,/Users/ashfaquesami/425_project/data/clips_10s/reggae_093_2.wav,20.0,30.0,10.0,2,93,,pending,train
reggae_094_0,reggae,8,/Users/ashfaquesami/425_project/data/raw_gtzan/genres_original/reggae/reggae.00094.wav,reggae.00094,/Users/ashfaquesami/425_project/data/clips_10s/reggae_094_0.wav,0.0,10.0,10.0,0,94,,pending,train
reggae_094_1,reggae,8,/Users/ashfaquesami/425_project/data/raw_gtzan/genres_original/reggae/reggae.00094.wav,reggae.00094,/Users/ashfaquesami/425_project/data/clips_10s/reggae_094_1.wav,10.0,20.0,10.0,1,94,,pending,train
reggae_094_2,reggae,8,/Users/ashfaquesami/425_project/data/raw_gtzan/genres_original/reggae/reggae.00094.wav,reggae.00094,/Users/ashfaquesami/425_project/data/clips_10s/reggae_094_2.wav,20.0,30.0,10.0,2,94,,pending,train
reggae_095_0,reggae,8,/Users/ashfaquesami/425_project/data/raw_gtzan/genres_original/reggae/reggae.00095.wav,reggae.00095,/Users/ashfaquesami/425_project/data/clips_10s/reggae_095_0.wav,0.0,10.0,10.0,0,95,,pending,train
reggae_095_1,reggae,8,/Users/ashfaquesami/425_project/data/raw_gtzan/genres_original/reggae/reggae.00095.wav,reggae.00095,/Users/ashfaquesami/425_project/data/clips_10s/reggae_095_1.wav,10.0,20.0,10.0,1,95,,pending,train
reggae_095_2,reggae,8,/Users/ashfaquesami/425_project/data/raw_gtzan/genres_original/reggae/reggae.00095.wav,reggae.00095,/Users/ashfaquesami/425_project/data/clips_10s/reggae_095_2.wav,20.0,30.0,10.0,2,95,,pending,train
reggae_096_0,reggae,8,/Users/ashfaquesami/425_project/data/raw_gtzan/genres_original/reggae/reggae.00096.wav,reggae.00096,/Users/ashfaquesami/425_project/data/clips_10s/reggae_096_0.wav,0.0,10.0,10.0,0,96,,pending,train
reggae_096_1,reggae,8,/Users/ashfaquesami/425_project/data/raw_gtzan/genres_original/reggae/reggae.00096.wav,reggae.00096,/Users/ashfaquesami/425_project/data/clips_10s/reggae_096_1.wav,10.0,20.0,10.0,1,96,,pending,train
reggae_096_2,reggae,8,/Users/ashfaquesami/425_project/data/raw_gtzan/genres_original/reggae/reggae.00096.wav,reggae.00096,/Users/ashfaquesami/425_project/data/clips_10s/reggae_096_2.wav,20.0,30.0,10.0,2,96,,pending,train
reggae_097_0,reggae,8,/Users/ashfaquesami/425_project/data/raw_gtzan/genres_original/reggae/reggae.00097.wav,reggae.00097,/Users/ashfaquesami/425_project/data/clips_10s/reggae_097_0.wav,0.0,10.0,10.0,0,97,,pending,val
reggae_097_1,reggae,8,/Users/ashfaquesami/425_project/data/raw_gtzan/genres_original/reggae/reggae.00097.wav,reggae.00097,/Users/ashfaquesami/425_project/data/clips_10s/reggae_097_1.wav,10.0,20.0,10.0,1,97,,pending,val
reggae_097_2,reggae,8,/Users/ashfaquesami/425_project/data/raw_gtzan/genres_original/reggae/reggae.00097.wav,reggae.00097,/Users/ashfaquesami/425_project/data/clips_10s/reggae_097_2.wav,20.0,30.0,10.0,2,97,,pending,val
reggae_098_0,reggae,8,/Users/ashfaquesami/425_project/data/raw_gtzan/genres_original/reggae/reggae.00098.wav,reggae.00098,/Users/ashfaquesami/425_project/data/clips_10s/reggae_098_0.wav,0.0,10.0,10.0,0,98,,pending,test
reggae_098_1,reggae,8,/Users/ashfaquesami/425_project/data/raw_gtzan/genres_original/reggae/reggae.00098.wav,reggae.00098,/Users/ashfaquesami/425_project/data/clips_10s/reggae_098_1.wav,10.0,20.0,10.0,1,98,,pending,test
reggae_098_2,reggae,8,/Users/ashfaquesami/425_project/data/raw_gtzan/genres_original/reggae/reggae.00098.wav,reggae.00098,/Users/ashfaquesami/425_project/data/clips_10s/reggae_098_2.wav,20.0,30.0,10.0,2,98,,pending,test
reggae_099_0,reggae,8,/Users/ashfaquesami/425_project/data/raw_gtzan/genres_original/reggae/reggae.00099.wav,reggae.00099,/Users/ashfaquesami/425_project/data/clips_10s/reggae_099_0.wav,0.0,10.0,10.0,0,99,,pending,train
reggae_099_1,reggae,8,/Users/ashfaquesami/425_project/data/raw_gtzan/genres_original/reggae/reggae.00099.wav,reggae.00099,/Users/ashfaquesami/425_project/data/clips_10s/reggae_099_1.wav,10.0,20.0,10.0,1,99,,pending,train
reggae_099_2,reggae,8,/Users/ashfaquesami/425_project/data/raw_gtzan/genres_original/reggae/reggae.00099.wav,reggae.00099,/Users/ashfaquesami/425_project/data/clips_10s/reggae_099_2.wav,20.0,30.0,10.0,2,99,,pending,train
rock_000_0,rock,9,/Users/ashfaquesami/425_project/data/raw_gtzan/genres_original/rock/rock.00000.wav,rock.00000,/Users/ashfaquesami/425_project/data/clips_10s/rock_000_0.wav,0.0,10.0,10.0,0,0,,pending,train
rock_000_1,rock,9,/Users/ashfaquesami/425_project/data/raw_gtzan/genres_original/rock/rock.00000.wav,rock.00000,/Users/ashfaquesami/425_project/data/clips_10s/rock_000_1.wav,10.0,20.0,10.0,1,0,,pending,train
rock_000_2,rock,9,/Users/ashfaquesami/425_project/data/raw_gtzan/genres_original/rock/rock.00000.wav,rock.00000,/Users/ashfaquesami/425_project/data/clips_10s/rock_000_2.wav,20.0,30.0,10.0,2,0,,pending,train
rock_001_0,rock,9,/Users/ashfaquesami/425_project/data/raw_gtzan/genres_original/rock/rock.00001.wav,rock.00001,/Users/ashfaquesami/425_project/data/clips_10s/rock_001_0.wav,0.0,10.0,10.0,0,1,,pending,train
rock_001_1,rock,9,/Users/ashfaquesami/425_project/data/raw_gtzan/genres_original/rock/rock.00001.wav,rock.00001,/Users/ashfaquesami/425_project/data/clips_10s/rock_001_1.wav,10.0,20.0,10.0,1,1,,pending,train
rock_001_2,rock,9,/Users/ashfaquesami/425_project/data/raw_gtzan/genres_original/rock/rock.00001.wav,rock.00001,/Users/ashfaquesami/425_project/data/clips_10s/rock_001_2.wav,20.0,30.0,10.0,2,1,,pending,train
rock_002_0,rock,9,/Users/ashfaquesami/425_project/data/raw_gtzan/genres_original/rock/rock.00002.wav,rock.00002,/Users/ashfaquesami/425_project/data/clips_10s/rock_002_0.wav,0.0,10.0,10.0,0,2,,pending,train
rock_002_1,rock,9,/Users/ashfaquesami/425_project/data/raw_gtzan/genres_original/rock/rock.00002.wav,rock.00002,/Users/ashfaquesami/425_project/data/clips_10s/rock_002_1.wav,10.0,20.0,10.0,1,2,,pending,train
rock_002_2,rock,9,/Users/ashfaquesami/425_project/data/raw_gtzan/genres_original/rock/rock.00002.wav,rock.00002,/Users/ashfaquesami/425_project/data/clips_10s/rock_002_2.wav,20.0,30.0,10.0,2,2,,pending,train
rock_003_0,rock,9,/Users/ashfaquesami/425_project/data/raw_gtzan/genres_original/rock/rock.00003.wav,rock.00003,/Users/ashfaquesami/425_project/data/clips_10s/rock_003_0.wav,0.0,10.0,10.0,0,3,,pending,train
rock_003_1,rock,9,/Users/ashfaquesami/425_project/data/raw_gtzan/genres_original/rock/rock.00003.wav,rock.00003,/Users/ashfaquesami/425_project/data/clips_10s/rock_003_1.wav,10.0,20.0,10.0,1,3,,pending,train
rock_003_2,rock,9,/Users/ashfaquesami/425_project/data/raw_gtzan/genres_original/rock/rock.00003.wav,rock.00003,/Users/ashfaquesami/425_project/data/clips_10s/rock_003_2.wav,20.0,30.0,10.0,2,3,,pending,train
rock_004_0,rock,9,/Users/ashfaquesami/425_project/data/raw_gtzan/genres_original/rock/rock.00004.wav,rock.00004,/Users/ashfaquesami/425_project/data/clips_10s/rock_004_0.wav,0.0,10.0,10.0,0,4,,pending,train
rock_004_1,rock,9,/Users/ashfaquesami/425_project/data/raw_gtzan/genres_original/rock/rock.00004.wav,rock.00004,/Users/ashfaquesami/425_project/data/clips_10s/rock_004_1.wav,10.0,20.0,10.0,1,4,,pending,train
rock_004_2,rock,9,/Users/ashfaquesami/425_project/data/raw_gtzan/genres_original/rock/rock.00004.wav,rock.00004,/Users/ashfaquesami/425_project/data/clips_10s/rock_004_2.wav,20.0,30.0,10.0,2,4,,pending,train
rock_005_0,rock,9,/Users/ashfaquesami/425_project/data/raw_gtzan/genres_original/rock/rock.00005.wav,rock.00005,/Users/ashfaquesami/425_project/data/clips_10s/rock_005_0.wav,0.0,10.0,10.0,0,5,,pending,train
rock_005_1,rock,9,/Users/ashfaquesami/425_project/data/raw_gtzan/genres_original/rock/rock.00005.wav,rock.00005,/Users/ashfaquesami/425_project/data/clips_10s/rock_005_1.wav,10.0,20.0,10.0,1,5,,pending,train
rock_005_2,rock,9,/Users/ashfaquesami/425_project/data/raw_gtzan/genres_original/rock/rock.00005.wav,rock.00005,/Users/ashfaquesami/425_project/data/clips_10s/rock_005_2.wav,20.0,30.0,10.0,2,5,,pending,train
rock_006_0,rock,9,/Users/ashfaquesami/425_project/data/raw_gtzan/genres_original/rock/rock.00006.wav,rock.00006,/Users/ashfaquesami/425_project/data/clips_10s/rock_006_0.wav,0.0,10.0,10.0,0,6,,pending,train
rock_006_1,rock,9,/Users/ashfaquesami/425_project/data/raw_gtzan/genres_original/rock/rock.00006.wav,rock.00006,/Users/ashfaquesami/425_project/data/clips_10s/rock_006_1.wav,10.0,20.0,10.0,1,6,,pending,train
rock_006_2,rock,9,/Users/ashfaquesami/425_project/data/raw_gtzan/genres_original/rock/rock.00006.wav,rock.00006,/Users/ashfaquesami/425_project/data/clips_10s/rock_006_2.wav,20.0,30.0,10.0,2,6,,pending,train
rock_007_0,rock,9,/Users/ashfaquesami/425_project/data/raw_gtzan/genres_original/rock/rock.00007.wav,rock.00007,/Users/ashfaquesami/425_project/data/clips_10s/rock_007_0.wav,0.0,10.0,10.0,0,7,,pending,train
rock_007_1,rock,9,/Users/ashfaquesami/425_project/data/raw_gtzan/genres_original/rock/rock.00007.wav,rock.00007,/Users/ashfaquesami/425_project/data/clips_10s/rock_007_1.wav,10.0,20.0,10.0,1,7,,pending,train
rock_007_2,rock,9,/Users/ashfaquesami/425_project/data/raw_gtzan/genres_original/rock/rock.00007.wav,rock.00007,/Users/ashfaquesami/425_project/data/clips_10s/rock_007_2.wav,20.0,30.0,10.0,2,7,,pending,train
rock_008_0,rock,9,/Users/ashfaquesami/425_project/data/raw_gtzan/genres_original/rock/rock.00008.wav,rock.00008,/Users/ashfaquesami/425_project/data/clips_10s/rock_008_0.wav,0.0,10.0,10.0,0,8,,pending,train
rock_008_1,rock,9,/Users/ashfaquesami/425_project/data/raw_gtzan/genres_original/rock/rock.00008.wav,rock.00008,/Users/ashfaquesami/425_project/data/clips_10s/rock_008_1.wav,10.0,20.0,10.0,1,8,,pending,train
rock_008_2,rock,9,/Users/ashfaquesami/425_project/data/raw_gtzan/genres_original/rock/rock.00008.wav,rock.00008,/Users/ashfaquesami/425_project/data/clips_10s/rock_008_2.wav,20.0,30.0,10.0,2,8,,pending,train
rock_009_0,rock,9,/Users/ashfaquesami/425_project/data/raw_gtzan/genres_original/rock/rock.00009.wav,rock.00009,/Users/ashfaquesami/425_project/data/clips_10s/rock_009_0.wav,0.0,10.0,10.0,0,9,,pending,train
rock_009_1,rock,9,/Users/ashfaquesami/425_project/data/raw_gtzan/genres_original/rock/rock.00009.wav,rock.00009,/Users/ashfaquesami/425_project/data/clips_10s/rock_009_1.wav,10.0,20.0,10.0,1,9,,pending,train
rock_009_2,rock,9,/Users/ashfaquesami/425_project/data/raw_gtzan/genres_original/rock/rock.00009.wav,rock.00009,/Users/ashfaquesami/425_project/data/clips_10s/rock_009_2.wav,20.0,30.0,10.0,2,9,,pending,train
rock_010_0,rock,9,/Users/ashfaquesami/425_project/data/raw_gtzan/genres_original/rock/rock.00010.wav,rock.00010,/Users/ashfaquesami/425_project/data/clips_10s/rock_010_0.wav,0.0,10.0,10.0,0,10,,pending,train
rock_010_1,rock,9,/Users/ashfaquesami/425_project/data/raw_gtzan/genres_original/rock/rock.00010.wav,rock.00010,/Users/ashfaquesami/425_project/data/clips_10s/rock_010_1.wav,10.0,20.0,10.0,1,10,,pending,train
rock_010_2,rock,9,/Users/ashfaquesami/425_project/data/raw_gtzan/genres_original/rock/rock.00010.wav,rock.00010,/Users/ashfaquesami/425_project/data/clips_10s/rock_010_2.wav,20.0,30.0,10.0,2,10,,pending,train
rock_011_0,rock,9,/Users/ashfaquesami/425_project/data/raw_gtzan/genres_original/rock/rock.00011.wav,rock.00011,/Users/ashfaquesami/425_project/data/clips_10s/rock_011_0.wav,0.0,10.0,10.0,0,11,,pending,train
rock_011_1,rock,9,/Users/ashfaquesami/425_project/data/raw_gtzan/genres_original/rock/rock.00011.wav,rock.00011,/Users/ashfaquesami/425_project/data/clips_10s/rock_011_1.wav,10.0,20.0,10.0,1,11,,pending,train
rock_011_2,rock,9,/Users/ashfaquesami/425_project/data/raw_gtzan/genres_original/rock/rock.00011.wav,rock.00011,/Users/ashfaquesami/425_project/data/clips_10s/rock_011_2.wav,20.0,30.0,10.0,2,11,,pending,train
rock_012_0,rock,9,/Users/ashfaquesami/425_project/data/raw_gtzan/genres_original/rock/rock.00012.wav,rock.00012,/Users/ashfaquesami/425_project/data/clips_10s/rock_012_0.wav,0.0,10.0,10.0,0,12,,pending,train
rock_012_1,rock,9,/Users/ashfaquesami/425_project/data/raw_gtzan/genres_original/rock/rock.00012.wav,rock.00012,/Users/ashfaquesami/425_project/data/clips_10s/rock_012_1.wav,10.0,20.0,10.0,1,12,,pending,train
rock_012_2,rock,9,/Users/ashfaquesami/425_project/data/raw_gtzan/genres_original/rock/rock.00012.wav,rock.00012,/Users/ashfaquesami/425_project/data/clips_10s/rock_012_2.wav,20.0,30.0,10.0,2,12,,pending,train
rock_013_0,rock,9,/Users/ashfaquesami/425_project/data/raw_gtzan/genres_original/rock/rock.00013.wav,rock.00013,/Users/ashfaquesami/425_project/data/clips_10s/rock_013_0.wav,0.0,10.0,10.0,0,13,,pending,train
rock_013_1,rock,9,/Users/ashfaquesami/425_project/data/raw_gtzan/genres_original/rock/rock.00013.wav,rock.00013,/Users/ashfaquesami/425_project/data/clips_10s/rock_013_1.wav,10.0,20.0,10.0,1,13,,pending,train
rock_013_2,rock,9,/Users/ashfaquesami/425_project/data/raw_gtzan/genres_original/rock/rock.00013.wav,rock.00013,/Users/ashfaquesami/425_project/data/clips_10s/rock_013_2.wav,20.0,30.0,10.0,2,13,,pending,train
rock_014_0,rock,9,/Users/ashfaquesami/425_project/data/raw_gtzan/genres_original/rock/rock.00014.wav,rock.00014,/Users/ashfaquesami/425_project/data/clips_10s/rock_014_0.wav,0.0,10.0,10.0,0,14,,pending,train
rock_014_1,rock,9,/Users/ashfaquesami/425_project/data/raw_gtzan/genres_original/rock/rock.00014.wav,rock.00014,/Users/ashfaquesami/425_project/data/clips_10s/rock_014_1.wav,10.0,20.0,10.0,1,14,,pending,train
rock_014_2,rock,9,/Users/ashfaquesami/425_project/data/raw_gtzan/genres_original/rock/rock.00014.wav,rock.00014,/Users/ashfaquesami/425_project/data/clips_10s/rock_014_2.wav,20.0,30.0,10.0,2,14,,pending,train
rock_015_0,rock,9,/Users/ashfaquesami/425_project/data/raw_gtzan/genres_original/rock/rock.00015.wav,rock.00015,/Users/ashfaquesami/425_project/data/clips_10s/rock_015_0.wav,0.0,10.0,10.0,0,15,,pending,train
rock_015_1,rock,9,/Users/ashfaquesami/425_project/data/raw_gtzan/genres_original/rock/rock.00015.wav,rock.00015,/Users/ashfaquesami/425_project/data/clips_10s/rock_015_1.wav,10.0,20.0,10.0,1,15,,pending,train
rock_015_2,rock,9,/Users/ashfaquesami/425_project/data/raw_gtzan/genres_original/rock/rock.00015.wav,rock.00015,/Users/ashfaquesami/425_project/data/clips_10s/rock_015_2.wav,20.0,30.0,10.0,2,15,,pending,train
rock_016_0,rock,9,/Users/ashfaquesami/425_project/data/raw_gtzan/genres_original/rock/rock.00016.wav,rock.00016,/Users/ashfaquesami/425_project/data/clips_10s/rock_016_0.wav,0.0,10.0,10.0,0,16,,pending,train
rock_016_1,rock,9,/Users/ashfaquesami/425_project/data/raw_gtzan/genres_original/rock/rock.00016.wav,rock.00016,/Users/ashfaquesami/425_project/data/clips_10s/rock_016_1.wav,10.0,20.0,10.0,1,16,,pending,train
rock_016_2,rock,9,/Users/ashfaquesami/425_project/data/raw_gtzan/genres_original/rock/rock.00016.wav,rock.00016,/Users/ashfaquesami/425_project/data/clips_10s/rock_016_2.wav,20.0,30.0,10.0,2,16,,pending,train
rock_017_0,rock,9,/Users/ashfaquesami/425_project/data/raw_gtzan/genres_original/rock/rock.00017.wav,rock.00017,/Users/ashfaquesami/425_project/data/clips_10s/rock_017_0.wav,0.0,10.0,10.0,0,17,,pending,train
rock_017_1,rock,9,/Users/ashfaquesami/425_project/data/raw_gtzan/genres_original/rock/rock.00017.wav,rock.00017,/Users/ashfaquesami/425_project/data/clips_10s/rock_017_1.wav,10.0,20.0,10.0,1,17,,pending,train
rock_017_2,rock,9,/Users/ashfaquesami/425_project/data/raw_gtzan/genres_original/rock/rock.00017.wav,rock.00017,/Users/ashfaquesami/425_project/data/clips_10s/rock_017_2.wav,20.0,30.0,10.0,2,17,,pending,train
rock_018_0,rock,9,/Users/ashfaquesami/425_project/data/raw_gtzan/genres_original/rock/rock.00018.wav,rock.00018,/Users/ashfaquesami/425_project/data/clips_10s/rock_018_0.wav,0.0,10.0,10.0,0,18,,pending,train
rock_018_1,rock,9,/Users/ashfaquesami/425_project/data/raw_gtzan/genres_original/rock/rock.00018.wav,rock.00018,/Users/ashfaquesami/425_project/data/clips_10s/rock_018_1.wav,10.0,20.0,10.0,1,18,,pending,train
rock_018_2,rock,9,/Users/ashfaquesami/425_project/data/raw_gtzan/genres_original/rock/rock.00018.wav,rock.00018,/Users/ashfaquesami/425_project/data/clips_10s/rock_018_2.wav,20.0,30.0,10.0,2,18,,pending,train
rock_019_0,rock,9,/Users/ashfaquesami/425_project/data/raw_gtzan/genres_original/rock/rock.00019.wav,rock.00019,/Users/ashfaquesami/425_project/data/clips_10s/rock_019_0.wav,0.0,10.0,10.0,0,19,,pending,train
rock_019_1,rock,9,/Users/ashfaquesami/425_project/data/raw_gtzan/genres_original/rock/rock.00019.wav,rock.00019,/Users/ashfaquesami/425_project/data/clips_10s/rock_019_1.wav,10.0,20.0,10.0,1,19,,pending,train
rock_019_2,rock,9,/Users/ashfaquesami/425_project/data/raw_gtzan/genres_original/rock/rock.00019.wav,rock.00019,/Users/ashfaquesami/425_project/data/clips_10s/rock_019_2.wav,20.0,30.0,10.0,2,19,,pending,train
rock_020_0,rock,9,/Users/ashfaquesami/425_project/data/raw_gtzan/genres_original/rock/rock.00020.wav,rock.00020,/Users/ashfaquesami/425_project/data/clips_10s/rock_020_0.wav,0.0,10.0,10.0,0,20,,pending,train
rock_020_1,rock,9,/Users/ashfaquesami/425_project/data/raw_gtzan/genres_original/rock/rock.00020.wav,rock.00020,/Users/ashfaquesami/425_project/data/clips_10s/rock_020_1.wav,10.0,20.0,10.0,1,20,,pending,train
rock_020_2,rock,9,/Users/ashfaquesami/425_project/data/raw_gtzan/genres_original/rock/rock.00020.wav,rock.00020,/Users/ashfaquesami/425_project/data/clips_10s/rock_020_2.wav,20.0,30.0,10.0,2,20,,pending,train
rock_021_0,rock,9,/Users/ashfaquesami/425_project/data/raw_gtzan/genres_original/rock/rock.00021.wav,rock.00021,/Users/ashfaquesami/425_project/data/clips_10s/rock_021_0.wav,0.0,10.0,10.0,0,21,,pending,train
rock_021_1,rock,9,/Users/ashfaquesami/425_project/data/raw_gtzan/genres_original/rock/rock.00021.wav,rock.00021,/Users/ashfaquesami/425_project/data/clips_10s/rock_021_1.wav,10.0,20.0,10.0,1,21,,pending,train
rock_021_2,rock,9,/Users/ashfaquesami/425_project/data/raw_gtzan/genres_original/rock/rock.00021.wav,rock.00021,/Users/ashfaquesami/425_project/data/clips_10s/rock_021_2.wav,20.0,30.0,10.0,2,21,,pending,train
rock_022_0,rock,9,/Users/ashfaquesami/425_project/data/raw_gtzan/genres_original/rock/rock.00022.wav,rock.00022,/Users/ashfaquesami/425_project/data/clips_10s/rock_022_0.wav,0.0,10.0,10.0,0,22,,pending,train
rock_022_1,rock,9,/Users/ashfaquesami/425_project/data/raw_gtzan/genres_original/rock/rock.00022.wav,rock.00022,/Users/ashfaquesami/425_project/data/clips_10s/rock_022_1.wav,10.0,20.0,10.0,1,22,,pending,train
rock_022_2,rock,9,/Users/ashfaquesami/425_project/data/raw_gtzan/genres_original/rock/rock.00022.wav,rock.00022,/Users/ashfaquesami/425_project/data/clips_10s/rock_022_2.wav,20.0,30.0,10.0,2,22,,pending,train
rock_023_0,rock,9,/Users/ashfaquesami/425_project/data/raw_gtzan/genres_original/rock/rock.00023.wav,rock.00023,/Users/ashfaquesami/425_project/data/clips_10s/rock_023_0.wav,0.0,10.0,10.0,0,23,,pending,train
rock_023_1,rock,9,/Users/ashfaquesami/425_project/data/raw_gtzan/genres_original/rock/rock.00023.wav,rock.00023,/Users/ashfaquesami/425_project/data/clips_10s/rock_023_1.wav,10.0,20.0,10.0,1,23,,pending,train
rock_023_2,rock,9,/Users/ashfaquesami/425_project/data/raw_gtzan/genres_original/rock/rock.00023.wav,rock.00023,/Users/ashfaquesami/425_project/data/clips_10s/rock_023_2.wav,20.0,30.0,10.0,2,23,,pending,train
rock_024_0,rock,9,/Users/ashfaquesami/425_project/data/raw_gtzan/genres_original/rock/rock.00024.wav,rock.00024,/Users/ashfaquesami/425_project/data/clips_10s/rock_024_0.wav,0.0,10.0,10.0,0,24,,pending,train
rock_024_1,rock,9,/Users/ashfaquesami/425_project/data/raw_gtzan/genres_original/rock/rock.00024.wav,rock.00024,/Users/ashfaquesami/425_project/data/clips_10s/rock_024_1.wav,10.0,20.0,10.0,1,24,,pending,train
rock_024_2,rock,9,/Users/ashfaquesami/425_project/data/raw_gtzan/genres_original/rock/rock.00024.wav,rock.00024,/Users/ashfaquesami/425_project/data/clips_10s/rock_024_2.wav,20.0,30.0,10.0,2,24,,pending,train
rock_025_0,rock,9,/Users/ashfaquesami/425_project/data/raw_gtzan/genres_original/rock/rock.00025.wav,rock.00025,/Users/ashfaquesami/425_project/data/clips_10s/rock_025_0.wav,0.0,10.0,10.0,0,25,,pending,train
rock_025_1,rock,9,/Users/ashfaquesami/425_project/data/raw_gtzan/genres_original/rock/rock.00025.wav,rock.00025,/Users/ashfaquesami/425_project/data/clips_10s/rock_025_1.wav,10.0,20.0,10.0,1,25,,pending,train
rock_025_2,rock,9,/Users/ashfaquesami/425_project/data/raw_gtzan/genres_original/rock/rock.00025.wav,rock.00025,/Users/ashfaquesami/425_project/data/clips_10s/rock_025_2.wav,20.0,30.0,10.0,2,25,,pending,train
rock_026_0,rock,9,/Users/ashfaquesami/425_project/data/raw_gtzan/genres_original/rock/rock.00026.wav,rock.00026,/Users/ashfaquesami/425_project/data/clips_10s/rock_026_0.wav,0.0,10.0,10.0,0,26,,pending,train
rock_026_1,rock,9,/Users/ashfaquesami/425_project/data/raw_gtzan/genres_original/rock/rock.00026.wav,rock.00026,/Users/ashfaquesami/425_project/data/clips_10s/rock_026_1.wav,10.0,20.0,10.0,1,26,,pending,train
rock_026_2,rock,9,/Users/ashfaquesami/425_project/data/raw_gtzan/genres_original/rock/rock.00026.wav,rock.00026,/Users/ashfaquesami/425_project/data/clips_10s/rock_026_2.wav,20.0,30.0,10.0,2,26,,pending,train
rock_027_0,rock,9,/Users/ashfaquesami/425_project/data/raw_gtzan/genres_original/rock/rock.00027.wav,rock.00027,/Users/ashfaquesami/425_project/data/clips_10s/rock_027_0.wav,0.0,10.0,10.0,0,27,,pending,train
rock_027_1,rock,9,/Users/ashfaquesami/425_project/data/raw_gtzan/genres_original/rock/rock.00027.wav,rock.00027,/Users/ashfaquesami/425_project/data/clips_10s/rock_027_1.wav,10.0,20.0,10.0,1,27,,pending,train
rock_027_2,rock,9,/Users/ashfaquesami/425_project/data/raw_gtzan/genres_original/rock/rock.00027.wav,rock.00027,/Users/ashfaquesami/425_project/data/clips_10s/rock_027_2.wav,20.0,30.0,10.0,2,27,,pending,train
rock_028_0,rock,9,/Users/ashfaquesami/425_project/data/raw_gtzan/genres_original/rock/rock.00028.wav,rock.00028,/Users/ashfaquesami/425_project/data/clips_10s/rock_028_0.wav,0.0,10.0,10.0,0,28,,pending,train
rock_028_1,rock,9,/Users/ashfaquesami/425_project/data/raw_gtzan/genres_original/rock/rock.00028.wav,rock.00028,/Users/ashfaquesami/425_project/data/clips_10s/rock_028_1.wav,10.0,20.0,10.0,1,28,,pending,train
rock_028_2,rock,9,/Users/ashfaquesami/425_project/data/raw_gtzan/genres_original/rock/rock.00028.wav,rock.00028,/Users/ashfaquesami/425_project/data/clips_10s/rock_028_2.wav,20.0,30.0,10.0,2,28,,pending,train
rock_029_0,rock,9,/Users/ashfaquesami/425_project/data/raw_gtzan/genres_original/rock/rock.00029.wav,rock.00029,/Users/ashfaquesami/425_project/data/clips_10s/rock_029_0.wav,0.0,10.0,10.0,0,29,,pending,train
rock_029_1,rock,9,/Users/ashfaquesami/425_project/data/raw_gtzan/genres_original/rock/rock.00029.wav,rock.00029,/Users/ashfaquesami/425_project/data/clips_10s/rock_029_1.wav,10.0,20.0,10.0,1,29,,pending,train
rock_029_2,rock,9,/Users/ashfaquesami/425_project/data/raw_gtzan/genres_original/rock/rock.00029.wav,rock.00029,/Users/ashfaquesami/425_project/data/clips_10s/rock_029_2.wav,20.0,30.0,10.0,2,29,,pending,train
rock_030_0,rock,9,/Users/ashfaquesami/425_project/data/raw_gtzan/genres_original/rock/rock.00030.wav,rock.00030,/Users/ashfaquesami/425_project/data/clips_10s/rock_030_0.wav,0.0,10.0,10.0,0,30,,pending,train
rock_030_1,rock,9,/Users/ashfaquesami/425_project/data/raw_gtzan/genres_original/rock/rock.00030.wav,rock.00030,/Users/ashfaquesami/425_project/data/clips_10s/rock_030_1.wav,10.0,20.0,10.0,1,30,,pending,train
rock_030_2,rock,9,/Users/ashfaquesami/425_project/data/raw_gtzan/genres_original/rock/rock.00030.wav,rock.00030,/Users/ashfaquesami/425_project/data/clips_10s/rock_030_2.wav,20.0,30.0,10.0,2,30,,pending,train
rock_031_0,rock,9,/Users/ashfaquesami/425_project/data/raw_gtzan/genres_original/rock/rock.00031.wav,rock.00031,/Users/ashfaquesami/425_project/data/clips_10s/rock_031_0.wav,0.0,10.0,10.0,0,31,,pending,train
rock_031_1,rock,9,/Users/ashfaquesami/425_project/data/raw_gtzan/genres_original/rock/rock.00031.wav,rock.00031,/Users/ashfaquesami/425_project/data/clips_10s/rock_031_1.wav,10.0,20.0,10.0,1,31,,pending,train
rock_031_2,rock,9,/Users/ashfaquesami/425_project/data/raw_gtzan/genres_original/rock/rock.00031.wav,rock.00031,/Users/ashfaquesami/425_project/data/clips_10s/rock_031_2.wav,20.0,30.0,10.0,2,31,,pending,train
rock_032_0,rock,9,/Users/ashfaquesami/425_project/data/raw_gtzan/genres_original/rock/rock.00032.wav,rock.00032,/Users/ashfaquesami/425_project/data/clips_10s/rock_032_0.wav,0.0,10.0,10.0,0,32,,pending,train
rock_032_1,rock,9,/Users/ashfaquesami/425_project/data/raw_gtzan/genres_original/rock/rock.00032.wav,rock.00032,/Users/ashfaquesami/425_project/data/clips_10s/rock_032_1.wav,10.0,20.0,10.0,1,32,,pending,train
rock_032_2,rock,9,/Users/ashfaquesami/425_project/data/raw_gtzan/genres_original/rock/rock.00032.wav,rock.00032,/Users/ashfaquesami/425_project/data/clips_10s/rock_032_2.wav,20.0,30.0,10.0,2,32,,pending,train
rock_033_0,rock,9,/Users/ashfaquesami/425_project/data/raw_gtzan/genres_original/rock/rock.00033.wav,rock.00033,/Users/ashfaquesami/425_project/data/clips_10s/rock_033_0.wav,0.0,10.0,10.0,0,33,,pending,train
rock_033_1,rock,9,/Users/ashfaquesami/425_project/data/raw_gtzan/genres_original/rock/rock.00033.wav,rock.00033,/Users/ashfaquesami/425_project/data/clips_10s/rock_033_1.wav,10.0,20.0,10.0,1,33,,pending,train
rock_033_2,rock,9,/Users/ashfaquesami/425_project/data/raw_gtzan/genres_original/rock/rock.00033.wav,rock.00033,/Users/ashfaquesami/425_project/data/clips_10s/rock_033_2.wav,20.0,30.0,10.0,2,33,,pending,train
rock_034_0,rock,9,/Users/ashfaquesami/425_project/data/raw_gtzan/genres_original/rock/rock.00034.wav,rock.00034,/Users/ashfaquesami/425_project/data/clips_10s/rock_034_0.wav,0.0,10.0,10.0,0,34,,pending,train
rock_034_1,rock,9,/Users/ashfaquesami/425_project/data/raw_gtzan/genres_original/rock/rock.00034.wav,rock.00034,/Users/ashfaquesami/425_project/data/clips_10s/rock_034_1.wav,10.0,20.0,10.0,1,34,,pending,train
rock_034_2,rock,9,/Users/ashfaquesami/425_project/data/raw_gtzan/genres_original/rock/rock.00034.wav,rock.00034,/Users/ashfaquesami/425_project/data/clips_10s/rock_034_2.wav,20.0,30.0,10.0,2,34,,pending,train
rock_035_0,rock,9,/Users/ashfaquesami/425_project/data/raw_gtzan/genres_original/rock/rock.00035.wav,rock.00035,/Users/ashfaquesami/425_project/data/clips_10s/rock_035_0.wav,0.0,10.0,10.0,0,35,,pending,train
rock_035_1,rock,9,/Users/ashfaquesami/425_project/data/raw_gtzan/genres_original/rock/rock.00035.wav,rock.00035,/Users/ashfaquesami/425_project/data/clips_10s/rock_035_1.wav,10.0,20.0,10.0,1,35,,pending,train
rock_035_2,rock,9,/Users/ashfaquesami/425_project/data/raw_gtzan/genres_original/rock/rock.00035.wav,rock.00035,/Users/ashfaquesami/425_project/data/clips_10s/rock_035_2.wav,20.0,30.0,10.0,2,35,,pending,train
rock_036_0,rock,9,/Users/ashfaquesami/425_project/data/raw_gtzan/genres_original/rock/rock.00036.wav,rock.00036,/Users/ashfaquesami/425_project/data/clips_10s/rock_036_0.wav,0.0,10.0,10.0,0,36,,pending,train
rock_036_1,rock,9,/Users/ashfaquesami/425_project/data/raw_gtzan/genres_original/rock/rock.00036.wav,rock.00036,/Users/ashfaquesami/425_project/data/clips_10s/rock_036_1.wav,10.0,20.0,10.0,1,36,,pending,train
rock_036_2,rock,9,/Users/ashfaquesami/425_project/data/raw_gtzan/genres_original/rock/rock.00036.wav,rock.00036,/Users/ashfaquesami/425_project/data/clips_10s/rock_036_2.wav,20.0,30.0,10.0,2,36,,pending,train
rock_037_0,rock,9,/Users/ashfaquesami/425_project/data/raw_gtzan/genres_original/rock/rock.00037.wav,rock.00037,/Users/ashfaquesami/425_project/data/clips_10s/rock_037_0.wav,0.0,10.0,10.0,0,37,,pending,test
rock_037_1,rock,9,/Users/ashfaquesami/425_project/data/raw_gtzan/genres_original/rock/rock.00037.wav,rock.00037,/Users/ashfaquesami/425_project/data/clips_10s/rock_037_1.wav,10.0,20.0,10.0,1,37,,pending,test
rock_037_2,rock,9,/Users/ashfaquesami/425_project/data/raw_gtzan/genres_original/rock/rock.00037.wav,rock.00037,/Users/ashfaquesami/425_project/data/clips_10s/rock_037_2.wav,20.0,30.0,10.0,2,37,,pending,test
rock_038_0,rock,9,/Users/ashfaquesami/425_project/data/raw_gtzan/genres_original/rock/rock.00038.wav,rock.00038,/Users/ashfaquesami/425_project/data/clips_10s/rock_038_0.wav,0.0,10.0,10.0,0,38,,pending,train
rock_038_1,rock,9,/Users/ashfaquesami/425_project/data/raw_gtzan/genres_original/rock/rock.00038.wav,rock.00038,/Users/ashfaquesami/425_project/data/clips_10s/rock_038_1.wav,10.0,20.0,10.0,1,38,,pending,train
rock_038_2,rock,9,/Users/ashfaquesami/425_project/data/raw_gtzan/genres_original/rock/rock.00038.wav,rock.00038,/Users/ashfaquesami/425_project/data/clips_10s/rock_038_2.wav,20.0,30.0,10.0,2,38,,pending,train
rock_039_0,rock,9,/Users/ashfaquesami/425_project/data/raw_gtzan/genres_original/rock/rock.00039.wav,rock.00039,/Users/ashfaquesami/425_project/data/clips_10s/rock_039_0.wav,0.0,10.0,10.0,0,39,,pending,train
rock_039_1,rock,9,/Users/ashfaquesami/425_project/data/raw_gtzan/genres_original/rock/rock.00039.wav,rock.00039,/Users/ashfaquesami/425_project/data/clips_10s/rock_039_1.wav,10.0,20.0,10.0,1,39,,pending,train
rock_039_2,rock,9,/Users/ashfaquesami/425_project/data/raw_gtzan/genres_original/rock/rock.00039.wav,rock.00039,/Users/ashfaquesami/425_project/data/clips_10s/rock_039_2.wav,20.0,30.0,10.0,2,39,,pending,train
rock_040_0,rock,9,/Users/ashfaquesami/425_project/data/raw_gtzan/genres_original/rock/rock.00040.wav,rock.00040,/Users/ashfaquesami/425_project/data/clips_10s/rock_040_0.wav,0.0,10.0,10.0,0,40,,pending,train
rock_040_1,rock,9,/Users/ashfaquesami/425_project/data/raw_gtzan/genres_original/rock/rock.00040.wav,rock.00040,/Users/ashfaquesami/425_project/data/clips_10s/rock_040_1.wav,10.0,20.0,10.0,1,40,,pending,train
rock_040_2,rock,9,/Users/ashfaquesami/425_project/data/raw_gtzan/genres_original/rock/rock.00040.wav,rock.00040,/Users/ashfaquesami/425_project/data/clips_10s/rock_040_2.wav,20.0,30.0,10.0,2,40,,pending,train
rock_041_0,rock,9,/Users/ashfaquesami/425_project/data/raw_gtzan/genres_original/rock/rock.00041.wav,rock.00041,/Users/ashfaquesami/425_project/data/clips_10s/rock_041_0.wav,0.0,10.0,10.0,0,41,,pending,train
rock_041_1,rock,9,/Users/ashfaquesami/425_project/data/raw_gtzan/genres_original/rock/rock.00041.wav,rock.00041,/Users/ashfaquesami/425_project/data/clips_10s/rock_041_1.wav,10.0,20.0,10.0,1,41,,pending,train
rock_041_2,rock,9,/Users/ashfaquesami/425_project/data/raw_gtzan/genres_original/rock/rock.00041.wav,rock.00041,/Users/ashfaquesami/425_project/data/clips_10s/rock_041_2.wav,20.0,30.0,10.0,2,41,,pending,train
rock_042_0,rock,9,/Users/ashfaquesami/425_project/data/raw_gtzan/genres_original/rock/rock.00042.wav,rock.00042,/Users/ashfaquesami/425_project/data/clips_10s/rock_042_0.wav,0.0,10.0,10.0,0,42,,pending,train
rock_042_1,rock,9,/Users/ashfaquesami/425_project/data/raw_gtzan/genres_original/rock/rock.00042.wav,rock.00042,/Users/ashfaquesami/425_project/data/clips_10s/rock_042_1.wav,10.0,20.0,10.0,1,42,,pending,train
rock_042_2,rock,9,/Users/ashfaquesami/425_project/data/raw_gtzan/genres_original/rock/rock.00042.wav,rock.00042,/Users/ashfaquesami/425_project/data/clips_10s/rock_042_2.wav,20.0,30.0,10.0,2,42,,pending,train
rock_043_0,rock,9,/Users/ashfaquesami/425_project/data/raw_gtzan/genres_original/rock/rock.00043.wav,rock.00043,/Users/ashfaquesami/425_project/data/clips_10s/rock_043_0.wav,0.0,10.0,10.0,0,43,,pending,train
rock_043_1,rock,9,/Users/ashfaquesami/425_project/data/raw_gtzan/genres_original/rock/rock.00043.wav,rock.00043,/Users/ashfaquesami/425_project/data/clips_10s/rock_043_1.wav,10.0,20.0,10.0,1,43,,pending,train
rock_043_2,rock,9,/Users/ashfaquesami/425_project/data/raw_gtzan/genres_original/rock/rock.00043.wav,rock.00043,/Users/ashfaquesami/425_project/data/clips_10s/rock_043_2.wav,20.0,30.0,10.0,2,43,,pending,train
rock_044_0,rock,9,/Users/ashfaquesami/425_project/data/raw_gtzan/genres_original/rock/rock.00044.wav,rock.00044,/Users/ashfaquesami/425_project/data/clips_10s/rock_044_0.wav,0.0,10.0,10.0,0,44,,pending,val
rock_044_1,rock,9,/Users/ashfaquesami/425_project/data/raw_gtzan/genres_original/rock/rock.00044.wav,rock.00044,/Users/ashfaquesami/425_project/data/clips_10s/rock_044_1.wav,10.0,20.0,10.0,1,44,,pending,val
rock_044_2,rock,9,/Users/ashfaquesami/425_project/data/raw_gtzan/genres_original/rock/rock.00044.wav,rock.00044,/Users/ashfaquesami/425_project/data/clips_10s/rock_044_2.wav,20.0,30.0,10.0,2,44,,pending,val
rock_045_0,rock,9,/Users/ashfaquesami/425_project/data/raw_gtzan/genres_original/rock/rock.00045.wav,rock.00045,/Users/ashfaquesami/425_project/data/clips_10s/rock_045_0.wav,0.0,10.0,10.0,0,45,,pending,train
rock_045_1,rock,9,/Users/ashfaquesami/425_project/data/raw_gtzan/genres_original/rock/rock.00045.wav,rock.00045,/Users/ashfaquesami/425_project/data/clips_10s/rock_045_1.wav,10.0,20.0,10.0,1,45,,pending,train
rock_045_2,rock,9,/Users/ashfaquesami/425_project/data/raw_gtzan/genres_original/rock/rock.00045.wav,rock.00045,/Users/ashfaquesami/425_project/data/clips_10s/rock_045_2.wav,20.0,30.0,10.0,2,45,,pending,train
rock_046_0,rock,9,/Users/ashfaquesami/425_project/data/raw_gtzan/genres_original/rock/rock.00046.wav,rock.00046,/Users/ashfaquesami/425_project/data/clips_10s/rock_046_0.wav,0.0,10.0,10.0,0,46,,pending,train
rock_046_1,rock,9,/Users/ashfaquesami/425_project/data/raw_gtzan/genres_original/rock/rock.00046.wav,rock.00046,/Users/ashfaquesami/425_project/data/clips_10s/rock_046_1.wav,10.0,20.0,10.0,1,46,,pending,train
rock_046_2,rock,9,/Users/ashfaquesami/425_project/data/raw_gtzan/genres_original/rock/rock.00046.wav,rock.00046,/Users/ashfaquesami/425_project/data/clips_10s/rock_046_2.wav,20.0,30.0,10.0,2,46,,pending,train
rock_047_0,rock,9,/Users/ashfaquesami/425_project/data/raw_gtzan/genres_original/rock/rock.00047.wav,rock.00047,/Users/ashfaquesami/425_project/data/clips_10s/rock_047_0.wav,0.0,10.0,10.0,0,47,,pending,train
rock_047_1,rock,9,/Users/ashfaquesami/425_project/data/raw_gtzan/genres_original/rock/rock.00047.wav,rock.00047,/Users/ashfaquesami/425_project/data/clips_10s/rock_047_1.wav,10.0,20.0,10.0,1,47,,pending,train
rock_047_2,rock,9,/Users/ashfaquesami/425_project/data/raw_gtzan/genres_original/rock/rock.00047.wav,rock.00047,/Users/ashfaquesami/425_project/data/clips_10s/rock_047_2.wav,20.0,30.0,10.0,2,47,,pending,train
rock_048_0,rock,9,/Users/ashfaquesami/425_project/data/raw_gtzan/genres_original/rock/rock.00048.wav,rock.00048,/Users/ashfaquesami/425_project/data/clips_10s/rock_048_0.wav,0.0,10.0,10.0,0,48,,pending,train
rock_048_1,rock,9,/Users/ashfaquesami/425_project/data/raw_gtzan/genres_original/rock/rock.00048.wav,rock.00048,/Users/ashfaquesami/425_project/data/clips_10s/rock_048_1.wav,10.0,20.0,10.0,1,48,,pending,train
rock_048_2,rock,9,/Users/ashfaquesami/425_project/data/raw_gtzan/genres_original/rock/rock.00048.wav,rock.00048,/Users/ashfaquesami/425_project/data/clips_10s/rock_048_2.wav,20.0,30.0,10.0,2,48,,pending,train
rock_049_0,rock,9,/Users/ashfaquesami/425_project/data/raw_gtzan/genres_original/rock/rock.00049.wav,rock.00049,/Users/ashfaquesami/425_project/data/clips_10s/rock_049_0.wav,0.0,10.0,10.0,0,49,,pending,train
rock_049_1,rock,9,/Users/ashfaquesami/425_project/data/raw_gtzan/genres_original/rock/rock.00049.wav,rock.00049,/Users/ashfaquesami/425_project/data/clips_10s/rock_049_1.wav,10.0,20.0,10.0,1,49,,pending,train
rock_049_2,rock,9,/Users/ashfaquesami/425_project/data/raw_gtzan/genres_original/rock/rock.00049.wav,rock.00049,/Users/ashfaquesami/425_project/data/clips_10s/rock_049_2.wav,20.0,30.0,10.0,2,49,,pending,train
rock_050_0,rock,9,/Users/ashfaquesami/425_project/data/raw_gtzan/genres_original/rock/rock.00050.wav,rock.00050,/Users/ashfaquesami/425_project/data/clips_10s/rock_050_0.wav,0.0,10.0,10.0,0,50,,pending,train
rock_050_1,rock,9,/Users/ashfaquesami/425_project/data/raw_gtzan/genres_original/rock/rock.00050.wav,rock.00050,/Users/ashfaquesami/425_project/data/clips_10s/rock_050_1.wav,10.0,20.0,10.0,1,50,,pending,train
rock_050_2,rock,9,/Users/ashfaquesami/425_project/data/raw_gtzan/genres_original/rock/rock.00050.wav,rock.00050,/Users/ashfaquesami/425_project/data/clips_10s/rock_050_2.wav,20.0,30.0,10.0,2,50,,pending,train
rock_051_0,rock,9,/Users/ashfaquesami/425_project/data/raw_gtzan/genres_original/rock/rock.00051.wav,rock.00051,/Users/ashfaquesami/425_project/data/clips_10s/rock_051_0.wav,0.0,10.0,10.0,0,51,,pending,train
rock_051_1,rock,9,/Users/ashfaquesami/425_project/data/raw_gtzan/genres_original/rock/rock.00051.wav,rock.00051,/Users/ashfaquesami/425_project/data/clips_10s/rock_051_1.wav,10.0,20.0,10.0,1,51,,pending,train
rock_051_2,rock,9,/Users/ashfaquesami/425_project/data/raw_gtzan/genres_original/rock/rock.00051.wav,rock.00051,/Users/ashfaquesami/425_project/data/clips_10s/rock_051_2.wav,20.0,30.0,10.0,2,51,,pending,train
rock_052_0,rock,9,/Users/ashfaquesami/425_project/data/raw_gtzan/genres_original/rock/rock.00052.wav,rock.00052,/Users/ashfaquesami/425_project/data/clips_10s/rock_052_0.wav,0.0,10.0,10.0,0,52,,pending,train
rock_052_1,rock,9,/Users/ashfaquesami/425_project/data/raw_gtzan/genres_original/rock/rock.00052.wav,rock.00052,/Users/ashfaquesami/425_project/data/clips_10s/rock_052_1.wav,10.0,20.0,10.0,1,52,,pending,train
rock_052_2,rock,9,/Users/ashfaquesami/425_project/data/raw_gtzan/genres_original/rock/rock.00052.wav,rock.00052,/Users/ashfaquesami/425_project/data/clips_10s/rock_052_2.wav,20.0,30.0,10.0,2,52,,pending,train
rock_053_0,rock,9,/Users/ashfaquesami/425_project/data/raw_gtzan/genres_original/rock/rock.00053.wav,rock.00053,/Users/ashfaquesami/425_project/data/clips_10s/rock_053_0.wav,0.0,10.0,10.0,0,53,,pending,train
rock_053_1,rock,9,/Users/ashfaquesami/425_project/data/raw_gtzan/genres_original/rock/rock.00053.wav,rock.00053,/Users/ashfaquesami/425_project/data/clips_10s/rock_053_1.wav,10.0,20.0,10.0,1,53,,pending,train
rock_053_2,rock,9,/Users/ashfaquesami/425_project/data/raw_gtzan/genres_original/rock/rock.00053.wav,rock.00053,/Users/ashfaquesami/425_project/data/clips_10s/rock_053_2.wav,20.0,30.0,10.0,2,53,,pending,train
rock_054_0,rock,9,/Users/ashfaquesami/425_project/data/raw_gtzan/genres_original/rock/rock.00054.wav,rock.00054,/Users/ashfaquesami/425_project/data/clips_10s/rock_054_0.wav,0.0,10.0,10.0,0,54,,pending,train
rock_054_1,rock,9,/Users/ashfaquesami/425_project/data/raw_gtzan/genres_original/rock/rock.00054.wav,rock.00054,/Users/ashfaquesami/425_project/data/clips_10s/rock_054_1.wav,10.0,20.0,10.0,1,54,,pending,train
rock_054_2,rock,9,/Users/ashfaquesami/425_project/data/raw_gtzan/genres_original/rock/rock.00054.wav,rock.00054,/Users/ashfaquesami/425_project/data/clips_10s/rock_054_2.wav,20.0,30.0,10.0,2,54,,pending,train
rock_055_0,rock,9,/Users/ashfaquesami/425_project/data/raw_gtzan/genres_original/rock/rock.00055.wav,rock.00055,/Users/ashfaquesami/425_project/data/clips_10s/rock_055_0.wav,0.0,10.0,10.0,0,55,,pending,train
rock_055_1,rock,9,/Users/ashfaquesami/425_project/data/raw_gtzan/genres_original/rock/rock.00055.wav,rock.00055,/Users/ashfaquesami/425_project/data/clips_10s/rock_055_1.wav,10.0,20.0,10.0,1,55,,pending,train
rock_055_2,rock,9,/Users/ashfaquesami/425_project/data/raw_gtzan/genres_original/rock/rock.00055.wav,rock.00055,/Users/ashfaquesami/425_project/data/clips_10s/rock_055_2.wav,20.0,30.0,10.0,2,55,,pending,train
rock_056_0,rock,9,/Users/ashfaquesami/425_project/data/raw_gtzan/genres_original/rock/rock.00056.wav,rock.00056,/Users/ashfaquesami/425_project/data/clips_10s/rock_056_0.wav,0.0,10.0,10.0,0,56,,pending,test
rock_056_1,rock,9,/Users/ashfaquesami/425_project/data/raw_gtzan/genres_original/rock/rock.00056.wav,rock.00056,/Users/ashfaquesami/425_project/data/clips_10s/rock_056_1.wav,10.0,20.0,10.0,1,56,,pending,test
rock_056_2,rock,9,/Users/ashfaquesami/425_project/data/raw_gtzan/genres_original/rock/rock.00056.wav,rock.00056,/Users/ashfaquesami/425_project/data/clips_10s/rock_056_2.wav,20.0,30.0,10.0,2,56,,pending,test
rock_057_0,rock,9,/Users/ashfaquesami/425_project/data/raw_gtzan/genres_original/rock/rock.00057.wav,rock.00057,/Users/ashfaquesami/425_project/data/clips_10s/rock_057_0.wav,0.0,10.0,10.0,0,57,,pending,val
rock_057_1,rock,9,/Users/ashfaquesami/425_project/data/raw_gtzan/genres_original/rock/rock.00057.wav,rock.00057,/Users/ashfaquesami/425_project/data/clips_10s/rock_057_1.wav,10.0,20.0,10.0,1,57,,pending,val
rock_057_2,rock,9,/Users/ashfaquesami/425_project/data/raw_gtzan/genres_original/rock/rock.00057.wav,rock.00057,/Users/ashfaquesami/425_project/data/clips_10s/rock_057_2.wav,20.0,30.0,10.0,2,57,,pending,val
rock_058_0,rock,9,/Users/ashfaquesami/425_project/data/raw_gtzan/genres_original/rock/rock.00058.wav,rock.00058,/Users/ashfaquesami/425_project/data/clips_10s/rock_058_0.wav,0.0,10.0,10.0,0,58,,pending,train
rock_058_1,rock,9,/Users/ashfaquesami/425_project/data/raw_gtzan/genres_original/rock/rock.00058.wav,rock.00058,/Users/ashfaquesami/425_project/data/clips_10s/rock_058_1.wav,10.0,20.0,10.0,1,58,,pending,train
rock_058_2,rock,9,/Users/ashfaquesami/425_project/data/raw_gtzan/genres_original/rock/rock.00058.wav,rock.00058,/Users/ashfaquesami/425_project/data/clips_10s/rock_058_2.wav,20.0,30.0,10.0,2,58,,pending,train
rock_059_0,rock,9,/Users/ashfaquesami/425_project/data/raw_gtzan/genres_original/rock/rock.00059.wav,rock.00059,/Users/ashfaquesami/425_project/data/clips_10s/rock_059_0.wav,0.0,10.0,10.0,0,59,,pending,train
rock_059_1,rock,9,/Users/ashfaquesami/425_project/data/raw_gtzan/genres_original/rock/rock.00059.wav,rock.00059,/Users/ashfaquesami/425_project/data/clips_10s/rock_059_1.wav,10.0,20.0,10.0,1,59,,pending,train
rock_059_2,rock,9,/Users/ashfaquesami/425_project/data/raw_gtzan/genres_original/rock/rock.00059.wav,rock.00059,/Users/ashfaquesami/425_project/data/clips_10s/rock_059_2.wav,20.0,30.0,10.0,2,59,,pending,train
rock_060_0,rock,9,/Users/ashfaquesami/425_project/data/raw_gtzan/genres_original/rock/rock.00060.wav,rock.00060,/Users/ashfaquesami/425_project/data/clips_10s/rock_060_0.wav,0.0,10.0,10.0,0,60,,pending,train
rock_060_1,rock,9,/Users/ashfaquesami/425_project/data/raw_gtzan/genres_original/rock/rock.00060.wav,rock.00060,/Users/ashfaquesami/425_project/data/clips_10s/rock_060_1.wav,10.0,20.0,10.0,1,60,,pending,train
rock_060_2,rock,9,/Users/ashfaquesami/425_project/data/raw_gtzan/genres_original/rock/rock.00060.wav,rock.00060,/Users/ashfaquesami/425_project/data/clips_10s/rock_060_2.wav,20.0,30.0,10.0,2,60,,pending,train
rock_061_0,rock,9,/Users/ashfaquesami/425_project/data/raw_gtzan/genres_original/rock/rock.00061.wav,rock.00061,/Users/ashfaquesami/425_project/data/clips_10s/rock_061_0.wav,0.0,10.0,10.0,0,61,,pending,train
rock_061_1,rock,9,/Users/ashfaquesami/425_project/data/raw_gtzan/genres_original/rock/rock.00061.wav,rock.00061,/Users/ashfaquesami/425_project/data/clips_10s/rock_061_1.wav,10.0,20.0,10.0,1,61,,pending,train
rock_061_2,rock,9,/Users/ashfaquesami/425_project/data/raw_gtzan/genres_original/rock/rock.00061.wav,rock.00061,/Users/ashfaquesami/425_project/data/clips_10s/rock_061_2.wav,20.0,30.0,10.0,2,61,,pending,train
rock_062_0,rock,9,/Users/ashfaquesami/425_project/data/raw_gtzan/genres_original/rock/rock.00062.wav,rock.00062,/Users/ashfaquesami/425_project/data/clips_10s/rock_062_0.wav,0.0,10.0,10.0,0,62,,pending,val
rock_062_1,rock,9,/Users/ashfaquesami/425_project/data/raw_gtzan/genres_original/rock/rock.00062.wav,rock.00062,/Users/ashfaquesami/425_project/data/clips_10s/rock_062_1.wav,10.0,20.0,10.0,1,62,,pending,val
rock_062_2,rock,9,/Users/ashfaquesami/425_project/data/raw_gtzan/genres_original/rock/rock.00062.wav,rock.00062,/Users/ashfaquesami/425_project/data/clips_10s/rock_062_2.wav,20.0,30.0,10.0,2,62,,pending,val
rock_063_0,rock,9,/Users/ashfaquesami/425_project/data/raw_gtzan/genres_original/rock/rock.00063.wav,rock.00063,/Users/ashfaquesami/425_project/data/clips_10s/rock_063_0.wav,0.0,10.0,10.0,0,63,,pending,train
rock_063_1,rock,9,/Users/ashfaquesami/425_project/data/raw_gtzan/genres_original/rock/rock.00063.wav,rock.00063,/Users/ashfaquesami/425_project/data/clips_10s/rock_063_1.wav,10.0,20.0,10.0,1,63,,pending,train
rock_063_2,rock,9,/Users/ashfaquesami/425_project/data/raw_gtzan/genres_original/rock/rock.00063.wav,rock.00063,/Users/ashfaquesami/425_project/data/clips_10s/rock_063_2.wav,20.0,30.0,10.0,2,63,,pending,train
rock_064_0,rock,9,/Users/ashfaquesami/425_project/data/raw_gtzan/genres_original/rock/rock.00064.wav,rock.00064,/Users/ashfaquesami/425_project/data/clips_10s/rock_064_0.wav,0.0,10.0,10.0,0,64,,pending,train
rock_064_1,rock,9,/Users/ashfaquesami/425_project/data/raw_gtzan/genres_original/rock/rock.00064.wav,rock.00064,/Users/ashfaquesami/425_project/data/clips_10s/rock_064_1.wav,10.0,20.0,10.0,1,64,,pending,train
rock_064_2,rock,9,/Users/ashfaquesami/425_project/data/raw_gtzan/genres_original/rock/rock.00064.wav,rock.00064,/Users/ashfaquesami/425_project/data/clips_10s/rock_064_2.wav,20.0,30.0,10.0,2,64,,pending,train
rock_065_0,rock,9,/Users/ashfaquesami/425_project/data/raw_gtzan/genres_original/rock/rock.00065.wav,rock.00065,/Users/ashfaquesami/425_project/data/clips_10s/rock_065_0.wav,0.0,10.0,10.0,0,65,,pending,train
rock_065_1,rock,9,/Users/ashfaquesami/425_project/data/raw_gtzan/genres_original/rock/rock.00065.wav,rock.00065,/Users/ashfaquesami/425_project/data/clips_10s/rock_065_1.wav,10.0,20.0,10.0,1,65,,pending,train
rock_065_2,rock,9,/Users/ashfaquesami/425_project/data/raw_gtzan/genres_original/rock/rock.00065.wav,rock.00065,/Users/ashfaquesami/425_project/data/clips_10s/rock_065_2.wav,20.0,30.0,10.0,2,65,,pending,train
rock_066_0,rock,9,/Users/ashfaquesami/425_project/data/raw_gtzan/genres_original/rock/rock.00066.wav,rock.00066,/Users/ashfaquesami/425_project/data/clips_10s/rock_066_0.wav,0.0,10.0,10.0,0,66,,pending,train
rock_066_1,rock,9,/Users/ashfaquesami/425_project/data/raw_gtzan/genres_original/rock/rock.00066.wav,rock.00066,/Users/ashfaquesami/425_project/data/clips_10s/rock_066_1.wav,10.0,20.0,10.0,1,66,,pending,train
rock_066_2,rock,9,/Users/ashfaquesami/425_project/data/raw_gtzan/genres_original/rock/rock.00066.wav,rock.00066,/Users/ashfaquesami/425_project/data/clips_10s/rock_066_2.wav,20.0,30.0,10.0,2,66,,pending,train
rock_067_0,rock,9,/Users/ashfaquesami/425_project/data/raw_gtzan/genres_original/rock/rock.00067.wav,rock.00067,/Users/ashfaquesami/425_project/data/clips_10s/rock_067_0.wav,0.0,10.0,10.0,0,67,,pending,train
rock_067_1,rock,9,/Users/ashfaquesami/425_project/data/raw_gtzan/genres_original/rock/rock.00067.wav,rock.00067,/Users/ashfaquesami/425_project/data/clips_10s/rock_067_1.wav,10.0,20.0,10.0,1,67,,pending,train
rock_067_2,rock,9,/Users/ashfaquesami/425_project/data/raw_gtzan/genres_original/rock/rock.00067.wav,rock.00067,/Users/ashfaquesami/425_project/data/clips_10s/rock_067_2.wav,20.0,30.0,10.0,2,67,,pending,train
rock_068_0,rock,9,/Users/ashfaquesami/425_project/data/raw_gtzan/genres_original/rock/rock.00068.wav,rock.00068,/Users/ashfaquesami/425_project/data/clips_10s/rock_068_0.wav,0.0,10.0,10.0,0,68,,pending,train
rock_068_1,rock,9,/Users/ashfaquesami/425_project/data/raw_gtzan/genres_original/rock/rock.00068.wav,rock.00068,/Users/ashfaquesami/425_project/data/clips_10s/rock_068_1.wav,10.0,20.0,10.0,1,68,,pending,train
rock_068_2,rock,9,/Users/ashfaquesami/425_project/data/raw_gtzan/genres_original/rock/rock.00068.wav,rock.00068,/Users/ashfaquesami/425_project/data/clips_10s/rock_068_2.wav,20.0,30.0,10.0,2,68,,pending,train
rock_069_0,rock,9,/Users/ashfaquesami/425_project/data/raw_gtzan/genres_original/rock/rock.00069.wav,rock.00069,/Users/ashfaquesami/425_project/data/clips_10s/rock_069_0.wav,0.0,10.0,10.0,0,69,,pending,train
rock_069_1,rock,9,/Users/ashfaquesami/425_project/data/raw_gtzan/genres_original/rock/rock.00069.wav,rock.00069,/Users/ashfaquesami/425_project/data/clips_10s/rock_069_1.wav,10.0,20.0,10.0,1,69,,pending,train
rock_069_2,rock,9,/Users/ashfaquesami/425_project/data/raw_gtzan/genres_original/rock/rock.00069.wav,rock.00069,/Users/ashfaquesami/425_project/data/clips_10s/rock_069_2.wav,20.0,30.0,10.0,2,69,,pending,train
rock_070_0,rock,9,/Users/ashfaquesami/425_project/data/raw_gtzan/genres_original/rock/rock.00070.wav,rock.00070,/Users/ashfaquesami/425_project/data/clips_10s/rock_070_0.wav,0.0,10.0,10.0,0,70,,pending,train
rock_070_1,rock,9,/Users/ashfaquesami/425_project/data/raw_gtzan/genres_original/rock/rock.00070.wav,rock.00070,/Users/ashfaquesami/425_project/data/clips_10s/rock_070_1.wav,10.0,20.0,10.0,1,70,,pending,train
rock_070_2,rock,9,/Users/ashfaquesami/425_project/data/raw_gtzan/genres_original/rock/rock.00070.wav,rock.00070,/Users/ashfaquesami/425_project/data/clips_10s/rock_070_2.wav,20.0,30.0,10.0,2,70,,pending,train
rock_071_0,rock,9,/Users/ashfaquesami/425_project/data/raw_gtzan/genres_original/rock/rock.00071.wav,rock.00071,/Users/ashfaquesami/425_project/data/clips_10s/rock_071_0.wav,0.0,10.0,10.0,0,71,,pending,train
rock_071_1,rock,9,/Users/ashfaquesami/425_project/data/raw_gtzan/genres_original/rock/rock.00071.wav,rock.00071,/Users/ashfaquesami/425_project/data/clips_10s/rock_071_1.wav,10.0,20.0,10.0,1,71,,pending,train
rock_071_2,rock,9,/Users/ashfaquesami/425_project/data/raw_gtzan/genres_original/rock/rock.00071.wav,rock.00071,/Users/ashfaquesami/425_project/data/clips_10s/rock_071_2.wav,20.0,30.0,10.0,2,71,,pending,train
rock_072_0,rock,9,/Users/ashfaquesami/425_project/data/raw_gtzan/genres_original/rock/rock.00072.wav,rock.00072,/Users/ashfaquesami/425_project/data/clips_10s/rock_072_0.wav,0.0,10.0,10.0,0,72,,pending,train
rock_072_1,rock,9,/Users/ashfaquesami/425_project/data/raw_gtzan/genres_original/rock/rock.00072.wav,rock.00072,/Users/ashfaquesami/425_project/data/clips_10s/rock_072_1.wav,10.0,20.0,10.0,1,72,,pending,train
rock_072_2,rock,9,/Users/ashfaquesami/425_project/data/raw_gtzan/genres_original/rock/rock.00072.wav,rock.00072,/Users/ashfaquesami/425_project/data/clips_10s/rock_072_2.wav,20.0,30.0,10.0,2,72,,pending,train
rock_073_0,rock,9,/Users/ashfaquesami/425_project/data/raw_gtzan/genres_original/rock/rock.00073.wav,rock.00073,/Users/ashfaquesami/425_project/data/clips_10s/rock_073_0.wav,0.0,10.0,10.0,0,73,,pending,train
rock_073_1,rock,9,/Users/ashfaquesami/425_project/data/raw_gtzan/genres_original/rock/rock.00073.wav,rock.00073,/Users/ashfaquesami/425_project/data/clips_10s/rock_073_1.wav,10.0,20.0,10.0,1,73,,pending,train
rock_073_2,rock,9,/Users/ashfaquesami/425_project/data/raw_gtzan/genres_original/rock/rock.00073.wav,rock.00073,/Users/ashfaquesami/425_project/data/clips_10s/rock_073_2.wav,20.0,30.0,10.0,2,73,,pending,train
rock_074_0,rock,9,/Users/ashfaquesami/425_project/data/raw_gtzan/genres_original/rock/rock.00074.wav,rock.00074,/Users/ashfaquesami/425_project/data/clips_10s/rock_074_0.wav,0.0,10.0,10.0,0,74,,pending,train
rock_074_1,rock,9,/Users/ashfaquesami/425_project/data/raw_gtzan/genres_original/rock/rock.00074.wav,rock.00074,/Users/ashfaquesami/425_project/data/clips_10s/rock_074_1.wav,10.0,20.0,10.0,1,74,,pending,train
rock_074_2,rock,9,/Users/ashfaquesami/425_project/data/raw_gtzan/genres_original/rock/rock.00074.wav,rock.00074,/Users/ashfaquesami/425_project/data/clips_10s/rock_074_2.wav,20.0,30.0,10.0,2,74,,pending,train
rock_075_0,rock,9,/Users/ashfaquesami/425_project/data/raw_gtzan/genres_original/rock/rock.00075.wav,rock.00075,/Users/ashfaquesami/425_project/data/clips_10s/rock_075_0.wav,0.0,10.0,10.0,0,75,,pending,train
rock_075_1,rock,9,/Users/ashfaquesami/425_project/data/raw_gtzan/genres_original/rock/rock.00075.wav,rock.00075,/Users/ashfaquesami/425_project/data/clips_10s/rock_075_1.wav,10.0,20.0,10.0,1,75,,pending,train
rock_075_2,rock,9,/Users/ashfaquesami/425_project/data/raw_gtzan/genres_original/rock/rock.00075.wav,rock.00075,/Users/ashfaquesami/425_project/data/clips_10s/rock_075_2.wav,20.0,30.0,10.0,2,75,,pending,train
rock_076_0,rock,9,/Users/ashfaquesami/425_project/data/raw_gtzan/genres_original/rock/rock.00076.wav,rock.00076,/Users/ashfaquesami/425_project/data/clips_10s/rock_076_0.wav,0.0,10.0,10.0,0,76,,pending,val
rock_076_1,rock,9,/Users/ashfaquesami/425_project/data/raw_gtzan/genres_original/rock/rock.00076.wav,rock.00076,/Users/ashfaquesami/425_project/data/clips_10s/rock_076_1.wav,10.0,20.0,10.0,1,76,,pending,val
rock_076_2,rock,9,/Users/ashfaquesami/425_project/data/raw_gtzan/genres_original/rock/rock.00076.wav,rock.00076,/Users/ashfaquesami/425_project/data/clips_10s/rock_076_2.wav,20.0,30.0,10.0,2,76,,pending,val
rock_077_0,rock,9,/Users/ashfaquesami/425_project/data/raw_gtzan/genres_original/rock/rock.00077.wav,rock.00077,/Users/ashfaquesami/425_project/data/clips_10s/rock_077_0.wav,0.0,10.0,10.0,0,77,,pending,train
rock_077_1,rock,9,/Users/ashfaquesami/425_project/data/raw_gtzan/genres_original/rock/rock.00077.wav,rock.00077,/Users/ashfaquesami/425_project/data/clips_10s/rock_077_1.wav,10.0,20.0,10.0,1,77,,pending,train
rock_077_2,rock,9,/Users/ashfaquesami/425_project/data/raw_gtzan/genres_original/rock/rock.00077.wav,rock.00077,/Users/ashfaquesami/425_project/data/clips_10s/rock_077_2.wav,20.0,30.0,10.0,2,77,,pending,train
rock_078_0,rock,9,/Users/ashfaquesami/425_project/data/raw_gtzan/genres_original/rock/rock.00078.wav,rock.00078,/Users/ashfaquesami/425_project/data/clips_10s/rock_078_0.wav,0.0,10.0,10.0,0,78,,pending,train
rock_078_1,rock,9,/Users/ashfaquesami/425_project/data/raw_gtzan/genres_original/rock/rock.00078.wav,rock.00078,/Users/ashfaquesami/425_project/data/clips_10s/rock_078_1.wav,10.0,20.0,10.0,1,78,,pending,train
rock_078_2,rock,9,/Users/ashfaquesami/425_project/data/raw_gtzan/genres_original/rock/rock.00078.wav,rock.00078,/Users/ashfaquesami/425_project/data/clips_10s/rock_078_2.wav,20.0,30.0,10.0,2,78,,pending,train
rock_079_0,rock,9,/Users/ashfaquesami/425_project/data/raw_gtzan/genres_original/rock/rock.00079.wav,rock.00079,/Users/ashfaquesami/425_project/data/clips_10s/rock_079_0.wav,0.0,10.0,10.0,0,79,,pending,train
rock_079_1,rock,9,/Users/ashfaquesami/425_project/data/raw_gtzan/genres_original/rock/rock.00079.wav,rock.00079,/Users/ashfaquesami/425_project/data/clips_10s/rock_079_1.wav,10.0,20.0,10.0,1,79,,pending,train
rock_079_2,rock,9,/Users/ashfaquesami/425_project/data/raw_gtzan/genres_original/rock/rock.00079.wav,rock.00079,/Users/ashfaquesami/425_project/data/clips_10s/rock_079_2.wav,20.0,30.0,10.0,2,79,,pending,train
rock_080_0,rock,9,/Users/ashfaquesami/425_project/data/raw_gtzan/genres_original/rock/rock.00080.wav,rock.00080,/Users/ashfaquesami/425_project/data/clips_10s/rock_080_0.wav,0.0,10.0,10.0,0,80,,pending,test
rock_080_1,rock,9,/Users/ashfaquesami/425_project/data/raw_gtzan/genres_original/rock/rock.00080.wav,rock.00080,/Users/ashfaquesami/425_project/data/clips_10s/rock_080_1.wav,10.0,20.0,10.0,1,80,,pending,test
rock_080_2,rock,9,/Users/ashfaquesami/425_project/data/raw_gtzan/genres_original/rock/rock.00080.wav,rock.00080,/Users/ashfaquesami/425_project/data/clips_10s/rock_080_2.wav,20.0,30.0,10.0,2,80,,pending,test
rock_081_0,rock,9,/Users/ashfaquesami/425_project/data/raw_gtzan/genres_original/rock/rock.00081.wav,rock.00081,/Users/ashfaquesami/425_project/data/clips_10s/rock_081_0.wav,0.0,10.0,10.0,0,81,,pending,train
rock_081_1,rock,9,/Users/ashfaquesami/425_project/data/raw_gtzan/genres_original/rock/rock.00081.wav,rock.00081,/Users/ashfaquesami/425_project/data/clips_10s/rock_081_1.wav,10.0,20.0,10.0,1,81,,pending,train
rock_081_2,rock,9,/Users/ashfaquesami/425_project/data/raw_gtzan/genres_original/rock/rock.00081.wav,rock.00081,/Users/ashfaquesami/425_project/data/clips_10s/rock_081_2.wav,20.0,30.0,10.0,2,81,,pending,train
rock_082_0,rock,9,/Users/ashfaquesami/425_project/data/raw_gtzan/genres_original/rock/rock.00082.wav,rock.00082,/Users/ashfaquesami/425_project/data/clips_10s/rock_082_0.wav,0.0,10.0,10.0,0,82,,pending,test
rock_082_1,rock,9,/Users/ashfaquesami/425_project/data/raw_gtzan/genres_original/rock/rock.00082.wav,rock.00082,/Users/ashfaquesami/425_project/data/clips_10s/rock_082_1.wav,10.0,20.0,10.0,1,82,,pending,test
rock_082_2,rock,9,/Users/ashfaquesami/425_project/data/raw_gtzan/genres_original/rock/rock.00082.wav,rock.00082,/Users/ashfaquesami/425_project/data/clips_10s/rock_082_2.wav,20.0,30.0,10.0,2,82,,pending,test
rock_083_0,rock,9,/Users/ashfaquesami/425_project/data/raw_gtzan/genres_original/rock/rock.00083.wav,rock.00083,/Users/ashfaquesami/425_project/data/clips_10s/rock_083_0.wav,0.0,10.0,10.0,0,83,,pending,train
rock_083_1,rock,9,/Users/ashfaquesami/425_project/data/raw_gtzan/genres_original/rock/rock.00083.wav,rock.00083,/Users/ashfaquesami/425_project/data/clips_10s/rock_083_1.wav,10.0,20.0,10.0,1,83,,pending,train
rock_083_2,rock,9,/Users/ashfaquesami/425_project/data/raw_gtzan/genres_original/rock/rock.00083.wav,rock.00083,/Users/ashfaquesami/425_project/data/clips_10s/rock_083_2.wav,20.0,30.0,10.0,2,83,,pending,train
rock_084_0,rock,9,/Users/ashfaquesami/425_project/data/raw_gtzan/genres_original/rock/rock.00084.wav,rock.00084,/Users/ashfaquesami/425_project/data/clips_10s/rock_084_0.wav,0.0,10.0,10.0,0,84,,pending,train
rock_084_1,rock,9,/Users/ashfaquesami/425_project/data/raw_gtzan/genres_original/rock/rock.00084.wav,rock.00084,/Users/ashfaquesami/425_project/data/clips_10s/rock_084_1.wav,10.0,20.0,10.0,1,84,,pending,train
rock_084_2,rock,9,/Users/ashfaquesami/425_project/data/raw_gtzan/genres_original/rock/rock.00084.wav,rock.00084,/Users/ashfaquesami/425_project/data/clips_10s/rock_084_2.wav,20.0,30.0,10.0,2,84,,pending,train
rock_085_0,rock,9,/Users/ashfaquesami/425_project/data/raw_gtzan/genres_original/rock/rock.00085.wav,rock.00085,/Users/ashfaquesami/425_project/data/clips_10s/rock_085_0.wav,0.0,10.0,10.0,0,85,,pending,train
rock_085_1,rock,9,/Users/ashfaquesami/425_project/data/raw_gtzan/genres_original/rock/rock.00085.wav,rock.00085,/Users/ashfaquesami/425_project/data/clips_10s/rock_085_1.wav,10.0,20.0,10.0,1,85,,pending,train
rock_085_2,rock,9,/Users/ashfaquesami/425_project/data/raw_gtzan/genres_original/rock/rock.00085.wav,rock.00085,/Users/ashfaquesami/425_project/data/clips_10s/rock_085_2.wav,20.0,30.0,10.0,2,85,,pending,train
rock_086_0,rock,9,/Users/ashfaquesami/425_project/data/raw_gtzan/genres_original/rock/rock.00086.wav,rock.00086,/Users/ashfaquesami/425_project/data/clips_10s/rock_086_0.wav,0.0,10.0,10.0,0,86,,pending,train
rock_086_1,rock,9,/Users/ashfaquesami/425_project/data/raw_gtzan/genres_original/rock/rock.00086.wav,rock.00086,/Users/ashfaquesami/425_project/data/clips_10s/rock_086_1.wav,10.0,20.0,10.0,1,86,,pending,train
rock_086_2,rock,9,/Users/ashfaquesami/425_project/data/raw_gtzan/genres_original/rock/rock.00086.wav,rock.00086,/Users/ashfaquesami/425_project/data/clips_10s/rock_086_2.wav,20.0,30.0,10.0,2,86,,pending,train
rock_087_0,rock,9,/Users/ashfaquesami/425_project/data/raw_gtzan/genres_original/rock/rock.00087.wav,rock.00087,/Users/ashfaquesami/425_project/data/clips_10s/rock_087_0.wav,0.0,10.0,10.0,0,87,,pending,train
rock_087_1,rock,9,/Users/ashfaquesami/425_project/data/raw_gtzan/genres_original/rock/rock.00087.wav,rock.00087,/Users/ashfaquesami/425_project/data/clips_10s/rock_087_1.wav,10.0,20.0,10.0,1,87,,pending,train
rock_087_2,rock,9,/Users/ashfaquesami/425_project/data/raw_gtzan/genres_original/rock/rock.00087.wav,rock.00087,/Users/ashfaquesami/425_project/data/clips_10s/rock_087_2.wav,20.0,30.0,10.0,2,87,,pending,train
rock_088_0,rock,9,/Users/ashfaquesami/425_project/data/raw_gtzan/genres_original/rock/rock.00088.wav,rock.00088,/Users/ashfaquesami/425_project/data/clips_10s/rock_088_0.wav,0.0,10.0,10.0,0,88,,pending,train
rock_088_1,rock,9,/Users/ashfaquesami/425_project/data/raw_gtzan/genres_original/rock/rock.00088.wav,rock.00088,/Users/ashfaquesami/425_project/data/clips_10s/rock_088_1.wav,10.0,20.0,10.0,1,88,,pending,train
rock_088_2,rock,9,/Users/ashfaquesami/425_project/data/raw_gtzan/genres_original/rock/rock.00088.wav,rock.00088,/Users/ashfaquesami/425_project/data/clips_10s/rock_088_2.wav,20.0,30.0,10.0,2,88,,pending,train
rock_089_0,rock,9,/Users/ashfaquesami/425_project/data/raw_gtzan/genres_original/rock/rock.00089.wav,rock.00089,/Users/ashfaquesami/425_project/data/clips_10s/rock_089_0.wav,0.0,10.0,10.0,0,89,,pending,train
rock_089_1,rock,9,/Users/ashfaquesami/425_project/data/raw_gtzan/genres_original/rock/rock.00089.wav,rock.00089,/Users/ashfaquesami/425_project/data/clips_10s/rock_089_1.wav,10.0,20.0,10.0,1,89,,pending,train
rock_089_2,rock,9,/Users/ashfaquesami/425_project/data/raw_gtzan/genres_original/rock/rock.00089.wav,rock.00089,/Users/ashfaquesami/425_project/data/clips_10s/rock_089_2.wav,20.0,30.0,10.0,2,89,,pending,train
rock_090_0,rock,9,/Users/ashfaquesami/425_project/data/raw_gtzan/genres_original/rock/rock.00090.wav,rock.00090,/Users/ashfaquesami/425_project/data/clips_10s/rock_090_0.wav,0.0,10.0,10.0,0,90,,pending,train
rock_090_1,rock,9,/Users/ashfaquesami/425_project/data/raw_gtzan/genres_original/rock/rock.00090.wav,rock.00090,/Users/ashfaquesami/425_project/data/clips_10s/rock_090_1.wav,10.0,20.0,10.0,1,90,,pending,train
rock_090_2,rock,9,/Users/ashfaquesami/425_project/data/raw_gtzan/genres_original/rock/rock.00090.wav,rock.00090,/Users/ashfaquesami/425_project/data/clips_10s/rock_090_2.wav,20.0,30.0,10.0,2,90,,pending,train
rock_091_0,rock,9,/Users/ashfaquesami/425_project/data/raw_gtzan/genres_original/rock/rock.00091.wav,rock.00091,/Users/ashfaquesami/425_project/data/clips_10s/rock_091_0.wav,0.0,10.0,10.0,0,91,,pending,train
rock_091_1,rock,9,/Users/ashfaquesami/425_project/data/raw_gtzan/genres_original/rock/rock.00091.wav,rock.00091,/Users/ashfaquesami/425_project/data/clips_10s/rock_091_1.wav,10.0,20.0,10.0,1,91,,pending,train
rock_091_2,rock,9,/Users/ashfaquesami/425_project/data/raw_gtzan/genres_original/rock/rock.00091.wav,rock.00091,/Users/ashfaquesami/425_project/data/clips_10s/rock_091_2.wav,20.0,30.0,10.0,2,91,,pending,train
rock_092_0,rock,9,/Users/ashfaquesami/425_project/data/raw_gtzan/genres_original/rock/rock.00092.wav,rock.00092,/Users/ashfaquesami/425_project/data/clips_10s/rock_092_0.wav,0.0,10.0,10.0,0,92,,pending,test
rock_092_1,rock,9,/Users/ashfaquesami/425_project/data/raw_gtzan/genres_original/rock/rock.00092.wav,rock.00092,/Users/ashfaquesami/425_project/data/clips_10s/rock_092_1.wav,10.0,20.0,10.0,1,92,,pending,test
rock_092_2,rock,9,/Users/ashfaquesami/425_project/data/raw_gtzan/genres_original/rock/rock.00092.wav,rock.00092,/Users/ashfaquesami/425_project/data/clips_10s/rock_092_2.wav,20.0,30.0,10.0,2,92,,pending,test
rock_093_0,rock,9,/Users/ashfaquesami/425_project/data/raw_gtzan/genres_original/rock/rock.00093.wav,rock.00093,/Users/ashfaquesami/425_project/data/clips_10s/rock_093_0.wav,0.0,10.0,10.0,0,93,,pending,train
rock_093_1,rock,9,/Users/ashfaquesami/425_project/data/raw_gtzan/genres_original/rock/rock.00093.wav,rock.00093,/Users/ashfaquesami/425_project/data/clips_10s/rock_093_1.wav,10.0,20.0,10.0,1,93,,pending,train
rock_093_2,rock,9,/Users/ashfaquesami/425_project/data/raw_gtzan/genres_original/rock/rock.00093.wav,rock.00093,/Users/ashfaquesami/425_project/data/clips_10s/rock_093_2.wav,20.0,30.0,10.0,2,93,,pending,train
rock_094_0,rock,9,/Users/ashfaquesami/425_project/data/raw_gtzan/genres_original/rock/rock.00094.wav,rock.00094,/Users/ashfaquesami/425_project/data/clips_10s/rock_094_0.wav,0.0,10.0,10.0,0,94,,pending,train
rock_094_1,rock,9,/Users/ashfaquesami/425_project/data/raw_gtzan/genres_original/rock/rock.00094.wav,rock.00094,/Users/ashfaquesami/425_project/data/clips_10s/rock_094_1.wav,10.0,20.0,10.0,1,94,,pending,train
rock_094_2,rock,9,/Users/ashfaquesami/425_project/data/raw_gtzan/genres_original/rock/rock.00094.wav,rock.00094,/Users/ashfaquesami/425_project/data/clips_10s/rock_094_2.wav,20.0,30.0,10.0,2,94,,pending,train
rock_095_0,rock,9,/Users/ashfaquesami/425_project/data/raw_gtzan/genres_original/rock/rock.00095.wav,rock.00095,/Users/ashfaquesami/425_project/data/clips_10s/rock_095_0.wav,0.0,10.0,10.0,0,95,,pending,train
rock_095_1,rock,9,/Users/ashfaquesami/425_project/data/raw_gtzan/genres_original/rock/rock.00095.wav,rock.00095,/Users/ashfaquesami/425_project/data/clips_10s/rock_095_1.wav,10.0,20.0,10.0,1,95,,pending,train
rock_095_2,rock,9,/Users/ashfaquesami/425_project/data/raw_gtzan/genres_original/rock/rock.00095.wav,rock.00095,/Users/ashfaquesami/425_project/data/clips_10s/rock_095_2.wav,20.0,30.0,10.0,2,95,,pending,train
rock_096_0,rock,9,/Users/ashfaquesami/425_project/data/raw_gtzan/genres_original/rock/rock.00096.wav,rock.00096,/Users/ashfaquesami/425_project/data/clips_10s/rock_096_0.wav,0.0,10.0,10.0,0,96,,pending,test
rock_096_1,rock,9,/Users/ashfaquesami/425_project/data/raw_gtzan/genres_original/rock/rock.00096.wav,rock.00096,/Users/ashfaquesami/425_project/data/clips_10s/rock_096_1.wav,10.0,20.0,10.0,1,96,,pending,test
rock_096_2,rock,9,/Users/ashfaquesami/425_project/data/raw_gtzan/genres_original/rock/rock.00096.wav,rock.00096,/Users/ashfaquesami/425_project/data/clips_10s/rock_096_2.wav,20.0,30.0,10.0,2,96,,pending,test
rock_097_0,rock,9,/Users/ashfaquesami/425_project/data/raw_gtzan/genres_original/rock/rock.00097.wav,rock.00097,/Users/ashfaquesami/425_project/data/clips_10s/rock_097_0.wav,0.0,10.0,10.0,0,97,,pending,train
rock_097_1,rock,9,/Users/ashfaquesami/425_project/data/raw_gtzan/genres_original/rock/rock.00097.wav,rock.00097,/Users/ashfaquesami/425_project/data/clips_10s/rock_097_1.wav,10.0,20.0,10.0,1,97,,pending,train
rock_097_2,rock,9,/Users/ashfaquesami/425_project/data/raw_gtzan/genres_original/rock/rock.00097.wav,rock.00097,/Users/ashfaquesami/425_project/data/clips_10s/rock_097_2.wav,20.0,30.0,10.0,2,97,,pending,train
rock_098_0,rock,9,/Users/ashfaquesami/425_project/data/raw_gtzan/genres_original/rock/rock.00098.wav,rock.00098,/Users/ashfaquesami/425_project/data/clips_10s/rock_098_0.wav,0.0,10.0,10.0,0,98,,pending,train
rock_098_1,rock,9,/Users/ashfaquesami/425_project/data/raw_gtzan/genres_original/rock/rock.00098.wav,rock.00098,/Users/ashfaquesami/425_project/data/clips_10s/rock_098_1.wav,10.0,20.0,10.0,1,98,,pending,train
rock_098_2,rock,9,/Users/ashfaquesami/425_project/data/raw_gtzan/genres_original/rock/rock.00098.wav,rock.00098,/Users/ashfaquesami/425_project/data/clips_10s/rock_098_2.wav,20.0,30.0,10.0,2,98,,pending,train
rock_099_0,rock,9,/Users/ashfaquesami/425_project/data/raw_gtzan/genres_original/rock/rock.00099.wav,rock.00099,/Users/ashfaquesami/425_project/data/clips_10s/rock_099_0.wav,0.0,10.0,10.0,0,99,,pending,train
rock_099_1,rock,9,/Users/ashfaquesami/425_project/data/raw_gtzan/genres_original/rock/rock.00099.wav,rock.00099,/Users/ashfaquesami/425_project/data/clips_10s/rock_099_1.wav,10.0,20.0,10.0,1,99,,pending,train
rock_099_2,rock,9,/Users/ashfaquesami/425_project/data/raw_gtzan/genres_original/rock/rock.00099.wav,rock.00099,/Users/ashfaquesami/425_project/data/clips_10s/rock_099_2.wav,20.0,30.0,10.0,2,99,,pending,train
